record_id,asset_id,description,site_description,asset_type,asset_group,local_board,planning_area,replacement_value_nzd,criticality_score,coastal_current_eal_nzd,coastal_slr_1m_eal_nzd,liquefaction_overlap_matches,liquefaction_vulnerability,liquefaction_mapped,liquefaction_review_flag,liquefaction_unrecognised_category,coastal_current_exposed,coastal_slr_1m_exposed,screening_flag_count,screening_attention
park-1894,10472-B024-151,Central Toilet and Changing Room - Whlm,Maungatauhoro/Wenderholm Regional Park,Toilet/Changing,Building Level 3,Rodney,Rodney,800000.0,3,0.0,74588.0,1,Damage Possible,True,True,False,False,True,2,Dual-hazard review
park-1703,10530-B001-152,Changing room area,Grahams Beach Road Reserve,Changing Shed,Building Level 3,Franklin,Franklin,650000.0,2,5362.5,60602.75,1,Damage Possible,True,True,False,True,True,2,Dual-hazard review
park-378,21866-B001-152,Changing Room,St Heliers Bay Beach Reserve,Changing Shed,Building Level 3,Orakei,Orakei,650000.0,2,0.0,60602.75,1,Damage Possible,True,True,False,False,True,2,Dual-hazard review
park-792,20605-B001-100,Changing Room-(huia Domain) Bch Front,Huia Domain,Changing Shed,Building Level 3,Waitakere Ranges,Waitakere Ranges,650000.0,2,0.0,60602.75,1,Damage Possible,True,True,False,False,True,2,Dual-hazard review
park-87,10154-B002-152,Changing Rooms - Middle Of Domain,Selwyn Reserve - Mission Bay,Changing Shed,Building Level 3,Orakei,Orakei,650000.0,2,0.0,60602.75,1,Damage Possible,True,True,False,False,True,2,Dual-hazard review
park-129,10340-B001-151,Toilets - T30 (Onehunga Bay),Onehunga Bay Reserve,Public Toilet,Building Level 3,Maungakiekie-Tamaki,Maungakiekie-Tamaki,450000.0,3,41955.75,41955.75,1,Damage Possible,True,True,False,True,True,2,Dual-hazard review
park-133,10401-B001-151,Toilet - H20 (Thomas Bloodworth Park),Thomas Bloodworth Park,Public Toilet,Building Level 3,Orakei,Orakei,450000.0,3,0.0,41955.75,1,Damage Possible,True,True,False,False,True,2,Dual-hazard review
park-1832,10472-B025-151,Glamping Enviro Toilet,Maungatauhoro/Wenderholm Regional Park,Public Toilet,Building Level 3,Rodney,Rodney,450000.0,3,41955.75,41955.75,1,Damage Possible,True,True,False,True,True,2,Dual-hazard review
park-1903,33742-B001-103,Crusing Club Public Toilet,Westhaven Marina North,Public Toilet,Building Level 3,Waitemata,Waitemata,450000.0,3,0.0,41955.75,1,Damage Possible,True,True,False,False,True,2,Dual-hazard review
park-1908,33745-B002-100,Westhaven - (Z Pier)Toilets,Z Pier,Public Toilet,Building Level 3,Waitemata,Waitemata,450000.0,3,0.0,41955.75,1,Damage Possible,True,True,False,False,True,2,Dual-hazard review
park-1944,33743-B003-100,Westhaven - (J Pier) Toilets,Westhaven Marina West,Public Toilet,Building Level 3,Waitemata,Waitemata,450000.0,3,0.0,41955.75,1,Damage Possible,True,True,False,False,True,2,Dual-hazard review
park-1967,11323-B011-151,Toilet - By Playground,Kaipatiki Recreation Reserve,Public Toilet,Building Level 3,Rodney,Rodney,450000.0,3,16278.75,41955.75,1,Damage Possible,True,True,False,True,True,2,Dual-hazard review
park-199,10530-B001-151,Toilet- (Grahams Beach Reserve)- Shower,Grahams Beach Road Reserve,Public Toilet,Building Level 3,Franklin,Franklin,450000.0,3,3712.500000000001,41955.75,1,Damage Possible,True,True,False,True,True,2,Dual-hazard review
park-2005,11274-B032-151,New Toilet-Whangateau Holiday Park,"Whangateau Reserve, Holiday Park & Hall",Public Toilet,Building Level 3,Rodney,Rodney,450000.0,3,0.0,41955.75,1,Damage Possible,True,True,False,False,True,2,Dual-hazard review
park-2019,11274-B031-151,New Toilet-Whangateau Hall Grounds,"Whangateau Reserve, Holiday Park & Hall",Public Toilet,Building Level 3,Rodney,Rodney,450000.0,3,16278.75,41955.75,1,Damage Possible,True,True,False,True,True,2,Dual-hazard review
park-255,10782-B001-151,Eastern Beach Central Toilet (Novaloo),Eastern Beach Playground Park,Public Toilet,Building Level 3,Howick,Howick,450000.0,3,0.0,41955.75,1,Damage Possible,True,True,False,False,True,2,Dual-hazard review
park-259,10791-B003-151,Kawakawa Bay Central Toilet and Chng Blk,Rautawa Place Reserve,Public Toilet,Building Level 3,Franklin,Franklin,450000.0,3,0.0,41955.75,1,Damage Possible,True,True,False,False,True,2,Dual-hazard review
park-292,10480-B009-151,Vault Toilet 10 Behind Woolshed - Tawh,Tawharanui Regional Park,Public Toilet,Building Level 3,Rodney,Rodney,450000.0,3,16278.75,41955.75,1,Damage Possible,True,True,False,True,True,2,Dual-hazard review
park-296,11107-B001-151,Toilet (Little Shoal Bay Reserve),Little Shoal Bay Reserve/Dudding Park,Public Toilet,Building Level 3,Kaipatiki,Kaipatiki,450000.0,3,0.0,41955.75,1,Damage Possible,True,True,False,False,True,2,Dual-hazard review
park-336,11274-B022-100,Toilet-Whangateau Domain,"Whangateau Reserve, Holiday Park & Hall",Public Toilet,Building Level 3,Rodney,Rodney,450000.0,3,0.0,41955.75,1,Damage Possible,True,True,False,False,True,2,Dual-hazard review
park-337,11275-B003-151,Toilet-(Stanmore Bay Recre Res)(Park),Stanmore Bay Park,Public Toilet,Building Level 3,Hibiscus and Bays,Hibiscus and Bays,450000.0,3,0.0,41955.75,1,Damage Possible,True,True,False,False,True,2,Dual-hazard review
park-369,20660-B001-151,Toilet- (Glenbrook Beach Beachfront),Glenbrook Beach Beachfront,Public Toilet,Building Level 3,Franklin,Franklin,450000.0,3,0.0,41955.75,1,Damage Possible,True,True,False,False,True,2,Dual-hazard review
park-372,20935-B001-151,Toilet - Taumanu Reserve,Taumanu Reserve,Public Toilet,Building Level 3,Maungakiekie-Tamaki,Maungakiekie-Tamaki,450000.0,3,0.0,41955.75,1,Damage Possible,True,True,False,False,True,2,Dual-hazard review
park-377,21866-B001-151,Toilet-St Heliers Bay Beach Rserve (H41),St Heliers Bay Beach Reserve,Public Toilet,Building Level 3,Orakei,Orakei,450000.0,3,0.0,41955.75,1,Damage Possible,True,True,False,False,True,2,Dual-hazard review
park-381,21986-B002-151,Toilet-By carpark Sth end of The Parade,Eastern Beach Caravan Park,Public Toilet,Building Level 3,Howick,Howick,450000.0,3,0.0,41955.75,1,Damage Possible,True,True,False,False,True,2,Dual-hazard review
park-391,22420-B001-151,Toilet-(Dacre Historic & Esplanade Res),Dacre Historic & Esplanade Reserve,Public Toilet,Building Level 3,Hibiscus and Bays,Hibiscus and Bays,450000.0,3,0.0,41955.75,1,Damage Possible,True,True,False,False,True,2,Dual-hazard review
park-398,23310-B001-151,Toilet-Waterfront Rd Res-Coronation Rd,Waterfront Road Reserve,Public Toilet,Building Level 3,Mangere-Otahuhu,Mangere-Otahuhu,450000.0,3,0.0,41955.75,1,Damage Possible,True,True,False,False,True,2,Dual-hazard review
park-472,11299-B001-151,Toilet- (Birds Beach Recreation Reserve),Birds Beach Recreation Reserve,Public Toilet,Building Level 3,Rodney,Rodney,450000.0,3,0.0,41955.75,1,Damage Possible,True,True,False,False,True,2,Dual-hazard review
park-488,11275-B002-151,Toilet-(Stanmore Bay Recreation Reserve),Stanmore Bay Park,Public Toilet,Building Level 3,Hibiscus and Bays,Hibiscus and Bays,450000.0,3,0.0,41955.75,1,Damage Possible,True,True,False,False,True,2,Dual-hazard review
park-493,11323-B003-151,Parakai Toilet - 30m NE of Camp Entrance,Kaipatiki Recreation Reserve,Public Toilet,Building Level 3,Rodney,Rodney,450000.0,3,41955.75,41955.75,1,Damage Possible,True,True,False,True,True,2,Dual-hazard review
park-554,21827-B001-151,Toilet-At Rear Of Reserve,Bucklands Beach Toilet Reserve,Public Toilet,Building Level 3,Howick,Howick,450000.0,3,0.0,41955.75,1,Damage Possible,True,True,False,False,True,2,Dual-hazard review
park-589,20119-B004-151,Toilet-100m Before Pakiri Beach Parking,Streetscape - Rodney,Public Toilet,Building Level 3,Rodney,Rodney,450000.0,3,3712.500000000001,41955.75,1,Damage Possible,True,True,False,True,True,2,Dual-hazard review
park-592,20546-B001-151,Toilet- (Kinloch Reserve)Carpark,Kinloch Reserve,Public Toilet,Building Level 3,Hibiscus and Bays,Hibiscus and Bays,450000.0,3,0.0,41955.75,1,Damage Possible,True,True,False,False,True,2,Dual-hazard review
park-60,10154-B002-151,Toilets - Middle Of Domain,Selwyn Reserve - Mission Bay,Public Toilet,Building Level 3,Orakei,Orakei,450000.0,3,0.0,41955.75,1,Damage Possible,True,True,False,False,True,2,Dual-hazard review
park-604,21798-B002-151,Toilet Novaloo by playground,Okahu Bay Reserve,Public Toilet,Building Level 3,Orakei,Orakei,450000.0,3,0.0,41955.75,1,Damage Possible,True,True,False,False,True,2,Dual-hazard review
park-608,22237-B003-151,Toilet-concrete(Sandspit Res) Playground,Sandspit Reserve - Rodney,Public Toilet,Building Level 3,Rodney,Rodney,450000.0,3,16278.75,41955.75,1,Damage Possible,True,True,False,True,True,2,Dual-hazard review
park-667,10479-B005-151,Toilet Block Okoromai Bay - Shak,Te Haruhi/Shakespear Regional Park,Public Toilet,Building Level 3,Hibiscus and Bays,Hibiscus and Bays,450000.0,3,7222.5,41955.75,1,Damage Possible,True,True,False,True,True,2,Dual-hazard review
park-668,10480-B010-151,Vault Toilet 9 Jones Bay - Tawh,Tawharanui Regional Park,Public Toilet,Building Level 3,Rodney,Rodney,450000.0,3,0.0,41955.75,1,Damage Possible,True,True,False,False,True,2,Dual-hazard review
park-669,10480-B013-151,Vault Toilet Camp Bay 6 - Tawh,Tawharanui Regional Park,Public Toilet,Building Level 3,Rodney,Rodney,450000.0,3,0.0,41955.75,1,Damage Possible,True,True,False,False,True,2,Dual-hazard review
park-749,20265-B001-151,Toilet-East Boundary,Coulthards Reserve,Public Toilet,Building Level 3,Franklin,Franklin,450000.0,3,0.0,41955.75,1,Damage Possible,True,True,False,False,True,2,Dual-hazard review
park-752,20518-B001-151,Toilet- (Manly Park - Whole Reserve),Manly Park,Public Toilet,Building Level 3,Hibiscus and Bays,Hibiscus and Bays,450000.0,3,0.0,41955.75,1,Damage Possible,True,True,False,False,True,2,Dual-hazard review
park-753,20605-B001-151,Toilet-(Huia Domain) Bch Front,Huia Domain,Public Toilet,Building Level 3,Waitakere Ranges,Waitakere Ranges,450000.0,3,0.0,41955.75,1,Damage Possible,True,True,False,False,True,2,Dual-hazard review
park-758,21020-B001-151,Toilet-(Arkles Strand Reserve),Arkles Bay Beachfront Reserve,Public Toilet,Building Level 3,Hibiscus and Bays,Hibiscus and Bays,450000.0,3,0.0,41955.75,1,Damage Possible,True,True,False,False,True,2,Dual-hazard review
park-782,22512-B001-151,Toilet- (Christmas Beach)-Adj To Western,Christmas Beach,Public Toilet,Building Level 3,Upper Harbour,Upper Harbour,450000.0,3,0.0,41955.75,1,Damage Possible,True,True,False,False,True,2,Dual-hazard review
park-787,23528-B006-151,Helensville A and P Toilet Block,Helensville A & P,Public Toilet,Building Level 3,Rodney,Rodney,450000.0,3,0.0,41955.75,1,Damage Possible,True,True,False,False,True,2,Dual-hazard review
park-854,10400-B001-152,Toilet,Waikaraka Park Cemetery,Public Toilet,Building Level 3,Maungakiekie-Tamaki,Maungakiekie-Tamaki,450000.0,3,0.0,41955.75,1,Damage Possible,True,True,False,False,True,2,Dual-hazard review
park-86,10154-B001-151,Toilet - H37 (Stone Toilet-Female),Selwyn Reserve - Mission Bay,Public Toilet,Building Level 3,Orakei,Orakei,450000.0,3,0.0,41955.75,1,Damage Possible,True,True,False,False,True,2,Dual-hazard review
park-881,20346-B001-151,Toilet-Back Of Park,Hudsons Beach Recreation Reserve,Public Toilet,Building Level 3,Franklin,Franklin,450000.0,3,0.0,41955.75,1,Damage Possible,True,True,False,False,True,2,Dual-hazard review
park-907,10154-B003-151,Toilet - H37 (Stone Toilet-Male),Selwyn Reserve - Mission Bay,Public Toilet,Building Level 3,Orakei,Orakei,450000.0,3,0.0,41955.75,1,Damage Possible,True,True,False,False,True,2,Dual-hazard review
park-1754,20605-L100-230-EXW-L02,PS_Courts,Huia Domain,Playspace - Public Access,Playspace Location,Waitakere Ranges,Waitakere Ranges,400000.0,2,0.0,37294.0,1,Damage Possible,True,True,False,False,True,2,Dual-hazard review
park-1821,22359-B003-151,Toilet-Snells Beach Sunrise Boulevard,Snells Beach (Sunrise Boulevard),Toilet/Changing,Building Level 3,Rodney,Rodney,800000.0,3,0.0,28940.0,1,Damage Possible,True,True,False,False,True,2,Dual-hazard review
park-1070,11087-L100-230-EXW-001,PS_Playground (Whole)-,Stanley Bay Park,Playground - Public Access,Playground Location,Devonport-Takapuna,Devonport-Takapuna,300000.0,2,0.0,27970.5,1,Damage Possible,True,True,False,False,True,2,Dual-hazard review
park-1078,22865-L100-230-EXW-001,PS_Playground,Orua Bay Reserves,Playground - Public Access,Playground Location,Franklin,Franklin,300000.0,2,27970.5,27970.5,1,Damage Possible,True,True,False,True,True,2,Dual-hazard review
park-1101,20660-L100-230-EXW-001,PS_Playground,Glenbrook Beach Beachfront,Playground - Public Access,Playground Location,Franklin,Franklin,300000.0,2,0.0,27970.5,1,Damage Possible,True,True,False,False,True,2,Dual-hazard review
park-1112,22474-L100-230-EXW-001,PS_Playground (Whole)-,Te Moau Reserve&River Esplanade,Playground - Public Access,Playground Location,Rodney,Rodney,300000.0,2,0.0,27970.5,1,Damage Possible,True,True,False,False,True,2,Dual-hazard review
park-1170,10791-L100-230-EXW-001,PS_Playground,Rautawa Place Reserve,Playground - Public Access,Playground Location,Franklin,Franklin,300000.0,2,27970.5,27970.5,1,Damage Possible,True,True,False,True,True,2,Dual-hazard review
park-1199,20007-L100-230-EXW-001,PS_Playground (Whole)-,Windsor Reserve,Playground - Public Access,Playground Location,Devonport-Takapuna,Devonport-Takapuna,300000.0,2,4815.0,27970.5,1,Damage Possible,True,True,False,True,True,2,Dual-hazard review
park-1202,11275-L100-230-EXW-002,PS_Playground (Whole)-Beach foreshore,Stanmore Bay Park,Playground - Public Access,Playground Location,Hibiscus and Bays,Hibiscus and Bays,300000.0,2,10852.5,27970.5,1,Damage Possible,True,True,False,True,True,2,Dual-hazard review
park-1212,22237-L100-230-EXW-001,PS_Playground (Whole)-,Sandspit Reserve - Rodney,Playground - Public Access,Playground Location,Rodney,Rodney,300000.0,2,0.0,27970.5,1,Damage Possible,True,True,False,False,True,2,Dual-hazard review
park-1229,20346-L100-230-EXW-001,PS_Playground,Hudsons Beach Recreation Reserve,Playground - Public Access,Playground Location,Franklin,Franklin,300000.0,2,0.0,27970.5,1,Damage Possible,True,True,False,False,True,2,Dual-hazard review
park-1257,20554-L100-230-EXW-001,PS_Playground Rq693,The Esplanade Blackpool,Playground - Public Access,Playground Location,Waiheke,Waiheke-Great Barrier,300000.0,2,27970.5,27970.5,1,Damage Possible,True,True,False,True,True,2,Dual-hazard review
park-1267,10314-L100-230-EXW-001,PS_Playground Raa85,Medlands Playground Reserve,Playground - Public Access,Playground Location,Aotea/Great Barrier,Waiheke-Great Barrier,300000.0,2,0.0,27970.5,1,Damage Possible,True,True,False,False,True,2,Dual-hazard review
park-1405,20518-L100-230-EXW-001,PS_Playground (Whole)-,Manly Park,Playground - Public Access,Playground Location,Hibiscus and Bays,Hibiscus and Bays,300000.0,2,0.0,27970.5,1,Damage Possible,True,True,False,False,True,2,Dual-hazard review
park-1416,20605-L100-230-EXW-001,PS_Playground,Huia Domain,Playground - Public Access,Playground Location,Waitakere Ranges,Waitakere Ranges,300000.0,2,0.0,27970.5,1,Damage Possible,True,True,False,False,True,2,Dual-hazard review
park-1460,10028-L100-230-EXW-001,PS_Playground Rq708,Waiheke Island Sports Club,Playground - Public Access,Playground Location,Waiheke,Waiheke-Great Barrier,300000.0,2,0.0,27970.5,1,Damage Possible,True,True,False,False,True,2,Dual-hazard review
park-1534,11274-L100-230-EXW-001,PS_Playground-Outside BBQ area,"Whangateau Reserve, Holiday Park & Hall",Playground - Public Access,Playground Location,Rodney,Rodney,300000.0,2,0.0,27970.5,1,Damage Possible,True,True,False,False,True,2,Dual-hazard review
park-1648,21798-L100-230-EXW-001,PS_Playground Rvl83,Okahu Bay Reserve,Playground - Public Access,Playground Location,Orakei,Orakei,300000.0,2,0.0,27970.5,1,Damage Possible,True,True,False,False,True,2,Dual-hazard review
park-1697,11274-L200-230-EXW-001,PS_Playground_Whangateau Domain,"Whangateau Reserve, Holiday Park & Hall",Playground - Public Access,Playground Location,Rodney,Rodney,300000.0,2,0.0,27970.5,1,Damage Possible,True,True,False,False,True,2,Dual-hazard review
park-1708,10340-L100-230-EXW-L04,PS_Playground,Onehunga Bay Reserve,Playground - Public Access,Playground Location,Maungakiekie-Tamaki,Maungakiekie-Tamaki,300000.0,2,0.0,27970.5,1,Damage Possible,True,True,False,False,True,2,Dual-hazard review
park-1836,10530-L100-230-EXW-001,PS_Playground,Grahams Beach Road Reserve,Playground - Public Access,Playground Location,Franklin,Franklin,300000.0,2,0.0,27970.5,1,Damage Possible,True,True,False,False,True,2,Dual-hazard review
park-553,21798-B001-152,Female Changing Room,Okahu Bay Reserve,Changing Shed,Building Level 3,Orakei,Orakei,650000.0,2,0.0,23513.75,1,Damage Possible,True,True,False,False,True,2,Dual-hazard review
park-603,21794-B001-152,Shore Road Reserve Changing Rooms,Shore Road Reserve,Changing Shed,Building Level 3,Orakei,Orakei,650000.0,2,0.0,23513.75,1,Damage Possible,True,True,False,False,True,2,Dual-hazard review
park-1862,10491-B152-152,Prawn Shed Toilet,Te Rau Puriri Regional Park,Public Toilet,Building Level 3,Rodney,Rodney,450000.0,3,0.0,16278.75,1,Damage Possible,True,True,False,False,True,2,Dual-hazard review
park-1896,33744-B003-100,Westhaven - (Q Pier) Toilets,Westhaven Marina South,Public Toilet,Building Level 3,Waitemata,Waitemata,450000.0,3,0.0,16278.75,1,Damage Possible,True,True,False,False,True,2,Dual-hazard review
park-1939,33755-B002-100,Eastern Viaduct Toilets,Viaduct,Public Toilet,Building Level 3,Waitemata,Waitemata,450000.0,3,41955.75,16278.75,1,Damage Possible,True,True,False,True,True,2,Dual-hazard review
park-1941,33752-B003-100,Karanga Toilets,Karanga Plaza,Public Toilet,Building Level 3,Waitemata,Waitemata,450000.0,3,0.0,16278.75,1,Damage Possible,True,True,False,False,True,2,Dual-hazard review
park-1942,33748-B005-100,Playground Toilets,Silo Park,Public Toilet,Building Level 3,Waitemata,Waitemata,450000.0,3,0.0,16278.75,1,Damage Possible,True,True,False,False,True,2,Dual-hazard review
park-1946,33748-B002-100,Silo Toilets,Silo Park,Public Toilet,Building Level 3,Waitemata,Waitemata,450000.0,3,0.0,16278.75,1,Damage Possible,True,True,False,False,True,2,Dual-hazard review
park-256,10782-B002-151,Eastern Beach South Toilet & Changeblock,Eastern Beach Playground Park,Public Toilet,Building Level 3,Howick,Howick,450000.0,3,0.0,16278.75,1,Damage Possible,True,True,False,False,True,2,Dual-hazard review
park-346,11378-B001-151,Toilet- (Te Henga Park),Te Henga Park,Public Toilet,Building Level 3,Waitakere Ranges,Waitakere Ranges,450000.0,3,0.0,16278.75,1,Damage Possible,True,True,False,False,True,2,Dual-hazard review
park-412,10496-B002-151,Toilet (Wi26) Poukaraka Flats -Whak,Whakanewha Regional Park,Public Toilet,Building Level 3,Waiheke,Waiheke-Great Barrier,450000.0,3,0.0,16278.75,1,Damage Possible,True,True,False,False,True,2,Dual-hazard review
park-582,20074-B001-151,Waiake Beach Public Toilets,Waiake Beach Reserve,Public Toilet,Building Level 3,Hibiscus and Bays,Hibiscus and Bays,450000.0,3,0.0,16278.75,1,Damage Possible,True,True,False,False,True,2,Dual-hazard review
park-602,21794-B001-151,Shore Road Reserve Toilet,Shore Road Reserve,Public Toilet,Building Level 3,Orakei,Orakei,450000.0,3,0.0,16278.75,1,Damage Possible,True,True,False,False,True,2,Dual-hazard review
park-606,22009-B001-151,Mairangi Bay Shops Public Toilet,Mairangi Bay Village Green,Public Toilet,Building Level 3,Hibiscus and Bays,Hibiscus and Bays,450000.0,3,0.0,16278.75,1,Damage Possible,True,True,False,False,True,2,Dual-hazard review
park-65,10099-B009-151,Toilet - V1 ( Outside S & S ),Streetscape - Waitemata,Public Toilet,Building Level 3,Waitemata,Waitemata,450000.0,3,0.0,16278.75,1,Damage Possible,True,True,False,False,True,2,Dual-hazard review
park-769,21798-B001-151,Female Toilet - H39 (Okahu Bay),Okahu Bay Reserve,Public Toilet,Building Level 3,Orakei,Orakei,450000.0,3,0.0,16278.75,1,Damage Possible,True,True,False,False,True,2,Dual-hazard review
park-1729,11090-L100-230-EXW-L01,PS_Fitness Station,Aickin Reserve,Fitness Station - Public Access,Fitness Location,Hibiscus and Bays,Hibiscus and Bays,150000.0,2,0.0,13985.25,1,Damage Possible,True,True,False,False,True,2,Dual-hazard review
park-1187,11068-L100-230-EXW-002,PS_Playground (Whole),Milford Reserve,Playground - Public Access,Playground Location,Devonport-Takapuna,Devonport-Takapuna,300000.0,2,0.0,10852.5,1,Damage Possible,True,True,False,False,True,2,Dual-hazard review
park-1609,22512-L100-230-EXW-001,PS_Playground (Whole)-,Christmas Beach,Playground - Public Access,Playground Location,Upper Harbour,Upper Harbour,300000.0,2,0.0,10852.5,1,Damage Possible,True,True,False,False,True,2,Dual-hazard review
park-1685,Panuku Playground 2,,,Playground - Public Access,Playground Location,Unknown,Unmapped / not supplied,300000.0,2,0.0,10852.5,1,Damage Possible,True,True,False,False,True,2,Dual-hazard review
park-141,10424-B003-100,Changing Rooms - H36,Madills Farm Recreation Reserve,Changing Shed,Building Level 3,Orakei,Orakei,650000.0,2,0.0,10432.5,1,Damage Possible,True,True,False,False,True,2,Dual-hazard review
park-111,10262-B001-151,Toilet - H35 (Kohimarama Beach),Kohimarama Beach Reserve,Public Toilet,Building Level 3,Orakei,Orakei,450000.0,3,0.0,7222.5,1,Damage Possible,True,True,False,False,True,2,Dual-hazard review
park-166,10479-B002-151,Toilet Block Camp Ground - Shak,Te Haruhi/Shakespear Regional Park,Public Toilet,Building Level 3,Hibiscus and Bays,Hibiscus and Bays,450000.0,3,0.0,7222.5,1,Damage Possible,True,True,False,False,True,2,Dual-hazard review
park-1945,33750-B004-100,Linear Park Toilets,Wynyard Central,Public Toilet,Building Level 3,Waitemata,Waitemata,450000.0,3,0.0,7222.5,1,Damage Possible,True,True,False,False,True,2,Dual-hazard review
park-238,10424-B003-102,Toilet,Madills Farm Recreation Reserve,Public Toilet,Building Level 3,Orakei,Orakei,450000.0,3,0.0,7222.5,1,Damage Possible,True,True,False,False,True,2,Dual-hazard review
park-355,20007-B151-153,Devonport Library Toilet,Windsor Reserve,Public Toilet,Building Level 3,Devonport-Takapuna,Devonport-Takapuna,450000.0,3,0.0,7222.5,1,Damage Possible,True,True,False,False,True,2,Dual-hazard review
park-643,10281-B001-151,Toilet - Wi18 ( Man O War Bay),Man O' War Bay,Public Toilet,Building Level 3,Waiheke,Waiheke-Great Barrier,450000.0,3,0.0,7222.5,1,Damage Possible,True,True,False,False,True,2,Dual-hazard review
park-740,20023-B001-151,Matakawau Point Reserve Toilets,Matakawau Point Reserve,Public Toilet,Building Level 3,Franklin,Franklin,450000.0,3,0.0,7222.5,1,Damage Possible,True,True,False,False,True,2,Dual-hazard review
park-209,10607-B001-151,Rogers Park Toilets&Changing Room,Rogers Park,Toilet/Changing,Building Level 3,Howick,Howick,800000.0,3,0.0,6600.000000000002,1,Damage Possible,True,True,False,False,True,2,Dual-hazard review
park-332,10905-B001-152,Changing room area (Umupuia Res),Umupuia Coastal Reserve,Changing Shed,Building Level 3,Franklin,Franklin,650000.0,2,0.0,5362.5,1,Damage Possible,True,True,False,False,True,2,Dual-hazard review
park-1076,11275-L100-230-EXW-001,PS_Playground (Whole)-Leisure Centre,Stanmore Bay Park,Playground - Public Access,Playground Location,Hibiscus and Bays,Hibiscus and Bays,300000.0,2,0.0,4815.0,1,Damage Possible,True,True,False,False,True,2,Dual-hazard review
park-1544,11043-L100-230-EXW-001,PS_Playground (Whole)-,Mairangi Bay Beach Reserve,Playground - Public Access,Playground Location,Hibiscus and Bays,Hibiscus and Bays,300000.0,2,0.0,4815.0,1,Damage Possible,True,True,False,False,True,2,Dual-hazard review
park-1573,10782-L100-230-EXW-001,PS_Playground,Eastern Beach Playground Park,Playground - Public Access,Playground Location,Howick,Howick,300000.0,2,0.0,4815.0,1,Damage Possible,True,True,False,False,True,2,Dual-hazard review
park-269,10905-B001-151,Toilet - (Umupuia Coastal Reserve),Umupuia Coastal Reserve,Public Toilet,Building Level 3,Franklin,Franklin,450000.0,3,0.0,3712.500000000001,1,Damage Possible,True,True,False,False,True,2,Dual-hazard review
park-397,22860-B003-151,Toilet Orere Point Res Foreshore - South,Orere Point Beach Reserve,Public Toilet,Building Level 3,Franklin,Franklin,450000.0,3,0.0,3712.500000000001,1,Damage Possible,True,True,False,False,True,2,Dual-hazard review
park-567,22860-B002-151,Toilet Orere Point Res Foreshore - North,Orere Point Beach Reserve,Public Toilet,Building Level 3,Franklin,Franklin,450000.0,3,0.0,3712.500000000001,1,Damage Possible,True,True,False,False,True,2,Dual-hazard review
park-1381,21794-L100-230-EXW-001,PS_Playground Shore Road Reserve,Shore Road Reserve,Playground - Public Access,Playground Location,Orakei,Orakei,300000.0,2,0.0,2475.0,1,Damage Possible,True,True,False,False,True,2,Dual-hazard review
park-926,20023-L100-230-EXW-001,PS_Playground,Matakawau Point Reserve,Playground - Public Access,Playground Location,Franklin,Franklin,300000.0,2,0.0,2475.0,1,Damage Possible,True,True,False,False,True,2,Dual-hazard review
park-1801,10265-L100-230-EXW-002,PS_Fitness Station,Coxs Bay Reserve,Fitness Station - Public Access,Fitness Location,Waitemata,Waitemata,150000.0,2,0.0,2407.5,1,Damage Possible,True,True,False,False,True,2,Dual-hazard review
park-414,10497-B025-152,Changing room area,Waharau Regional Park,Changing Shed,Building Level 3,Franklin,Franklin,650000.0,2,0.0,60602.75,0,Not mapped,False,False,False,False,True,1,Coastal inundation only
park-802,10158-B003-153,Change Room,Seaside Park,Changing Shed,Building Level 3,Mangere-Otahuhu,Mangere-Otahuhu,650000.0,2,0.0,60602.75,1,Damage Unlikely,True,False,False,False,True,1,Coastal inundation only
park-106,10321-B001-151,Toilet - W32 (Eric Armishaw Park),Eric Armishaw Park,Public Toilet,Building Level 3,Albert-Eden,Albert-Eden,450000.0,3,0.0,41955.75,1,Very Low,True,False,False,False,True,1,Coastal inundation only
park-121,10391-B001-151,Toilet - W4 Heritage Toilet/change,Blockhouse Bay Beach Reserve,Public Toilet,Building Level 3,Whau,Whau,450000.0,3,0.0,41955.75,0,Not mapped,False,False,False,False,True,1,Coastal inundation only
park-122,10391-B003-151,Toilet - W3 Novaloo (Bhb Beach),Blockhouse Bay Beach Reserve,Public Toilet,Building Level 3,Whau,Whau,450000.0,3,0.0,41955.75,1,Very Low,True,False,False,False,True,1,Coastal inundation only
park-135,10443-B002-151,Toilet - R1 Rakino,Rakino Island Community Hall & Toilets,Public Toilet,Building Level 3,Waiheke,Waiheke-Great Barrier,450000.0,3,41955.75,41955.75,0,Not mapped,False,False,False,True,True,1,Coastal inundation only
park-186,10488-B022-151,Septic Toilets Pine Ave Womens - Wtks,Waitakere South Regional Park,Public Toilet,Building Level 3,Waitakere Ranges,Waitakere Ranges,450000.0,3,0.0,41955.75,1,Very Low,True,False,False,False,True,1,Coastal inundation only
park-1880,21936-B002-151,Toilet-Exeloo,Rahui Reserve,Public Toilet,Building Level 3,Upper Harbour,Upper Harbour,450000.0,3,0.0,41955.75,0,Not mapped,False,False,False,False,True,1,Coastal inundation only
park-19,10063-B003-151,Toilet - Roberta Reserve,Roberta Reserve,Public Toilet,Building Level 3,Orakei,Orakei,450000.0,3,0.0,41955.75,1,Very Low,True,False,False,False,True,1,Coastal inundation only
park-1910,33742-B003-100,Westhaven - (C Pier) Toilets,Westhaven Marina North,Public Toilet,Building Level 3,Waitemata,Waitemata,450000.0,3,0.0,41955.75,0,Not mapped,False,False,False,False,True,1,Coastal inundation only
park-1915,33744-B004-100,Westhaven - (T Pier) Toilets,Westhaven Marina South,Public Toilet,Building Level 3,Waitemata,Waitemata,450000.0,3,0.0,41955.75,0,Not mapped,False,False,False,False,True,1,Coastal inundation only
park-1974,24810-B004-151,Composting Toilet - South Browns Island,Browns Island (Motukorea) Regional Park,Public Toilet,Building Level 3,Waiheke,Waiheke-Great Barrier,450000.0,3,41955.75,41955.75,0,Not mapped,False,False,False,True,True,1,Coastal inundation only
park-198,10529-B001-151,Clarks Beach Yacht Club Toilet,Clarks Beach Boat Ramp,Public Toilet,Building Level 3,Franklin,Franklin,450000.0,3,0.0,41955.75,1,Very Low,True,False,False,False,True,1,Coastal inundation only
park-2009,21994-B001-151,Public toilet,Hobsonville Esplanade,Public Toilet,Building Level 3,Upper Harbour,Upper Harbour,450000.0,3,41955.75,41955.75,0,Not mapped,False,False,False,True,True,1,Coastal inundation only
park-222,10626-B001-151,Kawakawa Bay Boat Ramp Toilet & Change,Kawakawa Coast Rd Reserve,Public Toilet,Building Level 3,Franklin,Franklin,450000.0,3,0.0,41955.75,1,Very Low,True,False,False,False,True,1,Coastal inundation only
park-253,10754-B002-151,Toilet-Sailing Club(Bramley Drive Res),Bramley Drive Reserve,Public Toilet,Building Level 3,Howick,Howick,450000.0,3,16278.75,41955.75,0,Not mapped,False,False,False,True,True,1,Coastal inundation only
park-36,10020-B001-151,Toilet - T10 (Panmure Basin Yacht Club),Panmure Basin/Peterson Reserve,Public Toilet,Building Level 3,Maungakiekie-Tamaki,Maungakiekie-Tamaki,450000.0,3,0.0,41955.75,0,Not mapped,False,False,False,False,True,1,Coastal inundation only
park-373,21160-B001-151,Toilet-Castor Bay Beach Public Toilets,Rahopara Pa (Kennedy Point),Public Toilet,Building Level 3,Devonport-Takapuna,Devonport-Takapuna,450000.0,3,0.0,41955.75,1,Very Low,True,False,False,False,True,1,Coastal inundation only
park-380,21933-B001-151,Toilet-End Of Driveway Into Reserve,Sandspit Reserve - Waiuku,Public Toilet,Building Level 3,Franklin,Franklin,450000.0,3,0.0,41955.75,1,Damage Unlikely,True,False,False,False,True,1,Coastal inundation only
park-383,22165-B001-151,Toilet-15m East Of Boatramp,Point Wells Foreshore Reserve,Public Toilet,Building Level 3,Rodney,Rodney,450000.0,3,0.0,41955.75,0,Not mapped,False,False,False,False,True,1,Coastal inundation only
park-384,22175-B001-151,Toilet-Opposite Wharf,Port Albert Wharf Reserve,Public Toilet,Building Level 3,Rodney,Rodney,450000.0,3,41955.75,41955.75,1,Very Low,True,False,False,True,True,1,Coastal inundation only
park-392,22448-B001-151,Toilet- (Campbells Beach Reserve),Campbells Beach Reserve,Public Toilet,Building Level 3,Rodney,Rodney,450000.0,3,0.0,41955.75,1,Very Low,True,False,False,False,True,1,Coastal inundation only
park-408,10488-B087-151,Toilet - Kakamatua Composting - Wtks,Waitakere South Regional Park,Public Toilet,Building Level 3,Waitakere Ranges,Waitakere Ranges,450000.0,3,0.0,41955.75,0,Not mapped,False,False,False,False,True,1,Coastal inundation only
park-442,10927-B001-151,Onepoto Domain Toilets,Onepoto Domain,Public Toilet,Building Level 3,Kaipatiki,Kaipatiki,450000.0,3,0.0,41955.75,0,Not mapped,False,False,False,False,True,1,Coastal inundation only
park-498,11369-B001-151,Toilet-Titirangi Beach,Titirangi Beach,Public Toilet,Building Level 3,Waitakere Ranges,Waitakere Ranges,450000.0,3,41955.75,41955.75,1,Very Low,True,False,False,True,True,1,Coastal inundation only
park-5,10035-B001-151,Toilet - Wi10 (Wharf Road),Ostend Domain,Public Toilet,Building Level 3,Waiheke,Waiheke-Great Barrier,450000.0,3,0.0,41955.75,1,Very Low,True,False,False,False,True,1,Coastal inundation only
park-525,20073-B001-151,Rothesay Bay Beach Public Toilets,Rothesay Bay Beach Reserve,Public Toilet,Building Level 3,Hibiscus and Bays,Hibiscus and Bays,450000.0,3,0.0,41955.75,1,Very Low,True,False,False,False,True,1,Coastal inundation only
park-544,21063-B001-151,Toilet- (Wood Bay Reserve)Water Front,Wood Bay Reserve,Public Toilet,Building Level 3,Waitakere Ranges,Waitakere Ranges,450000.0,3,0.0,41955.75,1,Very Low,True,False,False,False,True,1,Coastal inundation only
park-556,22237-B002-151,Toilet-At Ferry Terminal,Sandspit Reserve - Rodney,Public Toilet,Building Level 3,Rodney,Rodney,450000.0,3,16278.75,41955.75,0,Not mapped,False,False,False,True,True,1,Coastal inundation only
park-558,22354-B001-151,Toilet-Next To Boat Ramp Sea End Of,Ariki Reserve,Public Toilet,Building Level 3,Rodney,Rodney,450000.0,3,0.0,41955.75,0,Not mapped,False,False,False,False,True,1,Coastal inundation only
park-559,22373-B001-151,Toilet- (Cement Works)New Toilet Block,Cement Works,Public Toilet,Building Level 3,Rodney,Rodney,450000.0,3,0.0,41955.75,1,Very Low,True,False,False,False,True,1,Coastal inundation only
park-562,22445-B001-151,Toilet-Btwn Sign & Tennis Courts,Baddeleys Beach Reserve,Public Toilet,Building Level 3,Rodney,Rodney,450000.0,3,0.0,41955.75,1,Very Low,True,False,False,False,True,1,Coastal inundation only
park-595,20805-B001-151,Toilet- (Halls Beach),Clarks Beach-Halls Beach Access,Public Toilet,Building Level 3,Franklin,Franklin,450000.0,3,0.0,41955.75,1,Damage Unlikely,True,False,False,False,True,1,Coastal inundation only
park-596,20823-B001-151,Toilet-Taylors Bay Road Reserve,Taylors Bay Road Reserve,Public Toilet,Building Level 3,Puketapapa,Puketapapa,450000.0,3,0.0,41955.75,0,Not mapped,False,False,False,False,True,1,Coastal inundation only
park-639,10158-B003-151,Toilet-T39 (Seaside Park)-By carpark,Seaside Park,Public Toilet,Building Level 3,Mangere-Otahuhu,Mangere-Otahuhu,450000.0,3,0.0,41955.75,1,Damage Unlikely,True,False,False,False,True,1,Coastal inundation only
park-678,10488-B036-151,Septic Toilet Pine Ave Mens - Wtks,Waitakere South Regional Park,Public Toilet,Building Level 3,Waitakere Ranges,Waitakere Ranges,450000.0,3,0.0,41955.75,1,Very Low,True,False,False,False,True,1,Coastal inundation only
park-679,10488-B088-151,Little Huia Toilet - Wtks,Waitakere South Regional Park,Public Toilet,Building Level 3,Waitakere Ranges,Waitakere Ranges,450000.0,3,0.0,41955.75,1,Very Low,True,False,False,False,True,1,Coastal inundation only
park-683,10497-B025-151,Karewa Avenue Toilet Block-Waha,Waharau Regional Park,Public Toilet,Building Level 3,Franklin,Franklin,450000.0,3,0.0,41955.75,0,Not mapped,False,False,False,False,True,1,Coastal inundation only
park-716,10998-B002-152,Toilet-Timber (Devonport Domain),Devonport Domain,Public Toilet,Building Level 3,Devonport-Takapuna,Devonport-Takapuna,450000.0,3,0.0,41955.75,1,Very Low,True,False,False,False,True,1,Coastal inundation only
park-738,20007-B003-151,Toilet-Brick (Windsor Reserve),Windsor Reserve,Public Toilet,Building Level 3,Devonport-Takapuna,Devonport-Takapuna,450000.0,3,7222.5,41955.75,0,Not mapped,False,False,False,True,True,1,Coastal inundation only
park-747,20119-B002-151,Toilet-Scotts Landing Next To Boat Ramp,Streetscape - Rodney,Public Toilet,Building Level 3,Rodney,Rodney,450000.0,3,41955.75,41955.75,0,Not mapped,False,False,False,True,True,1,Coastal inundation only
park-766,21480-B002-151,Toilet-Beside Playground,Big Bay Reserve,Public Toilet,Building Level 3,Franklin,Franklin,450000.0,3,0.0,41955.75,1,Very Low,True,False,False,False,True,1,Coastal inundation only
park-772,22157-B001-151,Toilet-Southern Side Of Accessway 30m,Opahi Bay Beach Reserve,Public Toilet,Building Level 3,Rodney,Rodney,450000.0,3,0.0,41955.75,1,Very Low,True,False,False,False,True,1,Coastal inundation only
park-775,22255-B001-151,Toilet-Front Of Carpark,Matheson Bay Reserve,Public Toilet,Building Level 3,Rodney,Rodney,450000.0,3,0.0,41955.75,1,Very Low,True,False,False,False,True,1,Coastal inundation only
park-806,10736-B002-151,Toilet-Kiwi Esplanade Boat Ramp-Exeloo,Kiwi Esplanade (Boat Ramp),Public Toilet,Building Level 3,Mangere-Otahuhu,Mangere-Otahuhu,450000.0,3,3712.500000000001,41955.75,1,Very Low,True,False,False,True,True,1,Coastal inundation only
park-876,22381-B001-151,Toilet-(Wade River Road Reserves & Berm),Wade River Road Reserves & Berm,Public Toilet,Building Level 3,Hibiscus and Bays,Hibiscus and Bays,450000.0,3,0.0,41955.75,1,Very Low,True,False,False,False,True,1,Coastal inundation only
park-889,20171-B002-101,Public Toilet - (Wilsons Beach & access),Clarks Beach-Wilson Beach Access,Public Toilet,Building Level 3,Franklin,Franklin,450000.0,3,7222.5,41955.75,1,Damage Unlikely,True,False,False,True,True,1,Coastal inundation only
park-581,20035-B001-151,Kiwi Esplanade Club Toil & Changing rms,Kiwi Esplanade (Bird Refuge & Pump Hse),Toilet/Changing,Building Level 3,Mangere-Otahuhu,Mangere-Otahuhu,800000.0,3,0.0,28940.0,1,Very Low,True,False,False,False,True,1,Coastal inundation only
park-1013,20823-L100-230-EXW-001,PS_Playground Rqu11,Taylors Bay Road Reserve,Playground - Public Access,Playground Location,Puketapapa,Puketapapa,300000.0,2,2475.0,27970.5,0,Not mapped,False,False,False,True,True,1,Coastal inundation only
park-1029,10035-L100-230-EXW-001,PS_Playground Rq698,Ostend Domain,Playground - Public Access,Playground Location,Waiheke,Waiheke-Great Barrier,300000.0,2,4815.0,27970.5,1,Very Low,True,False,False,True,True,1,Coastal inundation only
park-1046,21819-L100-230-EXW-001,PS_Playground,Brylee Drive Reserve,Playground - Public Access,Playground Location,Papakura,Papakura,300000.0,2,0.0,27970.5,1,Damage Unlikely,True,False,False,False,True,1,Coastal inundation only
park-1051,10529-L100-230-EXW-001,PS_Playground,Clarks Beach Boat Ramp,Playground - Public Access,Playground Location,Franklin,Franklin,300000.0,2,10852.5,27970.5,1,Very Low,True,False,False,True,True,1,Coastal inundation only
park-1052,20509-L100-230-EXW-001,PS_Playground,Kelvin Strand,Playground - Public Access,Playground Location,Henderson-Massey,Henderson-Massey,300000.0,2,0.0,27970.5,1,Damage Unlikely,True,False,False,False,True,1,Coastal inundation only
park-1063,10605-L100-230-EXW-001,PS_Playground,Whitford Point Reserve,Playground - Public Access,Playground Location,Franklin,Franklin,300000.0,2,0.0,27970.5,1,Very Low,True,False,False,False,True,1,Coastal inundation only
park-1095,21423-L100-230-EXW-001,PS_Playground,Laingholm Reserve,Playground - Public Access,Playground Location,Waitakere Ranges,Waitakere Ranges,300000.0,2,0.0,27970.5,1,Very Low,True,False,False,False,True,1,Coastal inundation only
park-1124,10845-L100-230-EXW-001,PS_Playground,Cockle Bay Reserve,Playground - Public Access,Playground Location,Howick,Howick,300000.0,2,0.0,27970.5,1,Very Low,True,False,False,False,True,1,Coastal inundation only
park-1139,22445-L100-230-EXW-001,PS_Playground (Whole)-,Baddeleys Beach Reserve,Playground - Public Access,Playground Location,Rodney,Rodney,300000.0,2,0.0,27970.5,1,Very Low,True,False,False,False,True,1,Coastal inundation only
park-1148,10391-L100-230-EXW-001,PS_Playground,Blockhouse Bay Beach Reserve,Playground - Public Access,Playground Location,Whau,Whau,300000.0,2,0.0,27970.5,1,Very Low,True,False,False,False,True,1,Coastal inundation only
park-1180,21480-L100-230-EXW-001,PS_Playground,Big Bay Reserve,Playground - Public Access,Playground Location,Franklin,Franklin,300000.0,2,0.0,27970.5,1,Very Low,True,False,False,False,True,1,Coastal inundation only
park-1218,11088-L100-230-EXW-001,PS_Playground (Whole)-,Wairoa Road Reserve,Playground - Public Access,Playground Location,Devonport-Takapuna,Devonport-Takapuna,300000.0,2,27970.5,27970.5,1,Very Low,True,False,False,True,True,1,Coastal inundation only
park-1220,22175-L100-230-EXW-001,PS_Playground-Main Play Area,Port Albert Wharf Reserve,Playground - Public Access,Playground Location,Rodney,Rodney,300000.0,2,0.0,27970.5,1,Very Low,True,False,False,False,True,1,Coastal inundation only
park-1253,20684-L100-230-EXW-001,PS_Playground Raa88,Motairehe 1,Playground - Public Access,Playground Location,Aotea/Great Barrier,Waiheke-Great Barrier,300000.0,2,0.0,27970.5,1,Very Low,True,False,False,False,True,1,Coastal inundation only
park-1309,10736-L100-230-EXW-001,PS_Playground,Kiwi Esplanade (Boat Ramp),Playground - Public Access,Playground Location,Mangere-Otahuhu,Mangere-Otahuhu,300000.0,2,4815.0,27970.5,1,Very Low,True,False,False,True,True,1,Coastal inundation only
park-1327,20919-L100-230-EXW-001,PS_Playground (Whole)-,Rotary Grove (Northcote),Playground - Public Access,Playground Location,Kaipatiki,Kaipatiki,300000.0,2,0.0,27970.5,1,Very Low,True,False,False,False,True,1,Coastal inundation only
park-1336,20299-L100-230-EXW-001,PS_Playground (Whole)-,Melrose Reserve,Playground - Public Access,Playground Location,Devonport-Takapuna,Devonport-Takapuna,300000.0,2,0.0,27970.5,1,Very Low,True,False,False,False,True,1,Coastal inundation only
park-1372,22448-L100-230-EXW-001,PS_Playground (Whole)-,Campbells Beach Reserve,Playground - Public Access,Playground Location,Rodney,Rodney,300000.0,2,0.0,27970.5,1,Very Low,True,False,False,False,True,1,Coastal inundation only
park-1406,11246-L100-230-EXW-001,PS_Playground (Whole) - Foreshore,Shelly Beach Reserve,Playground - Public Access,Playground Location,Rodney,Rodney,300000.0,2,27970.5,27970.5,1,Very Low,True,False,False,True,True,1,Coastal inundation only
park-1417,20291-L100-230-EXW-001,PS_Playground (Whole)-,Lansdowne Reserve,Playground - Public Access,Playground Location,Devonport-Takapuna,Devonport-Takapuna,300000.0,2,0.0,27970.5,1,Very Low,True,False,False,False,True,1,Coastal inundation only
park-1463,10020-L100-230-EXW-002,PS_Playground Rwv67 Off 98 Ireland,Panmure Basin/Peterson Reserve,Playground - Public Access,Playground Location,Maungakiekie-Tamaki,Maungakiekie-Tamaki,300000.0,2,10852.5,27970.5,0,Not mapped,False,False,False,True,True,1,Coastal inundation only
park-1471,21244-L100-230-EXW-001,PS_Playground,Te Toro Recreation Reserve,Playground - Public Access,Playground Location,Franklin,Franklin,300000.0,2,0.0,27970.5,1,Very Low,True,False,False,False,True,1,Coastal inundation only
park-1539,22165-L100-230-EXW-001,PS_Playground (Whole)-,Point Wells Foreshore Reserve,Playground - Public Access,Playground Location,Rodney,Rodney,300000.0,2,0.0,27970.5,0,Not mapped,False,False,False,False,True,1,Coastal inundation only
park-1553,20447-L100-230-EXW-001,PS_Playground (Whole)-,Holloway Reserve (Prev Aramoana Reserve),Playground - Public Access,Playground Location,Devonport-Takapuna,Devonport-Takapuna,300000.0,2,0.0,27970.5,1,Very Low,True,False,False,False,True,1,Coastal inundation only
park-1555,10927-L100-230-EXW-001,PS_Playground (Whole)-,Onepoto Domain,Playground - Public Access,Playground Location,Kaipatiki,Kaipatiki,300000.0,2,0.0,27970.5,0,Not mapped,False,False,False,False,True,1,Coastal inundation only
park-1595,21933-L100-230-EXW-001,PS_Playground,Sandspit Reserve - Waiuku,Playground - Public Access,Playground Location,Franklin,Franklin,300000.0,2,0.0,27970.5,1,Damage Unlikely,True,False,False,False,True,1,Coastal inundation only
park-1698,22175-L100-230-EXW-002,PS_Playground-Boat Sandpit,Port Albert Wharf Reserve,Playground - Public Access,Playground Location,Rodney,Rodney,300000.0,2,27970.5,27970.5,1,Very Low,True,False,False,True,True,1,Coastal inundation only
park-1759,12942-L151-230-EXW-001,PS_Playground (Whole)-,Hilders Park,Playground - Public Access,Playground Location,Kaipatiki,Kaipatiki,300000.0,2,0.0,27970.5,0,Not mapped,False,False,False,False,True,1,Coastal inundation only
park-923,10236-L100-230-EXW-L01,PS_Playground,Parnell Salt Water Baths,Playground - Public Access,Playground Location,Waitemata,Waitemata,300000.0,2,10852.5,27970.5,1,Very Low,True,False,False,True,True,1,Coastal inundation only
park-972,11369-L100-230-EXW-001,PS_Playground,Titirangi Beach,Playground - Public Access,Playground Location,Waitakere Ranges,Waitakere Ranges,300000.0,2,0.0,27970.5,1,Very Low,True,False,False,False,True,1,Coastal inundation only
park-982,10928-L152-230-EXW-001,PS_Playground,Kauri Point Reserve,Playground - Public Access,Playground Location,Manurewa,Manurewa,300000.0,2,0.0,27970.5,1,Damage Unlikely,True,False,False,False,True,1,Coastal inundation only
park-614,22669-B001-100,Changing Rm-Adj To Beach Front Aprx 100m,Armour Bay Reserve,Changing Shed,Building Level 3,Waitakere Ranges,Waitakere Ranges,650000.0,2,0.0,23513.75,1,Very Low,True,False,False,False,True,1,Coastal inundation only
park-182,10488-B077-151,Vault Toilets Fire Break - Wtks,Waitakere South Regional Park,Public Toilet,Building Level 3,Waitakere Ranges,Waitakere Ranges,450000.0,3,0.0,16278.75,1,Very Low,True,False,False,False,True,1,Coastal inundation only
park-1923,22376-B003-151,Toilet-Big Omaha Wharf,Big Omaha Wharf,Public Toilet,Building Level 3,Rodney,Rodney,450000.0,3,0.0,16278.75,0,Not mapped,False,False,False,False,True,1,Coastal inundation only
park-216,10605-B001-151,Kawakawa Bay Whitford Park Toilets,Whitford Point Reserve,Public Toilet,Building Level 3,Franklin,Franklin,450000.0,3,0.0,16278.75,1,Very Low,True,False,False,False,True,1,Coastal inundation only
park-218,10613-B001-151,Toilet-Subritzky Ramp(Ara Tai Esplanade),Ara Tai Esplanade Reserve,Public Toilet,Building Level 3,Howick,Howick,450000.0,3,0.0,16278.75,1,Very Low,True,False,False,False,True,1,Coastal inundation only
park-280,10470-B004-151,Long Drop Toilet-Brook Rd Esp Reserve,Awhitu Regional Park,Public Toilet,Building Level 3,Franklin,Franklin,450000.0,3,0.0,16278.75,1,Very Low,True,False,False,False,True,1,Coastal inundation only
park-321,11246-B002-151,Toilet-(Shelly Beach Reserve)50m South,Shelly Beach Reserve,Public Toilet,Building Level 3,Rodney,Rodney,450000.0,3,0.0,16278.75,1,Very Low,True,False,False,False,True,1,Coastal inundation only
park-37,10020-B006-151,Toilet - T11,Panmure Basin/Peterson Reserve,Public Toilet,Building Level 3,Maungakiekie-Tamaki,Maungakiekie-Tamaki,450000.0,3,0.0,16278.75,1,Very Low,True,False,False,False,True,1,Coastal inundation only
park-564,22669-B001-151,Toilet-Adj To Beach Front Approx 100m,Armour Bay Reserve,Public Toilet,Building Level 3,Waitakere Ranges,Waitakere Ranges,450000.0,3,0.0,16278.75,1,Very Low,True,False,False,False,True,1,Coastal inundation only
park-721,11136-B004-151,Toilet-Timber (Rame Reserve),Rame Reserve,Public Toilet,Building Level 3,Upper Harbour,Upper Harbour,450000.0,3,0.0,16278.75,1,Very Low,True,False,False,False,True,1,Coastal inundation only
park-730,11401-B001-151,Toilet - Taipari Strand,Taipari Strand,Public Toilet,Building Level 3,Henderson-Massey,Henderson-Massey,450000.0,3,0.0,16278.75,1,Very Low,True,False,False,False,True,1,Coastal inundation only
park-777,22385-B001-151,Toilet-End Of Waiwera Rd On Rhs,Waiwera Place Reserve,Public Toilet,Building Level 3,Hibiscus and Bays,Hibiscus and Bays,450000.0,3,0.0,16278.75,0,Not mapped,False,False,False,False,True,1,Coastal inundation only
park-1751,22500-L100-230-EXW-L01,PS_Fitness Station,Sherwood Park,Fitness Station - Public Access,Fitness Location,Henderson-Massey,Henderson-Massey,150000.0,2,0.0,13985.25,1,Damage Unlikely,True,False,False,False,True,1,Coastal inundation only
park-1763,11426-L100-230-EXW-L01,PS_Fitness Station,Coletta Esplanade,Fitness Station - Public Access,Fitness Location,Henderson-Massey,Henderson-Massey,150000.0,2,0.0,13985.25,1,Damage Unlikely,True,False,False,False,True,1,Coastal inundation only
park-1776,10754-L100-230-EXW-L02,PS_Fitness Station,Bramley Drive Reserve,Fitness Station - Public Access,Fitness Location,Howick,Howick,150000.0,2,5426.25,13985.25,0,Not mapped,False,False,False,True,True,1,Coastal inundation only
park-1795,21933-L100-230-EXW-L02,PS_Fitness Station,Sandspit Reserve - Waiuku,Fitness Station - Public Access,Fitness Location,Franklin,Franklin,150000.0,2,0.0,13985.25,1,Damage Unlikely,True,False,False,False,True,1,Coastal inundation only
park-1194,22255-L100-230-EXW-001,PS_Playground (Whole)-,Matheson Bay Reserve,Playground - Public Access,Playground Location,Rodney,Rodney,300000.0,2,0.0,10852.5,1,Very Low,True,False,False,False,True,1,Coastal inundation only
park-1254,10020-L100-230-EXW-001,PS_Playground Rdv80 off Patterson rd,Panmure Basin/Peterson Reserve,Playground - Public Access,Playground Location,Maungakiekie-Tamaki,Maungakiekie-Tamaki,300000.0,2,0.0,10852.5,1,Very Low,True,False,False,False,True,1,Coastal inundation only
park-1293,10063-L100-230-EXW-001,PS_Playground-Cnr Ridell Rd Roberta Ave,Roberta Reserve,Playground - Public Access,Playground Location,Orakei,Orakei,300000.0,2,0.0,10852.5,1,Very Low,True,False,False,False,True,1,Coastal inundation only
park-1543,21063-L100-230-EXW-001,PS_Playground,Wood Bay Reserve,Playground - Public Access,Playground Location,Waitakere Ranges,Waitakere Ranges,300000.0,2,0.0,10852.5,1,Very Low,True,False,False,False,True,1,Coastal inundation only
park-469,11129-B001-151,Toilet-Concrete (King Edward Parade Res),King Edward Parade Reserve,Public Toilet,Building Level 3,Devonport-Takapuna,Devonport-Takapuna,450000.0,3,0.0,7222.5,1,Very Low,True,False,False,False,True,1,Coastal inundation only
park-487,11273-B009-151,Orewa Park Southern Toilets Building,Orewa Reserve,Public Toilet,Building Level 3,Hibiscus and Bays,Hibiscus and Bays,450000.0,3,0.0,7222.5,0,Not mapped,False,False,False,False,True,1,Coastal inundation only
park-492,11300-B001-151,Toilet-Middle of lower reserve,Matakatia Parade Reserve,Public Toilet,Building Level 3,Hibiscus and Bays,Hibiscus and Bays,450000.0,3,0.0,7222.5,1,Very Low,True,False,False,False,True,1,Coastal inundation only
park-634,10139-B007-151,"Toilet (Pokanoa Pt, Okahu Bay)",Tamaki Drive (The Landing),Public Toilet,Building Level 3,Orakei,Orakei,450000.0,3,0.0,7222.5,1,Very Low,True,False,False,False,True,1,Coastal inundation only
park-69,10134-B022-151,Toilet - G2 (Shoal Bay Wharf),Streetscape - Great Barrier,Public Toilet,Building Level 3,Aotea/Great Barrier,Waiheke-Great Barrier,450000.0,3,0.0,7222.5,1,Very Low,True,False,False,False,True,1,Coastal inundation only
park-751,20472-B001-151,Toilet-On Right Side Next To Carpark,Gulf Harbour Marina Hammerhead Reserve,Public Toilet,Building Level 3,Hibiscus and Bays,Hibiscus and Bays,450000.0,3,0.0,7222.5,0,Not mapped,False,False,False,False,True,1,Coastal inundation only
park-1295,10321-L100-230-EXW-001,PS_Playground Rj746,Eric Armishaw Park,Playground - Public Access,Playground Location,Albert-Eden,Albert-Eden,300000.0,2,0.0,4815.0,1,Very Low,True,False,False,False,True,1,Coastal inundation only
park-984,20073-L100-230-EXW-001,PS_Playground (Whole)-,Rothesay Bay Beach Reserve,Playground - Public Access,Playground Location,Hibiscus and Bays,Hibiscus and Bays,300000.0,2,0.0,4815.0,1,Very Low,True,False,False,False,True,1,Coastal inundation only
park-266,10845-B002-151,Cockle Bay Toilet & Change Block,Cockle Bay Reserve,Public Toilet,Building Level 3,Howick,Howick,450000.0,3,0.0,3712.500000000001,1,Very Low,True,False,False,False,True,1,Coastal inundation only
park-726,11345-B001-151,Toilet-(Sandys Parade)N End Of Beach,Sandys Parade,Public Toilet,Building Level 3,Waitakere Ranges,Waitakere Ranges,450000.0,3,0.0,3712.500000000001,1,Very Low,True,False,False,False,True,1,Coastal inundation only
park-927,10652-L100-230-EXW-001,PS_Playground,Omana Esplanade,Playground - Public Access,Playground Location,Franklin,Franklin,300000.0,2,0.0,2475.0,1,Very Low,True,False,False,False,True,1,Coastal inundation only
park-1000,11143-L100-230-EXW-001,PS_Playground (Whole)-,Narrow Neck Beach,Playground - Public Access,Playground Location,Devonport-Takapuna,Devonport-Takapuna,300000.0,2,0.0,0.0,1,Damage Possible,True,True,False,False,False,1,Liquefaction review only
park-101,10307-B001-151,Toilet - Lumsden Green 58-90 Davis Cresc,Lumsden Green,Public Toilet,Building Level 3,Waitemata,Waitemata,450000.0,3,0.0,0.0,1,Damage Possible,True,True,False,False,False,1,Liquefaction review only
park-1016,10442-L100-230-EXW-001,PS_Playground Rxi26,Palm Beach Reserve,Playground - Public Access,Playground Location,Waiheke,Waiheke-Great Barrier,300000.0,2,0.0,0.0,1,Damage Possible,True,True,False,False,False,1,Liquefaction review only
park-103,10312-B001-151,Toilet - W22 Sandringham Road Reserve,Sandringham Reserve,Public Toilet,Building Level 3,Albert-Eden,Albert-Eden,450000.0,3,0.0,0.0,1,Damage Possible,True,True,False,False,False,1,Liquefaction review only
park-1048,20298-L100-230-EXW-001,PS_Playground,Crown Park,Playground - Public Access,Playground Location,Otara-Papatoetoe,Otara-Papatoetoe,300000.0,2,0.0,0.0,1,Damage Possible,True,True,False,False,False,1,Liquefaction review only
park-105,10319-B003-151,Toilet - Wi6 (Surfdale Esplanade),Surfdale Hall Reserve & Foreshore,Public Toilet,Building Level 3,Waiheke,Waiheke-Great Barrier,450000.0,3,0.0,0.0,1,Damage Possible,True,True,False,False,False,1,Liquefaction review only
park-1065,11198-L100-230-EXW-002,PS_Playground-Balance beam course,Takaanini Reserve (aka Taka Reserve),Playground - Public Access,Playground Location,Papakura,Papakura,300000.0,2,0.0,0.0,1,Damage Possible,True,True,False,False,False,1,Liquefaction review only
park-1071,22134-L100-230-EXW-002,PS_Playground,William Fraser Reserve,Playground - Public Access,Playground Location,Rodney,Rodney,300000.0,2,0.0,0.0,1,Damage Possible,True,True,False,False,False,1,Liquefaction review only
park-108,10348-B002-151,Toilet - W50 (Western Springs),Western Springs Lakeside,Public Toilet,Building Level 3,Waitemata,Waitemata,450000.0,3,0.0,0.0,1,Damage Possible,True,True,False,False,False,1,Liquefaction review only
park-1087,22018-L100-230-EXW-001,PS_Playground,Urlich Esplanade Reserve,Playground - Public Access,Playground Location,Henderson-Massey,Henderson-Massey,300000.0,2,0.0,0.0,1,Damage Possible,True,True,False,False,False,1,Liquefaction review only
park-1092,11273-L100-230-EXW-001,PS_Playground (Whole) - Middle Senior,Orewa Reserve,Playground - Public Access,Playground Location,Hibiscus and Bays,Hibiscus and Bays,300000.0,2,0.0,0.0,1,Damage Possible,True,True,False,False,False,1,Liquefaction review only
park-1093,11273-L100-230-EXW-003,PS_Playground (Whole) - Southern Swing,Orewa Reserve,Playground - Public Access,Playground Location,Hibiscus and Bays,Hibiscus and Bays,300000.0,2,0.0,0.0,1,Damage Possible,True,True,False,False,False,1,Liquefaction review only
park-1099,22645-L151-230-EXW-002,PS_Playground,Birdwood Park,Playground - Public Access,Playground Location,Henderson-Massey,Henderson-Massey,300000.0,2,0.0,0.0,1,Damage Possible,True,True,False,False,False,1,Liquefaction review only
park-1100,21563-L100-230-EXW-001,PS_Playground,Trimdon Street Reserve,Playground - Public Access,Playground Location,Manurewa,Manurewa,300000.0,2,0.0,0.0,1,Damage Possible,True,True,False,False,False,1,Liquefaction review only
park-1102,22154-L100-230-EXW-001,PS_Playground (Whole)-,Tuna Place Reserve,Playground - Public Access,Playground Location,Rodney,Rodney,300000.0,2,0.0,0.0,1,Damage Possible,True,True,False,False,False,1,Liquefaction review only
park-1114,20956-L100-230-EXW-001,PS_Playground (Whole)-,Knightsbridge Reserve,Playground - Public Access,Playground Location,Devonport-Takapuna,Devonport-Takapuna,300000.0,2,0.0,0.0,1,Damage Possible,True,True,False,False,False,1,Liquefaction review only
park-1117,20468-L100-230-EXW-001,PS_Playground (Whole)-,Gulf Harbour Recreation Reserve,Playground - Public Access,Playground Location,Hibiscus and Bays,Hibiscus and Bays,300000.0,2,0.0,0.0,1,Damage Possible,True,True,False,False,False,1,Liquefaction review only
park-1118,20602-L100-230-EXW-001,PS_Playground (Whole)-,Rosario Reserve,Playground - Public Access,Playground Location,Hibiscus and Bays,Hibiscus and Bays,300000.0,2,0.0,0.0,1,Damage Possible,True,True,False,False,False,1,Liquefaction review only
park-1131,11272-L200-230-EXW-001,PS_Playground-Main Carpark,Martins Bay Rec Reserve & Holiday Park,Playground - Public Access,Playground Location,Rodney,Rodney,300000.0,2,0.0,0.0,1,Damage Possible,True,True,False,False,False,1,Liquefaction review only
park-1140,11092-L100-230-EXW-001,PS_Playground (Whole)-,Browns Bay Beach Reserve,Playground - Public Access,Playground Location,Hibiscus and Bays,Hibiscus and Bays,300000.0,2,0.0,0.0,1,Damage Possible,True,True,False,False,False,1,Liquefaction review only
park-1173,22838-L100-230-EXW-001,PS_Playground,Pandora Park,Playground - Public Access,Playground Location,Howick,Howick,300000.0,2,0.0,0.0,1,Damage Possible,True,True,False,False,False,1,Liquefaction review only
park-1178,22148-L100-230-EXW-001,PS_Playground (Whole)-,Pukemateko Reserve Omaha South,Playground - Public Access,Playground Location,Rodney,Rodney,300000.0,2,0.0,0.0,1,Damage Possible,True,True,False,False,False,1,Liquefaction review only
park-1184,11296-L100-230-EXW-001,PS_Playground (Whole)-,Edith Hopper Park,Playground - Public Access,Playground Location,Hibiscus and Bays,Hibiscus and Bays,300000.0,2,0.0,0.0,1,Damage Possible,True,True,False,False,False,1,Liquefaction review only
park-1185,20413-L100-230-EXW-001,PS_Playground (Whole)-,Brunton Park Reserve,Playground - Public Access,Playground Location,Hibiscus and Bays,Hibiscus and Bays,300000.0,2,0.0,0.0,1,Damage Possible,True,True,False,False,False,1,Liquefaction review only
park-1188,10365-L100-230-EXW-002,PS_Playground Football Club,Keith Hay Park,Playground - Public Access,Playground Location,Puketapapa,Puketapapa,300000.0,2,0.0,0.0,1,Damage Possible,True,True,False,False,False,1,Liquefaction review only
park-119,10365-B008-151,Toilet near Basketball Court,Keith Hay Park,Public Toilet,Building Level 3,Puketapapa,Puketapapa,450000.0,3,0.0,0.0,1,Damage Possible,True,True,False,False,False,1,Liquefaction review only
park-1191,11330-L100-230-EXW-001,PS_Playground,Township Park,Playground - Public Access,Playground Location,Waitakere Ranges,Waitakere Ranges,300000.0,2,0.0,0.0,1,Damage Possible,True,True,False,False,False,1,Liquefaction review only
park-1193,11485-L100-230-EXW-001,PS_Playground,Opanuku Reserve,Playground - Public Access,Playground Location,Henderson-Massey,Henderson-Massey,300000.0,2,0.0,0.0,1,Damage Possible,True,True,False,False,False,1,Liquefaction review only
park-1206,10998-L100-230-EXW-001,PS_Playground (Whole)-,Devonport Domain,Playground - Public Access,Playground Location,Devonport-Takapuna,Devonport-Takapuna,300000.0,2,0.0,0.0,1,Damage Possible,True,True,False,False,False,1,Liquefaction review only
park-1207,22009-L100-230-EXW-001,PS_Playground (Whole)-,Mairangi Bay Village Green,Playground - Public Access,Playground Location,Hibiscus and Bays,Hibiscus and Bays,300000.0,2,0.0,0.0,1,Damage Possible,True,True,False,False,False,1,Liquefaction review only
park-1214,11261-L100-230-EXW-001,PS_Playground (Whole)-,Tapora Recreation Reserve,Playground - Public Access,Playground Location,Rodney,Rodney,300000.0,2,0.0,0.0,1,Damage Possible,True,True,False,False,False,1,Liquefaction review only
park-1236,21157-L100-230-EXW-001,PS_Playground Rj761,Harwood Reserve,Playground - Public Access,Playground Location,Albert-Eden,Albert-Eden,300000.0,2,0.0,0.0,1,Damage Possible,True,True,False,False,False,1,Liquefaction review only
park-1240,10319-L100-230-EXW-001,PS_Playground Scy51,Surfdale Hall Reserve & Foreshore,Playground - Public Access,Playground Location,Waiheke,Waiheke-Great Barrier,300000.0,2,0.0,0.0,1,Damage Possible,True,True,False,False,False,1,Liquefaction review only
park-1246,10360-L100-230-EXW-001,PS_Playground - Venue for hire,Sandringham Community Centre,Playground - Exclusive Access,Playground Location,Albert-Eden,Albert-Eden,300000.0,2,0.0,0.0,1,Damage Possible,True,True,False,False,False,1,Liquefaction review only
park-1270,21866-L100-230-EXW-001,PS_Playground Ryf84,St Heliers Bay Beach Reserve,Playground - Public Access,Playground Location,Orakei,Orakei,300000.0,2,0.0,0.0,1,Damage Possible,True,True,False,False,False,1,Liquefaction review only
park-1275,10312-L100-230-EXW-001,PS_Playground Rah64,Sandringham Reserve,Playground - Public Access,Playground Location,Albert-Eden,Albert-Eden,300000.0,2,0.0,0.0,1,Damage Possible,True,True,False,False,False,1,Liquefaction review only
park-128,10314-B001-151,Toilet - G12 (Sandhills Rec Reserve),Medlands Playground Reserve,Public Toilet,Building Level 3,Aotea/Great Barrier,Waiheke-Great Barrier,450000.0,3,0.0,0.0,1,Damage Possible,True,True,False,False,False,1,Liquefaction review only
park-1288,20219-L100-230-EXW-001,PS_Playground,Dissmeyer Park,Playground - Public Access,Playground Location,Otara-Papatoetoe,Otara-Papatoetoe,300000.0,2,0.0,0.0,1,Damage Possible,True,True,False,False,False,1,Liquefaction review only
park-1289,22860-L100-230-EXW-002,PS_Playground,Orere Point Beach Reserve,Playground - Public Access,Playground Location,Franklin,Franklin,300000.0,2,0.0,0.0,1,Damage Possible,True,True,False,False,False,1,Liquefaction review only
park-1298,10200-L100-230-EXW-001,PS_Playground Rxi27,Victoria Park,Playground - Public Access,Playground Location,Waitemata,Waitemata,300000.0,2,0.0,0.0,1,Damage Possible,True,True,False,False,False,1,Liquefaction review only
park-1303,10365-L100-230-EXW-001,PS_Playground Rxi05,Keith Hay Park,Playground - Public Access,Playground Location,Puketapapa,Puketapapa,300000.0,2,0.0,0.0,1,Damage Possible,True,True,False,False,False,1,Liquefaction review only
park-1306,10265-L100-230-EXW-001,PS_Playground,Coxs Bay Reserve,Playground - Public Access,Playground Location,Waitemata,Waitemata,300000.0,2,0.0,0.0,1,Damage Possible,True,True,False,False,False,1,Liquefaction review only
park-1307,11198-L100-230-EXW-001,PS_Playground-By Station Rd,Takaanini Reserve (aka Taka Reserve),Playground - Public Access,Playground Location,Papakura,Papakura,300000.0,2,0.0,0.0,1,Damage Possible,True,True,False,False,False,1,Liquefaction review only
park-1318,10889-L100-230-EXW-001,PS_Playground,Howick Domain,Playground - Public Access,Playground Location,Howick,Howick,300000.0,2,0.0,0.0,1,Damage Possible,True,True,False,False,False,1,Liquefaction review only
park-1322,21971-L100-230-EXW-001,PS_Playground,Earnslaw Park,Playground - Public Access,Playground Location,Howick,Howick,300000.0,2,0.0,0.0,1,Damage Possible,True,True,False,False,False,1,Liquefaction review only
park-1332,21917-L100-230-EXW-001,PS_Playground,Salford Park,Playground - Public Access,Playground Location,Howick,Howick,300000.0,2,0.0,0.0,1,Damage Possible,True,True,False,False,False,1,Liquefaction review only
park-1352,11221-L100-230-EXW-001,PS_Playground-Glasgow Park (Lions),Glasgow Park,Playground - Public Access,Playground Location,Rodney,Rodney,300000.0,2,0.0,0.0,1,Damage Possible,True,True,False,False,False,1,Liquefaction review only
park-1359,21705-L100-230-EXW-001,PS_Playground,Otahuhu/Mt Richmond,Playground - Public Access,Playground Location,Maungakiekie-Tamaki,Maungakiekie-Tamaki,300000.0,2,0.0,0.0,1,Damage Possible,True,True,False,False,False,1,Liquefaction review only
park-1382,11273-L100-230-EXW-002,PS_Playground (Whole) - Northern Boat,Orewa Reserve,Playground - Public Access,Playground Location,Hibiscus and Bays,Hibiscus and Bays,300000.0,2,0.0,0.0,1,Damage Possible,True,True,False,False,False,1,Liquefaction review only
park-1385,22917-L100-230-EXW-001,PS_Playground-Not to include in total Ar,Pohutukawa Park (Whitford),Playground - Public Access,Playground Location,Franklin,Franklin,300000.0,2,0.0,0.0,1,Damage Possible,True,True,False,False,False,1,Liquefaction review only
park-1393,21422-L100-230-EXW-001,PS_Playground,Vickers Park,Playground - Public Access,Playground Location,Mangere-Otahuhu,Mangere-Otahuhu,300000.0,2,0.0,0.0,1,Damage Possible,True,True,False,False,False,1,Liquefaction review only
park-1394,10887-L100-230-EXW-001,PS_Playground,Te Puru Park,Playground - Public Access,Playground Location,Franklin,Franklin,300000.0,2,0.0,0.0,1,Damage Possible,True,True,False,False,False,1,Liquefaction review only
park-1401,21840-L100-230-EXW-001,PS_Playground,Shifnal Drive Reserve (cnr Trimdon St),Playground - Public Access,Playground Location,Manurewa,Manurewa,300000.0,2,0.0,0.0,1,Damage Possible,True,True,False,False,False,1,Liquefaction review only
park-1413,11213-L100-230-EXW-001,PS_Playground (Whole)-btwn carpark&field,Rautawhiri Park,Playground - Public Access,Playground Location,Rodney,Rodney,300000.0,2,0.0,0.0,1,Damage Possible,True,True,False,False,False,1,Liquefaction review only
park-142,10424-B004-100,Toilet - By Playground,Madills Farm Recreation Reserve,Public Toilet,Building Level 3,Orakei,Orakei,450000.0,3,0.0,0.0,1,Damage Possible,True,True,False,False,False,1,Liquefaction review only
park-1420,11072-L100-230-EXW-001,PS_Playground (Whole) - Top Reserve,Sunnynook Park,Playground - Public Access,Playground Location,Devonport-Takapuna,Devonport-Takapuna,300000.0,2,0.0,0.0,1,Damage Possible,True,True,False,False,False,1,Liquefaction review only
park-1421,22360-L100-230-EXW-001,PS_Playground (Whole)-,Sunburst Reserve & Tamatea Espl,Playground - Public Access,Playground Location,Rodney,Rodney,300000.0,2,0.0,0.0,1,Damage Possible,True,True,False,False,False,1,Liquefaction review only
park-1434,11222-L100-230-EXW-001,PS_Playground (Whole)-,Bourne Dean Recreation Reserve,Playground - Public Access,Playground Location,Rodney,Rodney,300000.0,2,0.0,0.0,1,Damage Possible,True,True,False,False,False,1,Liquefaction review only
park-1435,11064-L100-230-EXW-001,PS_Playground (Whole)-,Bond Reserve - Forrest Hill,Playground - Public Access,Playground Location,Devonport-Takapuna,Devonport-Takapuna,300000.0,2,0.0,0.0,1,Damage Possible,True,True,False,False,False,1,Liquefaction review only
park-1438,11080-L100-230-EXW-001,PS_Playground (Whole)-,Seine Reserve,Playground - Public Access,Playground Location,Devonport-Takapuna,Devonport-Takapuna,300000.0,2,0.0,0.0,1,Damage Possible,True,True,False,False,False,1,Liquefaction review only
park-1453,10034-L100-230-EXW-002,PS_Playground Rq997,Mt Roskill War Memorial Park,Playground - Public Access,Playground Location,Puketapapa,Puketapapa,300000.0,2,0.0,0.0,1,Damage Possible,True,True,False,False,False,1,Liquefaction review only
park-1455,10245-L100-230-EXW-001,PS_Playground Rqu29,Mary Wilson Reserve,Playground - Public Access,Playground Location,Waiheke,Waiheke-Great Barrier,300000.0,2,0.0,0.0,1,Damage Possible,True,True,False,False,False,1,Liquefaction review only
park-1477,10253-L100-230-EXW-001,PS_Playground,Waiatarua Reserve (Remuera),Playground - Public Access,Playground Location,Orakei,Orakei,300000.0,2,0.0,0.0,1,Damage Possible,True,True,False,False,False,1,Liquefaction review only
park-1487,24530-L100-230-EXW-001,PS_Playground-Eastern end of reserve,Leadership Crescent Reserve,Playground - Public Access,Playground Location,Papakura,Papakura,300000.0,2,0.0,0.0,1,Damage Possible,True,True,False,False,False,1,Liquefaction review only
park-1494,23007-L100-230-EXW-001,PS_Playground,Manuroa Reserve,Playground - Public Access,Playground Location,Papakura,Papakura,300000.0,2,0.0,0.0,1,Damage Possible,True,True,False,False,False,1,Liquefaction review only
park-1495,10658-L100-230-EXW-001,PS_Playground,Sandbrook Reserve,Playground - Public Access,Playground Location,Otara-Papatoetoe,Otara-Papatoetoe,300000.0,2,0.0,0.0,1,Damage Possible,True,True,False,False,False,1,Liquefaction review only
park-1496,20821-L100-230-EXW-001,PS_Playground,Hamill Reserve,Playground - Public Access,Playground Location,Otara-Papatoetoe,Otara-Papatoetoe,300000.0,2,0.0,0.0,1,Damage Possible,True,True,False,False,False,1,Liquefaction review only
park-1500,20020-L100-230-EXW-001,PS_Playground (Whole)-,Murrays Bay Beach Reserve,Playground - Public Access,Playground Location,Hibiscus and Bays,Hibiscus and Bays,300000.0,2,0.0,0.0,1,Damage Possible,True,True,False,False,False,1,Liquefaction review only
park-1501,22152-L100-230-EXW-001,PS_Playground (Whole)-,Sherwood Reserve,Playground - Public Access,Playground Location,Hibiscus and Bays,Hibiscus and Bays,300000.0,2,0.0,0.0,1,Damage Possible,True,True,False,False,False,1,Liquefaction review only
park-1502,10473-L100-230-EXW-001,PS_Playground (Whole),Te Oneroa o Kahu/Long Bay Regional Park,Playground - Public Access,Playground Location,Hibiscus and Bays,Hibiscus and Bays,300000.0,2,0.0,0.0,1,Damage Possible,True,True,False,False,False,1,Liquefaction review only
park-1520,22264-L100-230-EXW-001,PS_Playground (Whole),Excelsior Way Reserve,Playground - Public Access,Playground Location,Rodney,Rodney,300000.0,2,0.0,0.0,1,Damage Possible,True,True,False,False,False,1,Liquefaction review only
park-1535,11072-L100-230-EXW-002,PS_Playground (Whole) - Community Centre,Sunnynook Park,Playground - Public Access,Playground Location,Devonport-Takapuna,Devonport-Takapuna,300000.0,2,0.0,0.0,1,Damage Possible,True,True,False,False,False,1,Liquefaction review only
park-1550,20907-L100-230-EXW-001,PS_Playground,Clavoy Park,Playground - Public Access,Playground Location,Howick,Howick,300000.0,2,0.0,0.0,1,Damage Possible,True,True,False,False,False,1,Liquefaction review only
park-1558,10425-L100-230-EXW-001,PS_Playground Raa84,Comm Hall (Medical),Playground - Public Access,Playground Location,Aotea/Great Barrier,Waiheke-Great Barrier,300000.0,2,0.0,0.0,1,Damage Possible,True,True,False,False,False,1,Liquefaction review only
park-1569,20387-L100-230-EXW-001,PS_Playground,Wiri Stream Reserve,Playground - Public Access,Playground Location,Manurewa,Manurewa,300000.0,2,0.0,0.0,1,Damage Possible,True,True,False,False,False,1,Liquefaction review only
park-158,10473-B025-151,Toilet Block North Gound - Long,Te Oneroa o Kahu/Long Bay Regional Park,Public Toilet,Building Level 3,Hibiscus and Bays,Hibiscus and Bays,450000.0,3,0.0,0.0,1,Damage Possible,True,True,False,False,False,1,Liquefaction review only
park-1585,21726-L100-230-EXW-001,PS_Playground,Raphoe Park,Playground - Public Access,Playground Location,Howick,Howick,300000.0,2,0.0,0.0,1,Damage Possible,True,True,False,False,False,1,Liquefaction review only
park-159,10473-B026-151,Toilet Block South Ground - Long,Te Oneroa o Kahu/Long Bay Regional Park,Public Toilet,Building Level 3,Hibiscus and Bays,Hibiscus and Bays,450000.0,3,0.0,0.0,1,Damage Possible,True,True,False,False,False,1,Liquefaction review only
park-1596,22359-L100-230-EXW-001,PS_Playground (Whole)-,Snells Beach (Sunrise Boulevard),Playground - Public Access,Playground Location,Rodney,Rodney,300000.0,2,0.0,0.0,1,Damage Possible,True,True,False,False,False,1,Liquefaction review only
park-1597,22359-L100-230-EXW-002,PS_Playground-Flying Fox,Snells Beach (Sunrise Boulevard),Playground - Public Access,Playground Location,Rodney,Rodney,300000.0,2,0.0,0.0,1,Damage Possible,True,True,False,False,False,1,Liquefaction review only
park-16,10036-B001-151,Toilet - W51(731 Gt North Rd),Western Springs Outer Fields,Public Toilet,Building Level 3,Waitemata,Waitemata,450000.0,3,0.0,0.0,1,Damage Possible,True,True,False,False,False,1,Liquefaction review only
park-160,10472-B022-151,Northern Toilet Block(Dowmas)-Whlm,Maungatauhoro/Wenderholm Regional Park,Public Toilet,Building Level 3,Rodney,Rodney,450000.0,3,0.0,0.0,1,Damage Possible,True,True,False,False,False,1,Liquefaction review only
park-1603,20074-L100-230-EXW-001,PS_Playground (Whole)-,Waiake Beach Reserve,Playground - Public Access,Playground Location,Hibiscus and Bays,Hibiscus and Bays,300000.0,2,0.0,0.0,1,Damage Possible,True,True,False,False,False,1,Liquefaction review only
park-161,10472-B023-151,Schischka Campground Toilet Block,Maungatauhoro/Wenderholm Regional Park,Public Toilet,Building Level 3,Rodney,Rodney,450000.0,3,0.0,0.0,1,Damage Possible,True,True,False,False,False,1,Liquefaction review only
park-162,10473-B022-151,Toilet Block Central Ground - Long,Te Oneroa o Kahu/Long Bay Regional Park,Public Toilet,Building Level 3,Hibiscus and Bays,Hibiscus and Bays,450000.0,3,0.0,0.0,1,Damage Possible,True,True,False,False,False,1,Liquefaction review only
park-1623,11208-L100-230-EXW-001,PS_Playground (Whole)-,Puhoi Pioneer's Memorial Park Domain,Playground - Public Access,Playground Location,Rodney,Rodney,300000.0,2,0.0,0.0,1,Damage Possible,True,True,False,False,False,1,Liquefaction review only
park-163,10479-B003-151,Toilet Block Mid Te Haruhi Bay - Shak,Te Haruhi/Shakespear Regional Park,Public Toilet,Building Level 3,Hibiscus and Bays,Hibiscus and Bays,450000.0,3,0.0,0.0,1,Damage Possible,True,True,False,False,False,1,Liquefaction review only
park-1657,20599-L100-230-EXW-001,PS_Playground (Whole)-,Red Beach Park,Playground - Public Access,Playground Location,Hibiscus and Bays,Hibiscus and Bays,300000.0,2,0.0,0.0,1,Damage Possible,True,True,False,False,False,1,Liquefaction review only
park-1662,23464-L100-230-EXW-001,PS_Playground (Whole)-,Sunnynook Square,Playground - Public Access,Playground Location,Devonport-Takapuna,Devonport-Takapuna,300000.0,2,0.0,0.0,1,Damage Possible,True,True,False,False,False,1,Liquefaction review only
park-1669,22934-L100-230-EXW-001,PS_Playground,Medvale Ave Reserve,Playground - Public Access,Playground Location,Howick,Howick,300000.0,2,0.0,0.0,1,Damage Possible,True,True,False,False,False,1,Liquefaction review only
park-1671,10822-L154-230-EXW-001,PS_Playground,Kohuora Park,Playground - Public Access,Playground Location,Otara-Papatoetoe,Otara-Papatoetoe,300000.0,2,0.0,0.0,1,Damage Possible,True,True,False,False,False,1,Liquefaction review only
park-168,10480-B006-151,Vault Toilet 8 Anchor Bay Beach - Tawh,Tawharanui Regional Park,Public Toilet,Building Level 3,Rodney,Rodney,450000.0,3,0.0,0.0,1,Damage Possible,True,True,False,False,False,1,Liquefaction review only
park-1682,11263-L100-230-EXW-002,PS_Playground (Whole),Victor Eaves Park,Playground - Public Access,Playground Location,Hibiscus and Bays,Hibiscus and Bays,300000.0,2,0.0,0.0,1,Damage Possible,True,True,False,False,False,1,Liquefaction review only
park-1683,20907-L100-230-EXW-002,PS_Playground-Mid of reserve,Clavoy Park,Playground - Public Access,Playground Location,Howick,Howick,300000.0,2,0.0,0.0,1,Damage Possible,True,True,False,False,False,1,Liquefaction review only
park-1684,Panuku Playground 1,,,Playground - Public Access,Playground Location,Unknown,Unmapped / not supplied,300000.0,2,0.0,0.0,1,Damage Possible,True,True,False,False,False,1,Liquefaction review only
park-1704,11068-B003-151,Toilet (Milford Reserve),Milford Reserve,Public Toilet,Building Level 3,Devonport-Takapuna,Devonport-Takapuna,450000.0,3,0.0,0.0,1,Damage Possible,True,True,False,False,False,1,Liquefaction review only
park-1716,20895-L100-230-EXW-002,PS_Playground,Clarice Reserve,Playground - Public Access,Playground Location,Papakura,Papakura,300000.0,2,0.0,0.0,1,Damage Possible,True,True,False,False,False,1,Liquefaction review only
park-1717,21476-L100-230-EXW-002,PS_Playground,Berwyn Reserve,Playground - Public Access,Playground Location,Papakura,Papakura,300000.0,2,0.0,0.0,1,Damage Possible,True,True,False,False,False,1,Liquefaction review only
park-1718,20294-L100-230-EXW-003,PS_Playground,Cross Street Reserve,Playground - Public Access,Playground Location,Papakura,Papakura,300000.0,2,0.0,0.0,1,Damage Possible,True,True,False,False,False,1,Liquefaction review only
park-1723,22463-L100-230-EXW-001,PS_Playground (Whole) - Kaukapakapa Play,Kaukapakapa Hall/Library/Fire Station,Playground - Public Access,Playground Location,Rodney,Rodney,300000.0,2,0.0,0.0,1,Damage Possible,True,True,False,False,False,1,Liquefaction review only
park-1724,11393-L100-230-EXW-001,PS_Fitness Station,Henderson Park - Henderson,Fitness Station - Public Access,Fitness Location,Henderson-Massey,Henderson-Massey,150000.0,2,0.0,0.0,1,Damage Possible,True,True,False,False,False,1,Liquefaction review only
park-173,10484-B011-151,Women's Northern Toilet-Mrwi,Muriwai Regional Park,Public Toilet,Building Level 3,Rodney,Rodney,450000.0,3,0.0,0.0,1,Damage Possible,True,True,False,False,False,1,Liquefaction review only
park-174,10485-B007-151,Nigel Hanlon Hut - Toilet,Waitakere West Regional Park,Public Toilet,Building Level 3,Waitakere Ranges,Waitakere Ranges,450000.0,3,0.0,0.0,1,Damage Possible,True,True,False,False,False,1,Liquefaction review only
park-1748,10779-L100-230-EXW-L01,PS_Fitness Station,Clevedon Scenic Reserve,Fitness Station - Public Access,Fitness Location,Franklin,Franklin,150000.0,2,0.0,0.0,1,Damage Possible,True,True,False,False,False,1,Liquefaction review only
park-1766,10034-L100-230-EXW-L03,PS_Fitness Station,Mt Roskill War Memorial Park,Fitness Station - Public Access,Fitness Location,Puketapapa,Puketapapa,150000.0,2,0.0,0.0,1,Damage Possible,True,True,False,False,False,1,Liquefaction review only
park-177,10487-B001-151,Kayak Trail Compost Toilet,Tawhitokino Regional Park,Public Toilet,Building Level 3,Franklin,Franklin,450000.0,3,0.0,0.0,1,Damage Possible,True,True,False,False,False,1,Liquefaction review only
park-1777,10889-L100-230-EXW-L02,PS_Fitness Station,Howick Domain,Fitness Station - Public Access,Fitness Location,Howick,Howick,150000.0,2,0.0,0.0,1,Damage Possible,True,True,False,False,False,1,Liquefaction review only
park-1782,11107-L100-230-EXW-L02,PS_Fitness Station,Little Shoal Bay Reserve/Dudding Park,Fitness Station - Public Access,Fitness Location,Kaipatiki,Kaipatiki,150000.0,2,0.0,0.0,1,Damage Possible,True,True,False,False,False,1,Liquefaction review only
park-1784,11213-L100-230-EXW-004,PS_Fitness Station,Rautawhiri Park,Fitness Station - Public Access,Fitness Location,Rodney,Rodney,150000.0,2,0.0,0.0,1,Damage Possible,True,True,False,False,False,1,Liquefaction review only
park-1785,11221-L100-230-EXW-002,PS_Fitness Station,Glasgow Park,Fitness Station - Public Access,Fitness Location,Rodney,Rodney,150000.0,2,0.0,0.0,1,Damage Possible,True,True,False,False,False,1,Liquefaction review only
park-1786,11273-L100-230-EXW-005,PS_Fitness Station,Orewa Reserve,Fitness Station - Public Access,Fitness Location,Hibiscus and Bays,Hibiscus and Bays,150000.0,2,0.0,0.0,1,Damage Possible,True,True,False,False,False,1,Liquefaction review only
park-1788,11342-L100-230-EXW-002,PS_Fitness Station,Riverpark Reserve,Fitness Station - Public Access,Fitness Location,Henderson-Massey,Henderson-Massey,150000.0,2,0.0,0.0,1,Damage Possible,True,True,False,False,False,1,Liquefaction review only
park-181,10488-B021-151,Vault Toilets Carpark Whatipu - Wtks,Waitakere South Regional Park,Public Toilet,Building Level 3,Waitakere Ranges,Waitakere Ranges,450000.0,3,0.0,0.0,1,Damage Possible,True,True,False,False,False,1,Liquefaction review only
park-1812,22162-L100-230-EXW-001,PS_Playground (Whole)-S Senior,Point Wells Community Centre,Playground - Public Access,Playground Location,Rodney,Rodney,300000.0,2,0.0,0.0,1,Damage Possible,True,True,False,False,False,1,Liquefaction review only
park-1829,11261-L100-230-EXW-002,PS_Playground (Whole)-Playgroup,Tapora Recreation Reserve,Playground - Exclusive Access,Playground Location,Rodney,Rodney,300000.0,2,0.0,0.0,1,Damage Possible,True,True,False,False,False,1,Liquefaction review only
park-1833,34362-B001-151,Takaanini Library - Third Party,Takaanini Lib and Comm Hub 3rd Party,Library,Building Level 3,Papakura,Papakura,15000000.0,5,0.0,0.0,1,Damage Possible,True,True,False,False,False,1,Liquefaction review only
park-1852,21726-L100-230-EXW-L01,PS_Fitness Station,Raphoe Park,Fitness -  Public Access,Fitness Location,Howick,Howick,150000.0,2,0.0,0.0,1,Damage Possible,True,True,False,False,False,1,Liquefaction review only
park-1860,21798-B003-152,Male Changing Room,Okahu Bay Reserve,Changing Shed,Building Level 3,Orakei,Orakei,650000.0,2,0.0,0.0,1,Damage Possible,True,True,False,False,False,1,Liquefaction review only
park-1861,11072-L100-230-EXW-L04,PS_Fitness Station,Sunnynook Park,Fitness -  Public Access,Fitness Location,Devonport-Takapuna,Devonport-Takapuna,150000.0,2,0.0,0.0,1,Damage Possible,True,True,False,False,False,1,Liquefaction review only
park-1867,34440-L100-230-EXW-L03,PS_Playground - Children's Park,Awakeri Wetlands - Stormwater,Playground - Public Access,Playground Location,Papakura,Papakura,300000.0,2,0.0,0.0,1,Damage Possible,True,True,False,False,False,1,Liquefaction review only
park-1868,11273-L151-230-EXW-001,PS_Playground (Whole) - Holiday Park,Orewa Reserve,Playground - Public Access,Playground Location,Hibiscus and Bays,Hibiscus and Bays,300000.0,2,0.0,0.0,1,Damage Possible,True,True,False,False,False,1,Liquefaction review only
park-1869,21798-B003-151,Male Toilet - H39 (Okahu Bay),Okahu Bay Reserve,Public Toilet,Building Level 3,Orakei,Orakei,450000.0,3,0.0,0.0,1,Damage Possible,True,True,False,False,False,1,Liquefaction review only
park-187,10488-B037-151,Composting Whatipu C/Grd - Wtks,Waitakere South Regional Park,Public Toilet,Building Level 3,Waitakere Ranges,Waitakere Ranges,450000.0,3,0.0,0.0,1,Damage Possible,True,True,False,False,False,1,Liquefaction review only
park-1875,33881-L100-230-EXW-001,PS_Playground,Kauri Heart Park,Playground - Public Access,Playground Location,Papakura,Papakura,300000.0,2,0.0,0.0,1,Damage Possible,True,True,False,False,False,1,Liquefaction review only
park-1877,22393-L100-230-EXW-001,PS_Playground,Cabeleigh Drive Pond Reserve,Playground - Public Access,Playground Location,Rodney,Rodney,300000.0,2,0.0,0.0,1,Damage Possible,True,True,False,False,False,1,Liquefaction review only
park-1887,10253-B005-151,Toilet - Exeloo (Waiatarua Reserve),Waiatarua Reserve (Remuera),Public Toilet,Building Level 3,Orakei,Orakei,450000.0,3,0.0,0.0,1,Damage Possible,True,True,False,False,False,1,Liquefaction review only
park-1889,10480-B031-151,Toilet & Changing Room- Anchor Bay,Tawharanui Regional Park,Toilet/Changing,Building Level 3,Rodney,Rodney,800000.0,3,0.0,0.0,1,Damage Possible,True,True,False,False,False,1,Liquefaction review only
park-189,10489-B019-151,Lake Wainamu Vault Toilet - Wtkn,Waitakere North Regional Park,Public Toilet,Building Level 3,Waitakere Ranges,Waitakere Ranges,450000.0,3,0.0,0.0,1,Damage Possible,True,True,False,False,False,1,Liquefaction review only
park-1892,11056-B003-151,Toilet and changing-temp portacom.,Freyberg Park,Toilet/Changing,Building Level 3,Hibiscus and Bays,Hibiscus and Bays,800000.0,3,0.0,0.0,1,Damage Possible,True,True,False,False,False,1,Liquefaction review only
park-1897,10441-B005-102,Changing Rooms & First Aid Room,Michaels Avenue Reserve,Toilet/Changing,Building Level 3,Orakei,Orakei,800000.0,3,0.0,0.0,1,Damage Possible,True,True,False,False,False,1,Liquefaction review only
park-1901,22134-B002-100,Changing Room,William Fraser Reserve,Changing Shed,Building Level 3,Rodney,Rodney,650000.0,2,0.0,0.0,1,Damage Possible,True,True,False,False,False,1,Liquefaction review only
park-1904,22134-B002-151,Toilet-Near Carpark & Playground,William Fraser Reserve,Public Toilet,Building Level 3,Rodney,Rodney,450000.0,3,0.0,0.0,1,Damage Possible,True,True,False,False,False,1,Liquefaction review only
park-1905,11056-B006-151,Toilets and changing rooms,Freyberg Park,Public Toilet,Building Level 3,Hibiscus and Bays,Hibiscus and Bays,450000.0,3,0.0,0.0,1,Damage Possible,True,True,False,False,False,1,Liquefaction review only
park-1912,10441-B005-100,Public Toilets - Lower Floor,Michaels Avenue Reserve,Public Toilet,Building Level 3,Orakei,Orakei,450000.0,3,0.0,0.0,1,Damage Possible,True,True,False,False,False,1,Liquefaction review only
park-1914,10441-B005-101,Public Toilets - Upper Floor,Michaels Avenue Reserve,Public Toilet,Building Level 3,Orakei,Orakei,450000.0,3,0.0,0.0,1,Damage Possible,True,True,False,False,False,1,Liquefaction review only
park-1917,24920-L100-230-EXW-001,PS_Playground,169 Matua Road â€“ Provisional,Playground,Playground Location,Rodney,Rodney,300000.0,2,0.0,0.0,1,Damage Possible,True,True,False,False,False,1,Liquefaction review only
park-1919,11072-B007-151,Sunnynook Park Exeloo,Sunnynook Park,Public Toilet,Building Level 3,Devonport-Takapuna,Devonport-Takapuna,450000.0,3,0.0,0.0,1,Damage Possible,True,True,False,False,False,1,Liquefaction review only
park-1922,10365-B015-151,Toilets: 3 Kings Soccer club,Keith Hay Park,Public Toilet,Building Level 3,Puketapapa,Puketapapa,450000.0,3,0.0,0.0,1,Damage Possible,True,True,False,False,False,1,Liquefaction review only
park-1933,22864-L100-230-EXW-002,PS_Playground,Othello Park,Playground - Public Access,Playground Location,Otara-Papatoetoe,Otara-Papatoetoe,300000.0,2,0.0,0.0,1,Damage Possible,True,True,False,False,False,1,Liquefaction review only
park-1934,22864-L100-230-EXW-003,PS_Fitness Station,Othello Park,Fitness Station - Public Access,Fitness Location,Otara-Papatoetoe,Otara-Papatoetoe,150000.0,2,0.0,0.0,1,Damage Possible,True,True,False,False,False,1,Liquefaction review only
park-1937,10465-B005-151,Toilet Forestry Carpark,Te Arai Regional Park,Public Toilet,Building Level 3,Rodney,Rodney,450000.0,3,0.0,0.0,1,Damage Possible,True,True,False,False,False,1,Liquefaction review only
park-194,10496-B003-151,Toilet- (Wi27) Composting Whak,Whakanewha Regional Park,Public Toilet,Building Level 3,Waiheke,Waiheke-Great Barrier,450000.0,3,0.0,0.0,1,Damage Possible,True,True,False,False,False,1,Liquefaction review only
park-1953,21971-L100-230-EXW-L02,PS_Fitness Station,Earnslaw Park,Unknown,Fitness Location,Howick,Howick,300000.0,2,0.0,0.0,1,Damage Possible,True,True,False,False,False,1,Liquefaction review only
park-1958,11273-B027-151,Toilet-Orewa Res north of playground,Orewa Reserve,Public Toilet,Building Level 3,Hibiscus and Bays,Hibiscus and Bays,450000.0,3,0.0,0.0,1,Damage Possible,True,True,False,False,False,1,Liquefaction review only
park-1964,11466-B009-152,Animal Welfare - Compound Toilets,Henderson Animal Shelter,Public Toilet,Building Level 3,Henderson-Massey,Henderson-Massey,450000.0,3,0.0,0.0,1,Damage Possible,True,True,False,False,False,1,Liquefaction review only
park-1971,20701-B151-153,Orewa Library ground floor toilets,Orewa Library Grounds,Library,Building Level 3,Hibiscus and Bays,Hibiscus and Bays,15000000.0,5,0.0,0.0,1,Damage Possible,True,True,False,False,False,1,Liquefaction review only
park-1973,20701-B151-154,Orewa Library ground floor main area,Orewa Library Grounds,Library,Building Level 3,Hibiscus and Bays,Hibiscus and Bays,15000000.0,5,0.0,0.0,1,Damage Possible,True,True,False,False,False,1,Liquefaction review only
park-1978,20701-B151-156,Orewa Library level 1 workroom & office,Orewa Library Grounds,Library,Building Level 3,Hibiscus and Bays,Hibiscus and Bays,15000000.0,5,0.0,0.0,1,Damage Possible,True,True,False,False,False,1,Liquefaction review only
park-1980,20701-B151-157,Orewa Library Mezz floor toilets,Orewa Library Grounds,Library,Building Level 3,Hibiscus and Bays,Hibiscus and Bays,15000000.0,5,0.0,0.0,1,Damage Possible,True,True,False,False,False,1,Liquefaction review only
park-1981,11071-B002-152,Becroft Park P/T Changing Rooms,Becroft Park Reserve,Toilet/Changing,Building Level 3,Devonport-Takapuna,Devonport-Takapuna,800000.0,3,0.0,0.0,1,Damage Possible,True,True,False,False,False,1,Liquefaction review only
park-1982,11221-B005-151,Toilet-New Toilet by Playground,Glasgow Park,Public Toilet,Building Level 3,Rodney,Rodney,450000.0,3,0.0,0.0,1,Damage Possible,True,True,False,False,False,1,Liquefaction review only
park-1984,20701-B151-158,Orewa Library Mezz floor main area,Orewa Library Grounds,Library,Building Level 3,Hibiscus and Bays,Hibiscus and Bays,15000000.0,5,0.0,0.0,1,Damage Possible,True,True,False,False,False,1,Liquefaction review only
park-1985,11071-B002-151,Becroft Park Public Toilet,Becroft Park Reserve,Public Toilet,Building Level 3,Devonport-Takapuna,Devonport-Takapuna,450000.0,3,0.0,0.0,1,Damage Possible,True,True,False,False,False,1,Liquefaction review only
park-1987,20701-B151-155,Orewa Library level 1 toilets,Orewa Library Grounds,Library,Building Level 3,Hibiscus and Bays,Hibiscus and Bays,15000000.0,5,0.0,0.0,1,Damage Possible,True,True,False,False,False,1,Liquefaction review only
park-1993,10210-B152-101,Great Barrier Library,Old Service Centre Build. Great Barrier,Library,Building Level 3,Aotea/Great Barrier,Waiheke-Great Barrier,15000000.0,5,0.0,0.0,1,Damage Possible,True,True,False,False,False,1,Liquefaction review only
park-1997,34411-B001-151,Awaruaika public toilet,Awaruaika,Public Toilet,Building Level 3,Hibiscus and Bays,Hibiscus and Bays,450000.0,3,0.0,0.0,1,Damage Possible,True,True,False,False,False,1,Liquefaction review only
park-2018,10465-B006-151,Toilet Pacific Road Beach Carpark,Te Arai Regional Park,Public Toilet,Building Level 3,Rodney,Rodney,450000.0,3,0.0,0.0,1,Damage Possible,True,True,False,False,False,1,Liquefaction review only
park-210,10587-B001-152,Moyle Park Change Rooms,Moyle Park,Changing Shed,Building Level 3,Mangere-Otahuhu,Mangere-Otahuhu,650000.0,2,0.0,0.0,1,Damage Possible,True,True,False,False,False,1,Liquefaction review only
park-234,10639-B001-100,Orere Point Library,Orere Point Library and Grounds,Library Rural,Building Level 3,Franklin,Franklin,5000000.0,4,0.0,0.0,1,Damage Possible,True,True,False,False,False,1,Liquefaction review only
park-239,10442-B002-151,Toilet - Wi8 (Palm Beach Reserve),Palm Beach Reserve,Public Toilet,Building Level 3,Waiheke,Waiheke-Great Barrier,450000.0,3,0.0,0.0,1,Damage Possible,True,True,False,False,False,1,Liquefaction review only
park-241,10465-B001-151,Toilet Car Park,Te Arai Regional Park,Public Toilet,Building Level 3,Rodney,Rodney,450000.0,3,0.0,0.0,1,Damage Possible,True,True,False,False,False,1,Liquefaction review only
park-258,10791-B001-100,Kawakawa Bay Library,Rautawa Place Reserve,Library Rural,Building Level 3,Franklin,Franklin,5000000.0,4,0.0,0.0,1,Damage Possible,True,True,False,False,False,1,Liquefaction review only
park-263,10835-B006-152,Mangere Centre Park Change room,Mangere Centre Park,Changing Shed,Building Level 3,Mangere-Otahuhu,Mangere-Otahuhu,650000.0,2,0.0,0.0,1,Damage Possible,True,True,False,False,False,1,Liquefaction review only
park-264,10835-B007-151,Toilet- (Mangere Centre Park)Clubroom,Mangere Centre Park,Public Toilet,Building Level 3,Mangere-Otahuhu,Mangere-Otahuhu,450000.0,3,0.0,0.0,1,Damage Possible,True,True,False,False,False,1,Liquefaction review only
park-279,10469-B005-151,Main Toilet At Carpark-Dudr,Duder Regional Park,Public Toilet,Building Level 3,Franklin,Franklin,450000.0,3,0.0,0.0,1,Damage Possible,True,True,False,False,False,1,Liquefaction review only
park-298,11143-B001-151,Narrow Neck Beach Public Toilets,Narrow Neck Beach,Public Toilet,Building Level 3,Devonport-Takapuna,Devonport-Takapuna,450000.0,3,0.0,0.0,1,Damage Possible,True,True,False,False,False,1,Liquefaction review only
park-3,10034-B003-101,Toilet - E25 (May Rd WM Park),Mt Roskill War Memorial Park,Public Toilet,Building Level 3,Puketapapa,Puketapapa,450000.0,3,0.0,0.0,1,Damage Possible,True,True,False,False,False,1,Liquefaction review only
park-305,11183-B002-151,Toilet-Behind Ardmore Hall,Ardmore Hall,Public Toilet,Building Level 3,Franklin,Franklin,450000.0,3,0.0,0.0,1,Damage Possible,True,True,False,False,False,1,Liquefaction review only
park-317,11208-B001-151,Toilet-(Puhoi Pioneer's Mem Park Domain),Puhoi Pioneer's Memorial Park Domain,Public Toilet,Building Level 3,Rodney,Rodney,450000.0,3,0.0,0.0,1,Damage Possible,True,True,False,False,False,1,Liquefaction review only
park-318,11209-B001-151,Toilet-(Red Beach Waterfront Reserve),Red Beach Waterfront Reserve,Public Toilet,Building Level 3,Hibiscus and Bays,Hibiscus and Bays,450000.0,3,0.0,0.0,1,Damage Possible,True,True,False,False,False,1,Liquefaction review only
park-319,11213-B001-151,Toilet- (Rautawhiri Park)East,Rautawhiri Park,Public Toilet,Building Level 3,Rodney,Rodney,450000.0,3,0.0,0.0,1,Damage Possible,True,True,False,False,False,1,Liquefaction review only
park-33,10002-B002-152,Changing Room,Orakei Domain B,Changing Shed,Building Level 3,Orakei,Orakei,650000.0,2,0.0,0.0,1,Damage Possible,True,True,False,False,False,1,Liquefaction review only
park-331,10887-B006-151,Toilet-(Te Puru Park )Underneath L/Ctr,Te Puru Park,Public Toilet,Building Level 3,Franklin,Franklin,450000.0,3,0.0,0.0,1,Damage Possible,True,True,False,False,False,1,Liquefaction review only
park-334,11263-B001-152,Changing Room,Victor Eaves Park,Changing Shed,Building Level 3,Hibiscus and Bays,Hibiscus and Bays,650000.0,2,0.0,0.0,1,Damage Possible,True,True,False,False,False,1,Liquefaction review only
park-335,11273-B018-151,Toilet- (Orewa Park Grounds) Surf Club,Orewa Reserve,Public Toilet,Building Level 3,Hibiscus and Bays,Hibiscus and Bays,450000.0,3,0.0,0.0,1,Damage Possible,True,True,False,False,False,1,Liquefaction review only
park-349,11434-B003-151,Toilet-Les Waygood-Carpark,Les Waygood Park,Public Toilet,Building Level 3,Waitakere Ranges,Waitakere Ranges,450000.0,3,0.0,0.0,1,Damage Possible,True,True,False,False,False,1,Liquefaction review only
park-354,20007-B151-152,Devonport Library,Windsor Reserve,Library,Building Level 3,Devonport-Takapuna,Devonport-Takapuna,15000000.0,5,0.0,0.0,1,Damage Possible,True,True,False,False,False,1,Liquefaction review only
park-364,20405-B008-151,"Merton Rd, 71-75 - Toilet",Colin Maiden Park,Public Toilet,Building Level 3,Orakei,Orakei,450000.0,3,0.0,0.0,1,Damage Possible,True,True,False,False,False,1,Liquefaction review only
park-368,20647-B001-151,Toilet- (Karekare Reserve)On N Side,Karekare Reserve,Public Toilet,Building Level 3,Waitakere Ranges,Waitakere Ranges,450000.0,3,0.0,0.0,1,Damage Possible,True,True,False,False,False,1,Liquefaction review only
park-370,20754-B001-151,Toilet- (Hatfields Beach Reserve),Hatfields Beach Reserve,Public Toilet,Building Level 3,Hibiscus and Bays,Hibiscus and Bays,450000.0,3,0.0,0.0,1,Damage Possible,True,True,False,False,False,1,Liquefaction review only
park-379,21866-B002-151,Toilet - H30 (Cliff Road),St Heliers Bay Beach Reserve,Public Toilet,Building Level 3,Orakei,Orakei,450000.0,3,0.0,0.0,1,Damage Possible,True,True,False,False,False,1,Liquefaction review only
park-385,22270-B001-151,Toilet- (Omaha Beach Boat Launc & Wharf),Omaha Beach Boat Launching & Wharf,Public Toilet,Building Level 3,Rodney,Rodney,450000.0,3,0.0,0.0,1,Damage Possible,True,True,False,False,False,1,Liquefaction review only
park-388,22360-B001-151,Toilet-At Entrance To Beachfront,Sunburst Reserve & Tamatea Espl,Public Toilet,Building Level 3,Rodney,Rodney,450000.0,3,0.0,0.0,1,Damage Possible,True,True,False,False,False,1,Liquefaction review only
park-393,22477-B151-102,Kumeu Library,Huapai Service Centre/Kumeu Library,Library,Building Level 3,Rodney,Rodney,15000000.0,5,0.0,0.0,1,Damage Possible,True,True,False,False,False,1,Liquefaction review only
park-394,22477-B151-151,Toilet - Huapai Service Centre,Huapai Service Centre/Kumeu Library,Public Toilet,Building Level 3,Rodney,Rodney,450000.0,3,0.0,0.0,1,Damage Possible,True,True,False,False,False,1,Liquefaction review only
park-4,10034-B004-151,Toilet - E26(May Rd WM Park),Mt Roskill War Memorial Park,Public Toilet,Building Level 3,Puketapapa,Puketapapa,450000.0,3,0.0,0.0,1,Damage Possible,True,True,False,False,False,1,Liquefaction review only
park-400,10484-B009-151,Men's Northern Toilet-Mrwi,Muriwai Regional Park,Public Toilet,Building Level 3,Rodney,Rodney,450000.0,3,0.0,0.0,1,Damage Possible,True,True,False,False,False,1,Liquefaction review only
park-402,10484-B013-151,Toilet Horse Park,Muriwai Regional Park,Public Toilet,Building Level 3,Rodney,Rodney,450000.0,3,0.0,0.0,1,Damage Possible,True,True,False,False,False,1,Liquefaction review only
park-403,10484-B014-151,Sth Carpark Toilet Motutara Rd,Muriwai Regional Park,Public Toilet,Building Level 3,Rodney,Rodney,450000.0,3,0.0,0.0,1,Damage Possible,True,True,False,False,False,1,Liquefaction review only
park-41,10099-B003-151,Toilet - V4 (Pakenham St),Streetscape - Waitemata,Public Toilet,Building Level 3,Waitemata,Waitemata,450000.0,3,0.0,0.0,1,Damage Possible,True,True,False,False,False,1,Liquefaction review only
park-43,10099-B004-151,Toilet - V2 ( Waitemata Plaza ),Streetscape - Waitemata,Public Toilet,Building Level 3,Waitemata,Waitemata,450000.0,3,0.0,0.0,1,Damage Possible,True,True,False,False,False,1,Liquefaction review only
park-437,10835-B006-151,Mangere Centre Park Toilets,Mangere Centre Park,Public Toilet,Building Level 3,Mangere-Otahuhu,Mangere-Otahuhu,450000.0,3,0.0,0.0,1,Damage Possible,True,True,False,False,False,1,Liquefaction review only
park-439,10889-B006-151,Howick Domain Changing Rooms,Howick Domain,Changing Shed,Building Level 3,Howick,Howick,650000.0,2,0.0,0.0,1,Damage Possible,True,True,False,False,False,1,Liquefaction review only
park-440,10889-B006-152,Howick Domain Toilet,Howick Domain,Public Toilet,Building Level 3,Howick,Howick,450000.0,3,0.0,0.0,1,Damage Possible,True,True,False,False,False,1,Liquefaction review only
park-447,11059-B002-151,Mairangi Bay Park Public Toilets,Mairangi Bay Park,Public Toilet,Building Level 3,Hibiscus and Bays,Hibiscus and Bays,450000.0,3,0.0,0.0,1,Damage Possible,True,True,False,False,False,1,Liquefaction review only
park-448,11069-B001-151,Onewa Domain Toilets (Under Rugby Club),Onewa Domain,Public Toilet,Building Level 3,Kaipatiki,Kaipatiki,450000.0,3,0.0,0.0,1,Damage Possible,True,True,False,False,False,1,Liquefaction review only
park-449,11072-B003-151,Public Toilet (near Sunnynook Road),Sunnynook Park,Public Toilet,Building Level 3,Devonport-Takapuna,Devonport-Takapuna,450000.0,3,0.0,0.0,1,Damage Possible,True,True,False,False,False,1,Liquefaction review only
park-450,11072-B006-151,Public Toilet (near Sunnynook Road),Sunnynook Park,Public Toilet,Building Level 3,Devonport-Takapuna,Devonport-Takapuna,450000.0,3,0.0,0.0,1,Damage Possible,True,True,False,False,False,1,Liquefaction review only
park-454,11100-B153-151,East Coast Bays Library,Browns Bay Village Green,Library,Building Level 3,Hibiscus and Bays,Hibiscus and Bays,15000000.0,5,0.0,0.0,1,Damage Possible,True,True,False,False,False,1,Liquefaction review only
park-473,11301-B001-151,Toilet-Omaha Reserve in Carpark,Omaha Reserve,Public Toilet,Building Level 3,Rodney,Rodney,450000.0,3,0.0,0.0,1,Damage Possible,True,True,False,False,False,1,Liquefaction review only
park-475,11337-B006-151,Toilet-Piha Domain,Piha Domain,Public Toilet,Building Level 3,Waitakere Ranges,Waitakere Ranges,450000.0,3,0.0,0.0,1,Damage Possible,True,True,False,False,False,1,Liquefaction review only
park-482,11203-B001-151,Toilet- (Tomarata Dune Lakes Reserve),Tomarata Dune Lakes Reserve,Public Toilet,Building Level 3,Rodney,Rodney,450000.0,3,0.0,0.0,1,Damage Possible,True,True,False,False,False,1,Liquefaction review only
park-483,11207-B001-151,CLSD_Kumeu Toilet (infront of Plunket),Kumeu Utility Reserve & Public Toilets,Public Toilet,Building Level 3,Rodney,Rodney,450000.0,3,0.0,0.0,1,Damage Possible,True,True,False,False,False,1,Liquefaction review only
park-491,11298-B001-151,Toilet- (Harry James Reserve)Sth West,Harry James Reserve,Public Toilet,Building Level 3,Rodney,Rodney,450000.0,3,0.0,0.0,1,Damage Possible,True,True,False,False,False,1,Liquefaction review only
park-494,11330-B001-151,Toilet-(Township Park) Township Road,Township Park,Public Toilet,Building Level 3,Waitakere Ranges,Waitakere Ranges,450000.0,3,0.0,0.0,1,Damage Possible,True,True,False,False,False,1,Liquefaction review only
park-500,11393-B003-151,Toilet- (Henderson Park),Henderson Park - Henderson,Public Toilet,Building Level 3,Henderson-Massey,Henderson-Massey,450000.0,3,0.0,0.0,1,Damage Possible,True,True,False,False,False,1,Liquefaction review only
park-502,11434-B001-151,Toilet-Les Waygood-North,Les Waygood Park,Public Toilet,Building Level 3,Waitakere Ranges,Waitakere Ranges,450000.0,3,0.0,0.0,1,Damage Possible,True,True,False,False,False,1,Liquefaction review only
park-503,11434-B002-151,Toilet-Les Waygood-South,Les Waygood Park,Public Toilet,Building Level 3,Waitakere Ranges,Waitakere Ranges,450000.0,3,0.0,0.0,1,Damage Possible,True,True,False,False,False,1,Liquefaction review only
park-520,20020-B152-151,Murrays Bay Reserve Toilet,Murrays Bay Beach Reserve,Public Toilet,Building Level 3,Hibiscus and Bays,Hibiscus and Bays,450000.0,3,0.0,0.0,1,Damage Possible,True,True,False,False,False,1,Liquefaction review only
park-521,20021-B002-151,Toilet-Brick (Balmain Reserve) Mens,Balmain Reserve,Public Toilet,Building Level 3,Devonport-Takapuna,Devonport-Takapuna,450000.0,3,0.0,0.0,1,Damage Possible,True,True,False,False,False,1,Liquefaction review only
park-535,20612-B001-151,Toilet-At Entrance To Reserve,Gap Road Recreation Reserve,Public Toilet,Building Level 3,Franklin,Franklin,450000.0,3,0.0,0.0,1,Damage Possible,True,True,False,False,False,1,Liquefaction review only
park-536,20668-B001-151,Toilet - G5 (Sandhills Road Reserve),Medlands Carpark,Public Toilet,Building Level 3,Aotea/Great Barrier,Waiheke-Great Barrier,450000.0,3,0.0,0.0,1,Damage Possible,True,True,False,False,False,1,Liquefaction review only
park-537,20670-B001-151,Toilet- (Moana Reserve)Northern End,Moana Reserve,Public Toilet,Building Level 3,Hibiscus and Bays,Hibiscus and Bays,450000.0,3,0.0,0.0,1,Damage Possible,True,True,False,False,False,1,Liquefaction review only
park-539,20696-B001-151,Toilet - G9 (Awana),Awana Road Reserve,Public Toilet,Building Level 3,Aotea/Great Barrier,Waiheke-Great Barrier,450000.0,3,0.0,0.0,1,Damage Possible,True,True,False,False,False,1,Liquefaction review only
park-540,20701-B151-151,Orewa library- Ground floor main area,Orewa Library Grounds,Library,Building Level 3,Hibiscus and Bays,Hibiscus and Bays,15000000.0,5,0.0,0.0,1,Damage Possible,True,True,False,False,False,1,Liquefaction review only
park-541,20701-B151-152,Orewa Library-Level 1 work & staff room,Orewa Library Grounds,Library,Building Level 3,Hibiscus and Bays,Hibiscus and Bays,15000000.0,5,0.0,0.0,1,Damage Possible,True,True,False,False,False,1,Liquefaction review only
park-547,21448-B001-151,Toilet (Meola Reef Reserve),Meola Reef Reserve,Public Toilet,Building Level 3,Waitemata,Waitemata,450000.0,3,0.0,0.0,1,Damage Possible,True,True,False,False,False,1,Liquefaction review only
park-551,21747-B001-151,Toilet-Piha South Reserve,Piha South Road Reserve,Public Toilet,Building Level 3,Waitakere Ranges,Waitakere Ranges,450000.0,3,0.0,0.0,1,Damage Possible,True,True,False,False,False,1,Liquefaction review only
park-561,22423-B001-151,Toilet-At Front Of Reserve,Stillwater Reserve,Public Toilet,Building Level 3,Hibiscus and Bays,Hibiscus and Bays,450000.0,3,0.0,0.0,1,Damage Possible,True,True,False,False,False,1,Liquefaction review only
park-566,22860-B001-151,Toilet/Chg (Orere Point Beach Public),Orere Point Beach Reserve,Public Toilet,Building Level 3,Franklin,Franklin,450000.0,3,0.0,0.0,1,Damage Possible,True,True,False,False,False,1,Liquefaction review only
park-57,10134-B003-151,Toilet - G7 (Claris Store),Streetscape - Great Barrier,Public Toilet,Building Level 3,Aotea/Great Barrier,Waiheke-Great Barrier,450000.0,3,0.0,0.0,1,Damage Possible,True,True,False,False,False,1,Liquefaction review only
park-580,20008-B003-151,Toilet-Timber (Stanley Bay Beach Res),Stanley Bay Beach Reserve,Public Toilet,Building Level 3,Devonport-Takapuna,Devonport-Takapuna,450000.0,3,0.0,0.0,1,Damage Possible,True,True,False,False,False,1,Liquefaction review only
park-590,20439-B001-151,Toilet- (The Esplanade-Manly Beach) (E),The Esplanade - Manly Beachfront (East),Public Toilet,Building Level 3,Hibiscus and Bays,Hibiscus and Bays,450000.0,3,0.0,0.0,1,Damage Possible,True,True,False,False,False,1,Liquefaction review only
park-594,20701-B001-151,Toilet - Orewa Library Grounds,Orewa Library Grounds,Public Toilet,Building Level 3,Hibiscus and Bays,Hibiscus and Bays,450000.0,3,0.0,0.0,1,Damage Possible,True,True,False,False,False,1,Liquefaction review only
park-597,21110-B001-151,Toilet-Wi25 Te Matuku Stockyard Reserve,Te Matuku Stockyard Reserve,Public Toilet,Building Level 3,Waiheke,Waiheke-Great Barrier,450000.0,3,0.0,0.0,1,Damage Possible,True,True,False,False,False,1,Liquefaction review only
park-6,10002-B002-151,Toilet,Orakei Domain B,Public Toilet,Building Level 3,Orakei,Orakei,450000.0,3,0.0,0.0,1,Damage Possible,True,True,False,False,False,1,Liquefaction review only
park-607,22152-B001-151,Sherwood Reserve Permaloo,Sherwood Reserve,Public Toilet,Building Level 3,Hibiscus and Bays,Hibiscus and Bays,450000.0,3,0.0,0.0,1,Damage Possible,True,True,False,False,False,1,Liquefaction review only
park-629,10099-B016-151,Toilet - H13 (242 Broadway),Streetscape - Waitemata,Public Toilet,Building Level 3,Waitemata,Waitemata,450000.0,3,0.0,0.0,1,Damage Possible,True,True,False,False,False,1,Liquefaction review only
park-63,10163-B001-100,Toilet - H31 (Turua St),St Heliers Community Library-Hall,Public Toilet,Building Level 3,Orakei,Orakei,450000.0,3,0.0,0.0,1,Damage Possible,True,True,False,False,False,1,Liquefaction review only
park-649,10365-B101-151,Keith Hay - Rainford St Toilet,Keith Hay Park,Public Toilet,Building Level 3,Puketapapa,Puketapapa,450000.0,3,0.0,0.0,1,Damage Possible,True,True,False,False,False,1,Liquefaction review only
park-650,10376-B001-151,Toilet - Wi9 (Palm Road),Matapana Reserve,Public Toilet,Building Level 3,Waiheke,Waiheke-Great Barrier,450000.0,3,0.0,0.0,1,Damage Possible,True,True,False,False,False,1,Liquefaction review only
park-671,10484-B020-151,Meadows Toilet Block,Muriwai Regional Park,Public Toilet,Building Level 3,Rodney,Rodney,450000.0,3,0.0,0.0,1,Damage Possible,True,True,False,False,False,1,Liquefaction review only
park-674,10487-B003-151,Long Drop 1-(Remote Access)-Twhk,Tawhitokino Regional Park,Public Toilet,Building Level 3,Franklin,Franklin,450000.0,3,0.0,0.0,1,Damage Possible,True,True,False,False,False,1,Liquefaction review only
park-690,10566-B001-151,Waimatuku (Hamiltons Gap) LHS carpark,"Hamiltons Gap (West Coast Rd, Awhitu)",Public Toilet,Building Level 3,Franklin,Franklin,450000.0,3,0.0,0.0,1,Damage Possible,True,True,False,False,False,1,Liquefaction review only
park-691,10587-B001-151,Moyle Park Toilets,Moyle Park,Public Toilet,Building Level 3,Mangere-Otahuhu,Mangere-Otahuhu,450000.0,3,0.0,0.0,1,Damage Possible,True,True,False,False,False,1,Liquefaction review only
park-71,10163-B002-151,St Heliers Community Library,St Heliers Community Library-Hall,Library,Building Level 3,Orakei,Orakei,15000000.0,5,0.0,0.0,1,Damage Possible,True,True,False,False,False,1,Liquefaction review only
park-714,10993-B001-151,Link Drive Public Toilets,Link Drive Public Toilets,Public Toilet,Building Level 3,Kaipatiki,Kaipatiki,450000.0,3,0.0,0.0,1,Damage Possible,True,True,False,False,False,1,Liquefaction review only
park-717,11043-B001-151,Mairangi Bay Beach Public Toilets,Mairangi Bay Beach Reserve,Public Toilet,Building Level 3,Hibiscus and Bays,Hibiscus and Bays,450000.0,3,0.0,0.0,1,Damage Possible,True,True,False,False,False,1,Liquefaction review only
park-718,11092-B001-151,Browns Bay Toilets N(athd to Marine cen,Browns Bay Beach Reserve,Public Toilet,Building Level 3,Hibiscus and Bays,Hibiscus and Bays,450000.0,3,0.0,0.0,1,Damage Possible,True,True,False,False,False,1,Liquefaction review only
park-719,11092-B002-151,Browns Bay Toilet south,Browns Bay Beach Reserve,Public Toilet,Building Level 3,Hibiscus and Bays,Hibiscus and Bays,450000.0,3,0.0,0.0,1,Damage Possible,True,True,False,False,False,1,Liquefaction review only
park-724,11263-B001-151,Toilet-(Victor Eaves Park),Victor Eaves Park,Public Toilet,Building Level 3,Hibiscus and Bays,Hibiscus and Bays,450000.0,3,0.0,0.0,1,Damage Possible,True,True,False,False,False,1,Liquefaction review only
park-745,20111-B002-151,Toilet-Langton Road Beach Front,Streetscape - Hibiscus and Bays,Public Toilet,Building Level 3,Hibiscus and Bays,Hibiscus and Bays,450000.0,3,0.0,0.0,1,Damage Possible,True,True,False,False,False,1,Liquefaction review only
park-757,20753-B001-151,Toilet - G17 (Okiwi Park),Okiwi Park,Public Toilet,Building Level 3,Aotea/Great Barrier,Waiheke-Great Barrier,450000.0,3,0.0,0.0,1,Damage Possible,True,True,False,False,False,1,Liquefaction review only
park-76,10172-B002-151,Toilet - Wi15 (Blackpool),Blackpool Park,Public Toilet,Building Level 3,Waiheke,Waiheke-Great Barrier,450000.0,3,0.0,0.0,1,Damage Possible,True,True,False,False,False,1,Liquefaction review only
park-765,21480-B001-151,Toilet-West EndBeach Across From,Big Bay Reserve,Public Toilet,Building Level 3,Franklin,Franklin,450000.0,3,0.0,0.0,1,Damage Possible,True,True,False,False,False,1,Liquefaction review only
park-770,21849-B001-151,Toilet-Midbeach Toilets Opposite Of,North Piha Strand,Public Toilet,Building Level 3,Waitakere Ranges,Waitakere Ranges,450000.0,3,0.0,0.0,1,Damage Possible,True,True,False,False,False,1,Liquefaction review only
park-773,22162-B001-101,Point Wells Library,Point Wells Community Centre,Library Rural,Building Level 3,Rodney,Rodney,5000000.0,4,0.0,0.0,1,Damage Possible,True,True,False,False,False,1,Liquefaction review only
park-781,22463-B001-151,Toilet-Sw Corner Of Carpark,Kaukapakapa Hall/Library/Fire Station,Public Toilet,Building Level 3,Rodney,Rodney,450000.0,3,0.0,0.0,1,Damage Possible,True,True,False,False,False,1,Liquefaction review only
park-783,22631-B001-151,North Toilet-Metro Park East,Metro Park - East,Public Toilet,Building Level 3,Hibiscus and Bays,Hibiscus and Bays,450000.0,3,0.0,0.0,1,Damage Possible,True,True,False,False,False,1,Liquefaction review only
park-80,10200-B002-151,Toilet - H22 (Victoria Park),Victoria Park,Public Toilet,Building Level 3,Waitemata,Waitemata,450000.0,3,0.0,0.0,1,Damage Possible,True,True,False,False,False,1,Liquefaction review only
park-81,10200-B003-151,Toilet - H49 (Victoria Park),Victoria Park,Public Toilet,Building Level 3,Waitemata,Waitemata,450000.0,3,0.0,0.0,1,Damage Possible,True,True,False,False,False,1,Liquefaction review only
park-82,10207-B005-151,Toilet - Wi1 (Tawaipareira Reserve),Tawaipareira Reserve,Public Toilet,Building Level 3,Waiheke,Waiheke-Great Barrier,450000.0,3,0.0,0.0,1,Damage Possible,True,True,False,False,False,1,Liquefaction review only
park-820,21705-B001-151,Bert Henham Nova Unisex - near playgrnd,Otahuhu/Mt Richmond,Public Toilet,Building Level 3,Maungakiekie-Tamaki,Maungakiekie-Tamaki,450000.0,3,0.0,0.0,1,Damage Possible,True,True,False,False,False,1,Liquefaction review only
park-823,10034-B003-102,May Road WM Park - Changing Sheds,Mt Roskill War Memorial Park,Changing Shed,Building Level 3,Puketapapa,Puketapapa,650000.0,2,0.0,0.0,1,Damage Possible,True,True,False,False,False,1,Liquefaction review only
park-830,21705-B001-152,Changing Rooms,Otahuhu/Mt Richmond,Changing Shed,Building Level 3,Maungakiekie-Tamaki,Maungakiekie-Tamaki,650000.0,2,0.0,0.0,1,Damage Possible,True,True,False,False,False,1,Liquefaction review only
park-834,10887-B006-152,Changing rooms,Te Puru Park,Changing Shed,Building Level 3,Franklin,Franklin,650000.0,2,0.0,0.0,1,Damage Possible,True,True,False,False,False,1,Liquefaction review only
park-835,21747-B001-100,Changing Room-Piha South Reserve,Piha South Road Reserve,Changing Shed,Building Level 3,Waitakere Ranges,Waitakere Ranges,650000.0,2,0.0,0.0,1,Damage Possible,True,True,False,False,False,1,Liquefaction review only
park-84,10134-B008-151,Toilet - G15 (Whangapoua Beach),Streetscape - Great Barrier,Public Toilet,Building Level 3,Aotea/Great Barrier,Waiheke-Great Barrier,450000.0,3,0.0,0.0,1,Damage Possible,True,True,False,False,False,1,Liquefaction review only
park-852,22631-B003-151,South HockeyToilet-Metro Park East,Metro Park - East,Public Toilet,Building Level 3,Hibiscus and Bays,Hibiscus and Bays,450000.0,3,0.0,0.0,1,Damage Possible,True,True,False,False,False,1,Liquefaction review only
park-853,20468-B001-151,Gulf Harbour Recreation Reserve Permaloo,Gulf Harbour Recreation Reserve,Public Toilet,Building Level 3,Hibiscus and Bays,Hibiscus and Bays,450000.0,3,0.0,0.0,1,Damage Possible,True,True,False,False,False,1,Liquefaction review only
park-856,10008-B003-151,Toilet- G18 Airfield Carpark Toilet,Claris Airfield & Parking,Public Toilet,Building Level 3,Aotea/Great Barrier,Waiheke-Great Barrier,450000.0,3,0.0,0.0,1,Damage Possible,True,True,False,False,False,1,Liquefaction review only
park-859,20599-B001-151,Red Beach Park Permaloo,Red Beach Park,Public Toilet,Building Level 3,Hibiscus and Bays,Hibiscus and Bays,450000.0,3,0.0,0.0,1,Damage Possible,True,True,False,False,False,1,Liquefaction review only
park-868,11231-B001-151,Toilet-(Arundel Reserve) Res.Accessway,Arundel Reserve,Public Toilet,Building Level 3,Hibiscus and Bays,Hibiscus and Bays,450000.0,3,0.0,0.0,1,Damage Possible,True,True,False,False,False,1,Liquefaction review only
park-872,20021-B001-151,Toilet-Brick (Balmain Reserve) Womens,Balmain Reserve,Public Toilet,Building Level 3,Devonport-Takapuna,Devonport-Takapuna,450000.0,3,0.0,0.0,1,Damage Possible,True,True,False,False,False,1,Liquefaction review only
park-873,11107-B002-151,Public Toilet-Below Scout Den,Little Shoal Bay Reserve/Dudding Park,Public Toilet,Building Level 3,Kaipatiki,Kaipatiki,450000.0,3,0.0,0.0,1,Damage Possible,True,True,False,False,False,1,Liquefaction review only
park-877,10646-B001-151,Mayfield Park Toilets & Change Rooms,Mayfield Park,Public Toilet,Building Level 3,Otara-Papatoetoe,Otara-Papatoetoe,450000.0,3,0.0,0.0,1,Damage Possible,True,True,False,False,False,1,Liquefaction review only
park-880,11272-B013-151,Toilet-Martins Bay Rec Reserve,Martins Bay Rec Reserve & Holiday Park,Public Toilet,Building Level 3,Rodney,Rodney,450000.0,3,0.0,0.0,1,Damage Possible,True,True,False,False,False,1,Liquefaction review only
park-885,21062-B001-151,Toilet Walmsley Park,Walmsley Park,Public Toilet,Building Level 3,Puketapapa,Puketapapa,450000.0,3,0.0,0.0,1,Damage Possible,True,True,False,False,False,1,Liquefaction review only
park-886,10478-B015-151,Toilet Te Muri Camp - Mahu,Te Muri Regional Park,Public Toilet,Building Level 3,Rodney,Rodney,450000.0,3,0.0,0.0,1,Damage Possible,True,True,False,False,False,1,Liquefaction review only
park-892,10265-B001-153,Toilet (W28)-within the Pavillion,Coxs Bay Reserve,Public Toilet,Building Level 3,Waitemata,Waitemata,450000.0,3,0.0,0.0,1,Damage Possible,True,True,False,False,False,1,Liquefaction review only
park-9,10001-B001-151,Toilet- W58 Seddon Fields,Seddon Fields/Jaggers Bush,Public Toilet,Building Level 3,Waitemata,Waitemata,450000.0,3,0.0,0.0,1,Damage Possible,True,True,False,False,False,1,Liquefaction review only
park-91,10245-B001-151,Toilet - Wi13 (Mary Wilson Reserve),Mary Wilson Reserve,Public Toilet,Building Level 3,Waiheke,Waiheke-Great Barrier,450000.0,3,0.0,0.0,1,Damage Possible,True,True,False,False,False,1,Liquefaction review only
park-911,11213-B001-152,Rautawhiri Changing Rooms,Rautawhiri Park,Changing Shed,Building Level 3,Rodney,Rodney,650000.0,2,0.0,0.0,1,Damage Possible,True,True,False,False,False,1,Liquefaction review only
park-918,10478-B018-151,Te Muri - Composting Toilet,Te Muri Regional Park,Public Toilet,Building Level 3,Rodney,Rodney,450000.0,3,0.0,0.0,1,Damage Possible,True,True,False,False,False,1,Liquefaction review only
park-919,22477-L100-230-EXW-L01,PS_Playground,Huapai Service Centre/Kumeu Library,Playground - Public Access,Playground Location,Rodney,Rodney,300000.0,2,0.0,0.0,1,Damage Possible,True,True,False,False,False,1,Liquefaction review only
park-925,11275-L100-230-EXW-005,PS_Playground-Kauri Kids,Stanmore Bay Park,Playground - Public Access,Playground Location,Hibiscus and Bays,Hibiscus and Bays,300000.0,2,0.0,0.0,1,Damage Possible,True,True,False,False,False,1,Liquefaction review only
park-933,22785-L100-230-EXW-L01,PS_Playground,Kauri Drive Reserve,Playground - Public Access,Playground Location,Papakura,Papakura,300000.0,2,0.0,0.0,1,Damage Possible,True,True,False,False,False,1,Liquefaction review only
park-935,10441-L100-230-EXW-002,PS_Playground_Ellerslie Recr Ctr_NOT AC,Michaels Avenue Reserve,Playground - Public Access,Playground Location,Orakei,Orakei,300000.0,2,0.0,0.0,1,Damage Possible,True,True,False,False,False,1,Liquefaction review only
park-94,10265-B001-100,Changing Rooms,Coxs Bay Reserve,Changing Shed,Building Level 3,Waitemata,Waitemata,650000.0,2,0.0,0.0,1,Damage Possible,True,True,False,False,False,1,Liquefaction review only
park-941,11100-L100-230-EXW-001,PS_Playground - Kauri Kids,Browns Bay Village Green,Playground - Exclusive Access,Playground Location,Hibiscus and Bays,Hibiscus and Bays,300000.0,2,0.0,0.0,1,Damage Possible,True,True,False,False,False,1,Liquefaction review only
park-944,10607-L100-230-EXW-001,PS_Playground,Rogers Park,Playground - Public Access,Playground Location,Howick,Howick,300000.0,2,0.0,0.0,1,Damage Possible,True,True,False,False,False,1,Liquefaction review only
park-945,11213-L100-230-EXW-003,PS_Playground (Whole)-by skatepark,Rautawhiri Park,Playground - Public Access,Playground Location,Rodney,Rodney,300000.0,2,0.0,0.0,1,Damage Possible,True,True,False,False,False,1,Liquefaction review only
park-948,22085-L100-230-EXW-001,PS_Playground,Fernaig Reserve,Playground - Public Access,Playground Location,Papakura,Papakura,300000.0,2,0.0,0.0,1,Damage Possible,True,True,False,False,False,1,Liquefaction review only
park-962,21601-L100-230-EXW-001,PS_Playground,Rialto Park,Playground - Public Access,Playground Location,Howick,Howick,300000.0,2,0.0,0.0,1,Damage Possible,True,True,False,False,False,1,Liquefaction review only
park-97,10200-B005-100,Toilet/Changng Room/Boiler-H23(Pavilion),Victoria Park,Public Toilet,Building Level 3,Waitemata,Waitemata,450000.0,3,0.0,0.0,1,Damage Possible,True,True,False,False,False,1,Liquefaction review only
park-970,22893-L100-230-EXW-001,PS_Playground,Pukeroa Park,Playground - Public Access,Playground Location,Papakura,Papakura,300000.0,2,0.0,0.0,1,Damage Possible,True,True,False,False,False,1,Liquefaction review only
park-971,20661-L100-230-EXW-001,PS_Playground (Whole)-,Maygrove Reserve,Playground - Public Access,Playground Location,Hibiscus and Bays,Hibiscus and Bays,300000.0,2,0.0,0.0,1,Damage Possible,True,True,False,False,False,1,Liquefaction review only
park-979,11342-L100-230-EXW-001,PS_Playground,Riverpark Reserve,Playground - Public Access,Playground Location,Henderson-Massey,Henderson-Massey,300000.0,2,0.0,0.0,1,Damage Possible,True,True,False,False,False,1,Liquefaction review only
park-989,11272-L100-230-EXW-002,PS_Playground-Holiday Park Main,Martins Bay Rec Reserve & Holiday Park,Playground - Public Access,Playground Location,Rodney,Rodney,300000.0,2,0.0,0.0,1,Damage Possible,True,True,False,False,False,1,Liquefaction review only
park-990,22423-L100-230-EXW-001,PS_Playground (Whole)-,Stillwater Reserve,Playground - Public Access,Playground Location,Hibiscus and Bays,Hibiscus and Bays,300000.0,2,0.0,0.0,1,Damage Possible,True,True,False,False,False,1,Liquefaction review only
park-991,10587-L100-230-EXW-001,PS_Playground,Moyle Park,Playground - Public Access,Playground Location,Mangere-Otahuhu,Mangere-Otahuhu,300000.0,2,0.0,0.0,1,Damage Possible,True,True,False,False,False,1,Liquefaction review only
park-1,10004-B001-151,Toilet - W45 ( Walker Park),Walker Park,Public Toilet,Building Level 3,Albert-Eden,Albert-Eden,450000.0,3,0.0,0.0,1,Very Low,True,False,False,False,False,0,No elevated flag
park-10,10011-B001-151,Auckland Central Library - Lv 01,Auckland Central Library,Library,Building Level 3,Waitemata,Waitemata,15000000.0,5,0.0,0.0,1,Very Low,True,False,False,False,False,0,No elevated flag
park-100,10305-B003-151,Toilet- T13 (Panmure wharf reserve),Panmure Wharf Reserve,Public Toilet,Building Level 3,Maungakiekie-Tamaki,Maungakiekie-Tamaki,450000.0,3,0.0,0.0,1,Very Low,True,False,False,False,False,0,No elevated flag
park-1001,11075-L100-230-EXW-001,PS_Playground (Whole)-,Totaravale Reserve,Playground - Public Access,Playground Location,Kaipatiki,Kaipatiki,300000.0,2,0.0,0.0,1,Very Low,True,False,False,False,False,0,No elevated flag
park-1002,11367-L100-230-EXW-001,PS_Playground,Fairdene Reserve,Playground - Public Access,Playground Location,Henderson-Massey,Henderson-Massey,300000.0,2,0.0,0.0,1,Damage Unlikely,True,False,False,False,False,0,No elevated flag
park-1003,23367-L100-230-EXW-001,PS_Playground,Babich Reserve,Playground - Public Access,Playground Location,Henderson-Massey,Henderson-Massey,300000.0,2,0.0,0.0,1,Very Low,True,False,False,False,False,0,No elevated flag
park-1004,20026-L100-230-EXW-001,PS_Playground (Whole)-,Bath Street Reserve,Playground - Public Access,Playground Location,Devonport-Takapuna,Devonport-Takapuna,300000.0,2,0.0,0.0,1,Very Low,True,False,False,False,False,0,No elevated flag
park-1005,10691-L100-230-EXW-002,PS_Playground,East Tamaki Reserve,Playground - Public Access,Playground Location,Otara-Papatoetoe,Otara-Papatoetoe,300000.0,2,0.0,0.0,1,Damage Unlikely,True,False,False,False,False,0,No elevated flag
park-1006,20311-L100-230-EXW-001,PS_Playground (Whole)-,Northboro Reserve,Playground - Public Access,Playground Location,Devonport-Takapuna,Devonport-Takapuna,300000.0,2,0.0,0.0,1,Very Low,True,False,False,False,False,0,No elevated flag
park-1007,21571-L100-230-EXW-001,PS_Playground Scd54,Swainston Reserve,Playground - Public Access,Playground Location,Orakei,Orakei,300000.0,2,0.0,0.0,1,Very Low,True,False,False,False,False,0,No elevated flag
park-1008,10056-L100-230-EXW-001,PS_Playground Scy56,Ellerslie Domain,Playground - Public Access,Playground Location,Orakei,Orakei,300000.0,2,0.0,0.0,1,Very Low,True,False,False,False,False,0,No elevated flag
park-1009,10343-L100-230-EXW-001,PS_Playground Rq965,Pollard Park,Playground - Public Access,Playground Location,Albert-Eden,Albert-Eden,300000.0,2,0.0,0.0,1,Very Low,True,False,False,False,False,0,No elevated flag
park-1010,20672-L100-230-EXW-001,PS_Playground Rzx71,Mulberry Grove Reserve & School,Playground - Public Access,Playground Location,Aotea/Great Barrier,Waiheke-Great Barrier,300000.0,2,0.0,0.0,1,Very Low,True,False,False,False,False,0,No elevated flag
park-1011,10116-L100-230-EXW-001,PS_Playground Rql01,Little Rangitoto Reserve,Playground - Public Access,Playground Location,Orakei,Orakei,300000.0,2,0.0,0.0,1,Very Low,True,False,False,False,False,0,No elevated flag
park-1012,22672-L100-230-EXW-001,PS_Playground,Alan Reserve,Playground - Public Access,Playground Location,Henderson-Massey,Henderson-Massey,300000.0,2,0.0,0.0,1,Damage Unlikely,True,False,False,False,False,0,No elevated flag
park-1014,21173-L100-230-EXW-001,PS_Playground Rj674,Braemar Reserve,Playground - Public Access,Playground Location,Albert-Eden,Albert-Eden,300000.0,2,0.0,0.0,1,Very Low,True,False,False,False,False,0,No elevated flag
park-1015,21408-L100-230-EXW-001,PS_Playground,Home Reserve,Playground - Public Access,Playground Location,Waitemata,Waitemata,300000.0,2,0.0,0.0,1,Very Low,True,False,False,False,False,0,No elevated flag
park-1017,21661-L151-230-EXW-001,PS_Playground,Burundi Ave Foreshore,Playground - Public Access,Playground Location,Manurewa,Manurewa,300000.0,2,0.0,0.0,1,Damage Unlikely,True,False,False,False,False,0,No elevated flag
park-1018,21444-L100-230-EXW-001,PS_Playground Rr036,Tirotai Reserve,Playground - Public Access,Playground Location,Waitemata,Waitemata,300000.0,2,0.0,0.0,1,Very Low,True,False,False,False,False,0,No elevated flag
park-1019,21011-L100-230-EXW-001,PS_Playground Rj720,Costley Reserve,Playground - Public Access,Playground Location,Waitemata,Waitemata,300000.0,2,0.0,0.0,1,Very Low,True,False,False,False,False,0,No elevated flag
park-102,10308-B022-151,Toilet - H28 (Wintergarden),Auckland Domain,Public Toilet,Building Level 3,Waitemata,Waitemata,450000.0,3,0.0,0.0,1,Very Low,True,False,False,False,False,0,No elevated flag
park-1020,10213-L100-230-EXW-001,PS_Playground Rj481,Jordan Park,Playground - Public Access,Playground Location,Maungakiekie-Tamaki,Maungakiekie-Tamaki,300000.0,2,0.0,0.0,1,Very Low,True,False,False,False,False,0,No elevated flag
park-1021,21188-L100-230-EXW-001,PS_Playground Ry826,Watling Reserve,Playground - Public Access,Playground Location,Albert-Eden,Albert-Eden,300000.0,2,0.0,0.0,1,Very Low,True,False,False,False,False,0,No elevated flag
park-1022,10373-L100-230-EXW-001,PS_Playground Rj500,Savage Park,Playground - Public Access,Playground Location,Maungakiekie-Tamaki,Maungakiekie-Tamaki,300000.0,2,0.0,0.0,1,Damage Unlikely,True,False,False,False,False,0,No elevated flag
park-1023,10155-L100-230-EXW-003,PS_Playground Rq836,Grey Lynn Park,Playground - Public Access,Playground Location,Waitemata,Waitemata,300000.0,2,0.0,0.0,1,Very Low,True,False,False,False,False,0,No elevated flag
park-1024,10582-L100-230-EXW-001,PS_Playground,The Dale,Playground - Public Access,Playground Location,Manurewa,Manurewa,300000.0,2,0.0,0.0,1,Damage Unlikely,True,False,False,False,False,0,No elevated flag
park-1025,10389-L100-230-EXW-001,PS_Playground Rwt25,Gribblehirst Park,Playground - Public Access,Playground Location,Albert-Eden,Albert-Eden,300000.0,2,0.0,0.0,1,Very Low,True,False,False,False,False,0,No elevated flag
park-1026,10387-L100-230-EXW-002,PS_Playground_Pt Erin Park_Rlv84,Te Oka / Point Erin Park,Playground - Public Access,Playground Location,Waitemata,Waitemata,300000.0,2,0.0,0.0,1,Very Low,True,False,False,False,False,0,No elevated flag
park-1027,10219-L100-230-EXW-001,PS_Playground Rdf79,Anderson Park,Playground - Public Access,Playground Location,Albert-Eden,Albert-Eden,300000.0,2,0.0,0.0,1,Very Low,True,False,False,False,False,0,No elevated flag
park-1028,20930-L100-230-EXW-001,PS_Playground Ruz60,Virginia Reserve,Playground - Public Access,Playground Location,Albert-Eden,Albert-Eden,300000.0,2,0.0,0.0,1,Very Low,True,False,False,False,False,0,No elevated flag
park-1030,10464-L100-230-EXW-001,PS_Playground-Sunken garden-rearVisitorC,Botanic Gardens Regional Park,Playground - Public Access,Playground Location,Manurewa,Manurewa,300000.0,2,0.0,0.0,1,Very Low,True,False,False,False,False,0,No elevated flag
park-1031,21589-L100-230-EXW-001,PS_Playground,Balgowan Reserve,Playground - Public Access,Playground Location,Papakura,Papakura,300000.0,2,0.0,0.0,1,Damage Unlikely,True,False,False,False,False,0,No elevated flag
park-1032,20255-L100-230-EXW-001,PS_Playground,Waimate Park,Playground - Public Access,Playground Location,Otara-Papatoetoe,Otara-Papatoetoe,300000.0,2,0.0,0.0,1,Damage Unlikely,True,False,False,False,False,0,No elevated flag
park-1033,10383-L100-230-EXW-001,PS_Playground,Murphy Park,Playground - Public Access,Playground Location,Mangere-Otahuhu,Mangere-Otahuhu,300000.0,2,0.0,0.0,1,Very Low,True,False,False,False,False,0,No elevated flag
park-1034,21631-L100-230-EXW-001,PS_Playground,Robin Brooke Park,Playground - Public Access,Playground Location,Howick,Howick,300000.0,2,0.0,0.0,1,Damage Unlikely,True,False,False,False,False,0,No elevated flag
park-1035,21251-L100-230-EXW-001,PS_Playground,Archmillen Park,Playground - Public Access,Playground Location,Howick,Howick,300000.0,2,0.0,0.0,1,Damage Unlikely,True,False,False,False,False,0,No elevated flag
park-1036,21090-L100-230-EXW-001,PS_Playground (Whole)-,Nile Reserve (Milford),Playground - Public Access,Playground Location,Devonport-Takapuna,Devonport-Takapuna,300000.0,2,0.0,0.0,1,Very Low,True,False,False,False,False,0,No elevated flag
park-1037,10586-L100-230-EXW-001,PS_Playground,Beachlands Domain,Playground - Public Access,Playground Location,Franklin,Franklin,300000.0,2,0.0,0.0,1,Damage Unlikely,True,False,False,False,False,0,No elevated flag
park-1038,11115-L100-230-EXW-001,PS_Playground-Opaketai BeachHaven Garden,Opaketai Beach Haven Garden,Playground - Public Access,Playground Location,Kaipatiki,Kaipatiki,300000.0,2,0.0,0.0,1,Very Low,True,False,False,False,False,0,No elevated flag
park-1039,22034-L100-230-EXW-001,PS_Playground,Jacaranda Avenue Reserve,Playground - Public Access,Playground Location,Kaipatiki,Kaipatiki,300000.0,2,0.0,0.0,1,Very Low,True,False,False,False,False,0,No elevated flag
park-104,10315-B007-151,Toilet - Adjacent to playground,Jellicoe Park & Onehunga War Mem Pools,Public Toilet,Building Level 3,Maungakiekie-Tamaki,Maungakiekie-Tamaki,450000.0,3,0.0,0.0,1,Very Low,True,False,False,False,False,0,No elevated flag
park-1040,10395-L100-230-EXW-001,PS_Playground Rrm43,Newmarket Park,Playground - Public Access,Playground Location,Waitemata,Waitemata,300000.0,2,0.0,0.0,1,Very Low,True,False,False,False,False,0,No elevated flag
park-1041,10351-L100-230-EXW-001,PS_Playground Scl67,Owairaka Park,Playground - Public Access,Playground Location,Albert-Eden,Albert-Eden,300000.0,2,0.0,0.0,1,Very Low,True,False,False,False,False,0,No elevated flag
park-1042,21481-L100-230-EXW-001,PS_Playground Rj405,Buchanan Park,Playground - Public Access,Playground Location,Maungakiekie-Tamaki,Maungakiekie-Tamaki,300000.0,2,0.0,0.0,1,Very Low,True,False,False,False,False,0,No elevated flag
park-1043,21606-L100-230-EXW-001,PS_Playground,Richard Park,Playground - Public Access,Playground Location,Howick,Howick,300000.0,2,0.0,0.0,1,Very Low,True,False,False,False,False,0,No elevated flag
park-1044,21715-L100-230-EXW-001,PS_Playground,Cargill Reserve,Playground - Public Access,Playground Location,Papakura,Papakura,300000.0,2,0.0,0.0,1,Very Low,True,False,False,False,False,0,No elevated flag
park-1045,21094-L100-230-EXW-001,PS_Playground (Whole)-,Northcroft Esplanade Reserve,Playground - Public Access,Playground Location,Devonport-Takapuna,Devonport-Takapuna,300000.0,2,0.0,0.0,1,Damage Unlikely,True,False,False,False,False,0,No elevated flag
park-1047,21506-L100-230-EXW-001,PS_Playground,Tiraumea Drive Island Reserve,Playground - Public Access,Playground Location,Howick,Howick,300000.0,2,0.0,0.0,1,Damage Unlikely,True,False,False,False,False,0,No elevated flag
park-1049,20001-L100-230-EXW-001,PS_Playground,Village Green (Papakura Service Centre),Playground - Public Access,Playground Location,Papakura,Papakura,300000.0,2,0.0,0.0,1,Damage Unlikely,True,False,False,False,False,0,No elevated flag
park-1050,22326-L100-230-EXW-001,PS_Playground,Whiteacres Park,Playground - Public Access,Playground Location,Howick,Howick,300000.0,2,0.0,0.0,1,Very Low,True,False,False,False,False,0,No elevated flag
park-1053,10759-L100-230-EXW-001,PS_Playground - Junior,Maraetai Park,Playground - Public Access,Playground Location,Franklin,Franklin,300000.0,2,0.0,0.0,1,Very Low,True,False,False,False,False,0,No elevated flag
park-1054,10535-L100-230-EXW-001,PS_Playground,Massey Park - Waiuku,Playground - Public Access,Playground Location,Franklin,Franklin,300000.0,2,0.0,0.0,1,Damage Unlikely,True,False,False,False,False,0,No elevated flag
park-1055,21638-L100-230-EXW-001,PS_Playground,Bedingfield Memorial Park,Playground - Public Access,Playground Location,Mangere-Otahuhu,Mangere-Otahuhu,300000.0,2,0.0,0.0,1,Damage Unlikely,True,False,False,False,False,0,No elevated flag
park-1056,11058-L100-230-EXW-001,PS_Playground (Whole) -,Okura Reserve,Playground - Public Access,Playground Location,Hibiscus and Bays,Hibiscus and Bays,300000.0,2,0.0,0.0,1,Very Low,True,False,False,False,False,0,No elevated flag
park-1057,20178-L100-230-EXW-001,PS_Playground,Wattle Downs Esplanade Reserve,Playground - Public Access,Playground Location,Manurewa,Manurewa,300000.0,2,0.0,0.0,1,Damage Unlikely,True,False,False,False,False,0,No elevated flag
park-1058,21147-L100-230-EXW-002,PS_Playground (Whole),Takapuna Rose Gardens - Potters,Playground - Public Access,Playground Location,Devonport-Takapuna,Devonport-Takapuna,300000.0,2,0.0,0.0,1,Very Low,True,False,False,False,False,0,No elevated flag
park-1059,22739-L100-230-EXW-001,PS_Playground,Macleans Park,Playground - Public Access,Playground Location,Howick,Howick,300000.0,2,0.0,0.0,1,Very Low,True,False,False,False,False,0,No elevated flag
park-1060,11335-L100-230-EXW-001,PS_Playground,Parrs Park,Playground - Public Access,Playground Location,Waitakere Ranges,Waitakere Ranges,300000.0,2,0.0,0.0,1,Damage Unlikely,True,False,False,False,False,0,No elevated flag
park-1061,21719-L100-230-EXW-001,PS_Playground,Caringbah Park,Playground - Public Access,Playground Location,Otara-Papatoetoe,Otara-Papatoetoe,300000.0,2,0.0,0.0,1,Damage Unlikely,True,False,False,False,False,0,No elevated flag
park-1062,10706-L100-230-EXW-001,PS_Playground,Milton Park,Playground - Public Access,Playground Location,Otara-Papatoetoe,Otara-Papatoetoe,300000.0,2,0.0,0.0,1,Damage Unlikely,True,False,False,False,False,0,No elevated flag
park-1064,22208-L100-230-EXW-001,PS_Playground (Whole)-,Devonshire Reserve,Playground - Public Access,Playground Location,Upper Harbour,Upper Harbour,300000.0,2,0.0,0.0,1,Very Low,True,False,False,False,False,0,No elevated flag
park-1066,21521-L100-230-EXW-001,PS_Playground,Shipton Reserve,Playground - Public Access,Playground Location,Whau,Whau,300000.0,2,0.0,0.0,1,Very Low,True,False,False,False,False,0,No elevated flag
park-1067,21692-L100-230-EXW-001,PS_Playground,Henry Reserve,Playground - Public Access,Playground Location,Whau,Whau,300000.0,2,0.0,0.0,1,Very Low,True,False,False,False,False,0,No elevated flag
park-1068,23003-L100-230-EXW-001,PS_Playground,Mirrabooka Park,Playground - Public Access,Playground Location,Howick,Howick,300000.0,2,0.0,0.0,1,Very Low,True,False,False,False,False,0,No elevated flag
park-1069,21156-L100-230-EXW-001,PS_Playground (Whole)-,Teviot Reserve,Playground - Public Access,Playground Location,Kaipatiki,Kaipatiki,300000.0,2,0.0,0.0,1,Very Low,True,False,False,False,False,0,No elevated flag
park-107,10348-B001-151,Toilet - W49-L (Western Springs),Western Springs Lakeside,Public Toilet,Building Level 3,Waitemata,Waitemata,450000.0,3,0.0,0.0,1,Very Low,True,False,False,False,False,0,No elevated flag
park-1072,22183-L100-230-EXW-001,PS_Playground (Whole)-,Pemberton Reserve,Playground - Public Access,Playground Location,Kaipatiki,Kaipatiki,300000.0,2,0.0,0.0,1,Very Low,True,False,False,False,False,0,No elevated flag
park-1073,20532-L100-230-EXW-001,PS_Playground,Robert Knox Memorial Park,Playground - Public Access,Playground Location,Waitakere Ranges,Waitakere Ranges,300000.0,2,0.0,0.0,1,Damage Unlikely,True,False,False,False,False,0,No elevated flag
park-1074,10619-L100-230-EXW-001,PS_Playground-Buckland Rd,Walter Massey Park,Playground - Public Access,Playground Location,Mangere-Otahuhu,Mangere-Otahuhu,300000.0,2,0.0,0.0,1,Damage Unlikely,True,False,False,False,False,0,No elevated flag
park-1075,22250-L100-230-EXW-001,PS_Playground (Whole)-,Bushlands Park,Playground - Public Access,Playground Location,Upper Harbour,Upper Harbour,300000.0,2,0.0,0.0,1,Very Low,True,False,False,False,False,0,No elevated flag
park-1077,22052-L100-230-EXW-001,PS_Playground,Rhinevale Close,Playground - Public Access,Playground Location,Henderson-Massey,Henderson-Massey,300000.0,2,0.0,0.0,1,Very Low,True,False,False,False,False,0,No elevated flag
park-1079,22791-L100-230-EXW-001,PS_Playground,Juliet Avenue Reserve,Playground - Public Access,Playground Location,Howick,Howick,300000.0,2,0.0,0.0,1,Very Low,True,False,False,False,False,0,No elevated flag
park-1080,11346-L100-230-EXW-001,PS_Playground,Sister Rene Shadbolt Park,Playground - Public Access,Playground Location,Whau,Whau,300000.0,2,0.0,0.0,1,Damage Unlikely,True,False,False,False,False,0,No elevated flag
park-1081,20052-L100-230-EXW-001,PS_Playground (Whole)-,Castor Bay Beach Reserve,Playground - Public Access,Playground Location,Devonport-Takapuna,Devonport-Takapuna,300000.0,2,0.0,0.0,1,Very Low,True,False,False,False,False,0,No elevated flag
park-1082,21978-L100-230-EXW-001,PS_Playground,East Reserve,Playground - Public Access,Playground Location,Papakura,Papakura,300000.0,2,0.0,0.0,1,Damage Unlikely,True,False,False,False,False,0,No elevated flag
park-1083,22703-L100-230-EXW-001,PS_Playground,Kurt-Elsa Park (Kurt Lane Reserve),Playground - Public Access,Playground Location,Otara-Papatoetoe,Otara-Papatoetoe,300000.0,2,0.0,0.0,1,Damage Unlikely,True,False,False,False,False,0,No elevated flag
park-1084,20506-L100-230-EXW-001,PS_Playground,Kelman Square,Playground - Public Access,Playground Location,Whau,Whau,300000.0,2,0.0,0.0,1,Very Low,True,False,False,False,False,0,No elevated flag
park-1085,10759-L100-230-EXW-002,PS_Playground - Senior,Maraetai Park,Playground - Public Access,Playground Location,Franklin,Franklin,300000.0,2,0.0,0.0,1,Very Low,True,False,False,False,False,0,No elevated flag
park-1086,21549-L100-230-EXW-001,PS_Playground,Beechdale Park,Playground - Public Access,Playground Location,Howick,Howick,300000.0,2,0.0,0.0,1,Very Low,True,False,False,False,False,0,No elevated flag
park-1088,22048-L100-230-EXW-001,PS_Playground,Reynella Reserve,Playground - Public Access,Playground Location,Henderson-Massey,Henderson-Massey,300000.0,2,0.0,0.0,1,Very Low,True,False,False,False,False,0,No elevated flag
park-1089,23845-L100-230-EXW-001,PS_Playground (Whole)-,Swell Park,Playground - Public Access,Playground Location,Hibiscus and Bays,Hibiscus and Bays,300000.0,2,0.0,0.0,1,Very Low,True,False,False,False,False,0,No elevated flag
park-109,10354-B005-151,Toilet - H18 (Dovemeyer Robinson Park),Dove Myer Robinson Park,Public Toilet,Building Level 3,Waitemata,Waitemata,450000.0,3,0.0,0.0,1,Very Low,True,False,False,False,False,0,No elevated flag
park-1090,20855-L100-230-EXW-001,PS_Playground,Children's Forest,Playground - Public Access,Playground Location,Papakura,Papakura,300000.0,2,0.0,0.0,1,Very Low,True,False,False,False,False,0,No elevated flag
park-1091,21487-L100-230-EXW-001,PS_Playground,Tilberg Park,Playground - Public Access,Playground Location,Mangere-Otahuhu,Mangere-Otahuhu,300000.0,2,0.0,0.0,1,Damage Unlikely,True,False,False,False,False,0,No elevated flag
park-1094,20760-L100-230-EXW-001,PS_Playground,Harania/Marys Foreshore Reserve,Playground - Public Access,Playground Location,Mangere-Otahuhu,Mangere-Otahuhu,300000.0,2,0.0,0.0,1,Damage Unlikely,True,False,False,False,False,0,No elevated flag
park-1096,20416-L100-230-EXW-001,PS_Playground,Wordsworth Road Reserve,Playground - Public Access,Playground Location,Manurewa,Manurewa,300000.0,2,0.0,0.0,1,Damage Unlikely,True,False,False,False,False,0,No elevated flag
park-1097,11385-L100-230-EXW-001,PS_Playground,Kaurilands Domain,Playground - Public Access,Playground Location,Waitakere Ranges,Waitakere Ranges,300000.0,2,0.0,0.0,1,Very Low,True,False,False,False,False,0,No elevated flag
park-1098,11455-L100-230-EXW-001,PS_Playground,Barron Green,Playground - Public Access,Playground Location,Whau,Whau,300000.0,2,0.0,0.0,1,Very Low,True,False,False,False,False,0,No elevated flag
park-11,10011-B001-152,Auckland Central Library - Lv 02 (Res),Auckland Central Library,Library,Building Level 3,Waitemata,Waitemata,15000000.0,5,0.0,0.0,1,Very Low,True,False,False,False,False,0,No elevated flag
park-110,10354-B007-151,Toilet (Judges Bay Road),Dove Myer Robinson Park,Public Toilet,Building Level 3,Waitemata,Waitemata,450000.0,3,0.0,0.0,1,Very Low,True,False,False,False,False,0,No elevated flag
park-1103,20964-L100-230-EXW-001,PS_Playground (Whole)-,William Souter Reserve,Playground - Public Access,Playground Location,Devonport-Takapuna,Devonport-Takapuna,300000.0,2,0.0,0.0,1,Very Low,True,False,False,False,False,0,No elevated flag
park-1104,20053-L100-230-EXW-001,PS_Playground (Whole)-,Parkwood Reserve,Playground - Public Access,Playground Location,Upper Harbour,Upper Harbour,300000.0,2,0.0,0.0,1,Very Low,True,False,False,False,False,0,No elevated flag
park-1105,22239-L100-230-EXW-001,PS_Playground (Whole)-,Woodridge Reserve,Playground - Public Access,Playground Location,Hibiscus and Bays,Hibiscus and Bays,300000.0,2,0.0,0.0,1,Very Low,True,False,False,False,False,0,No elevated flag
park-1106,11430-L100-230-EXW-001,PS_Playground,Brains Park,Playground - Public Access,Playground Location,Whau,Whau,300000.0,2,0.0,0.0,1,Damage Unlikely,True,False,False,False,False,0,No elevated flag
park-1107,22649-L100-230-EXW-001,PS_Playground (Whole)-,Bill Moir Reserve,Playground - Public Access,Playground Location,Upper Harbour,Upper Harbour,300000.0,2,0.0,0.0,1,Damage Unlikely,True,False,False,False,False,0,No elevated flag
park-1108,21245-L100-230-EXW-001,PS_Playground,Featherstone Park,Playground - Public Access,Playground Location,Henderson-Massey,Henderson-Massey,300000.0,2,0.0,0.0,1,Damage Unlikely,True,False,False,False,False,0,No elevated flag
park-1109,10563-L100-230-EXW-001,PS_Playground,Centennial Park - Waiuku,Playground - Public Access,Playground Location,Franklin,Franklin,300000.0,2,0.0,0.0,1,Damage Unlikely,True,False,False,False,False,0,No elevated flag
park-1110,22229-L100-230-EXW-001,PS_Playground (Whole)-,Fernhill Reserve,Playground - Public Access,Playground Location,Upper Harbour,Upper Harbour,300000.0,2,0.0,0.0,1,Damage Unlikely,True,False,False,False,False,0,No elevated flag
park-1111,20351-L100-230-EXW-001,PS_Playground (Whole)-,Neptune Reserve,Playground - Public Access,Playground Location,Kaipatiki,Kaipatiki,300000.0,2,0.0,0.0,1,Very Low,True,False,False,False,False,0,No elevated flag
park-1113,20590-L100-230-EXW-001,PS_Playground,Grace Campbell Reserve,Playground - Public Access,Playground Location,Howick,Howick,300000.0,2,0.0,0.0,1,Very Low,True,False,False,False,False,0,No elevated flag
park-1115,21392-L100-230-EXW-001,PS_Playground-Mid of reserve,Alice Park,Playground - Public Access,Playground Location,Manurewa,Manurewa,300000.0,2,0.0,0.0,1,Damage Unlikely,True,False,False,False,False,0,No elevated flag
park-1116,20303-L100-230-EXW-001,PS_Playground (Whole)-,Montgomery Reserve,Playground - Public Access,Playground Location,Devonport-Takapuna,Devonport-Takapuna,300000.0,2,0.0,0.0,1,Very Low,True,False,False,False,False,0,No elevated flag
park-1119,21906-L100-230-EXW-001,PS_Playground (Whole)-,Unsworth & St Lucia Res / Caribbean Spts,Playground - Public Access,Playground Location,Upper Harbour,Upper Harbour,300000.0,2,0.0,0.0,1,Very Low,True,False,False,False,False,0,No elevated flag
park-112,10266-B003-151,Toilet - T14 (Point England Reserve),Omaru Recreation Reserve,Public Toilet,Building Level 3,Maungakiekie-Tamaki,Maungakiekie-Tamaki,450000.0,3,0.0,0.0,1,Damage Unlikely,True,False,False,False,False,0,No elevated flag
park-1120,21321-L100-230-EXW-001,PS_Playground,Xena Park,Playground - Public Access,Playground Location,Henderson-Massey,Henderson-Massey,300000.0,2,0.0,0.0,1,Damage Unlikely,True,False,False,False,False,0,No elevated flag
park-1121,11432-L100-230-EXW-002,PS_Playground,Awaroa Park,Playground - Public Access,Playground Location,Henderson-Massey,Henderson-Massey,300000.0,2,0.0,0.0,1,Very Low,True,False,False,False,False,0,No elevated flag
park-1122,21807-L100-230-EXW-001,PS_Playground,Browns Park,Playground - Public Access,Playground Location,Howick,Howick,300000.0,2,0.0,0.0,1,Very Low,True,False,False,False,False,0,No elevated flag
park-1123,10368-L100-230-EXW-001,PS_Playground-Exminster St,Blockhouse Bay Recreation Res,Playground - Public Access,Playground Location,Whau,Whau,300000.0,2,0.0,0.0,1,Very Low,True,False,False,False,False,0,No elevated flag
park-1125,11232-L100-230-EXW-001,PS_Playground (Whole)-,Algies Bay Reserve,Playground - Public Access,Playground Location,Rodney,Rodney,300000.0,2,0.0,0.0,1,Very Low,True,False,False,False,False,0,No elevated flag
park-1126,22675-L100-230-EXW-001,PS_Playground,Annison Green,Playground - Public Access,Playground Location,Waitakere Ranges,Waitakere Ranges,300000.0,2,0.0,0.0,1,Very Low,True,False,False,False,False,0,No elevated flag
park-1127,22068-L100-230-EXW-001,PS_Playground,Royal Heights Park,Playground - Public Access,Playground Location,Henderson-Massey,Henderson-Massey,300000.0,2,0.0,0.0,1,Very Low,True,False,False,False,False,0,No elevated flag
park-1128,11482-L100-230-EXW-001,PS_Playground-Portage Rd,Olympic Park,Playground - Public Access,Playground Location,Whau,Whau,300000.0,2,0.0,0.0,1,Damage Unlikely,True,False,False,False,False,0,No elevated flag
park-1129,21894-L100-230-EXW-001,PS_Playground,Roulston Park & Pioneer Cottage,Playground - Public Access,Playground Location,Franklin,Franklin,300000.0,2,0.0,0.0,1,Very Low,True,False,False,False,False,0,No elevated flag
park-113,10266-B003-152,Changing Rooms,Omaru Recreation Reserve,Changing Shed,Building Level 3,Maungakiekie-Tamaki,Maungakiekie-Tamaki,650000.0,2,0.0,0.0,1,Damage Unlikely,True,False,False,False,False,0,No elevated flag
park-1130,10368-L100-230-EXW-002,PS_Playground-Terry St,Blockhouse Bay Recreation Res,Playground - Public Access,Playground Location,Whau,Whau,300000.0,2,0.0,0.0,1,Very Low,True,False,False,False,False,0,No elevated flag
park-1132,22546-L100-230-EXW-002,PS_Playground (Whole)-,Tornado Reserve,Playground - Public Access,Playground Location,Upper Harbour,Upper Harbour,300000.0,2,0.0,0.0,1,Damage Unlikely,True,False,False,False,False,0,No elevated flag
park-1133,22256-L100-230-EXW-001,PS_Playground (Whole)-,Camelot Reserve,Playground - Public Access,Playground Location,Kaipatiki,Kaipatiki,300000.0,2,0.0,0.0,1,Very Low,True,False,False,False,False,0,No elevated flag
park-1134,20494-L100-230-EXW-001,PS_Playground,Innismara Park,Playground - Public Access,Playground Location,Manurewa,Manurewa,300000.0,2,0.0,0.0,1,Damage Unlikely,True,False,False,False,False,0,No elevated flag
park-1135,20372-L100-230-EXW-001,PS_Playground (Whole)-,Kawerau Reserve (Oliver Reserve),Playground - Public Access,Playground Location,Devonport-Takapuna,Devonport-Takapuna,300000.0,2,0.0,0.0,1,Very Low,True,False,False,False,False,0,No elevated flag
park-1136,21767-L100-230-EXW-001,PS_Playground,Tarnica Park (Bowscale Place Reserve),Playground - Public Access,Playground Location,Howick,Howick,300000.0,2,0.0,0.0,1,Damage Unlikely,True,False,False,False,False,0,No elevated flag
park-1137,23398-L151-230-EXW-001,PS_Playground (Whole)-,Fernbank Stormwater Reserve,Playground - Public Access,Playground Location,Upper Harbour,Upper Harbour,300000.0,2,0.0,0.0,1,Damage Unlikely,True,False,False,False,False,0,No elevated flag
park-1138,20721-L100-230-EXW-001,PS_Playground,Harwood Reserve - Otara,Playground - Public Access,Playground Location,Otara-Papatoetoe,Otara-Papatoetoe,300000.0,2,0.0,0.0,1,Damage Unlikely,True,False,False,False,False,0,No elevated flag
park-114,10287-B001-151,Toilet - G1 (Okiwi Airfield),Okiwi Airfield,Public Toilet,Building Level 3,Aotea/Great Barrier,Waiheke-Great Barrier,450000.0,3,0.0,0.0,1,Damage Unlikely,True,False,False,False,False,0,No elevated flag
park-1141,21520-L100-230-EXW-001,PS_Playground,Tironui Reserve,Playground - Public Access,Playground Location,Papakura,Papakura,300000.0,2,0.0,0.0,1,Damage Unlikely,True,False,False,False,False,0,No elevated flag
park-1142,20318-L100-230-EXW-001,PS_Playground,Frobisher Park,Playground - Public Access,Playground Location,Manurewa,Manurewa,300000.0,2,0.0,0.0,1,Damage Unlikely,True,False,False,False,False,0,No elevated flag
park-1143,20388-L100-230-EXW-001,PS_Playground,Hyperion Park,Playground - Public Access,Playground Location,Manurewa,Manurewa,300000.0,2,0.0,0.0,1,Damage Unlikely,True,False,False,False,False,0,No elevated flag
park-1144,10247-L100-230-EXW-001,PS_Playground,Orchard Reserve - Avondale,Playground - Public Access,Playground Location,Whau,Whau,300000.0,2,0.0,0.0,1,Damage Unlikely,True,False,False,False,False,0,No elevated flag
park-1145,20513-L100-230-EXW-001,PS_Playground,Kemp Park,Playground - Public Access,Playground Location,Henderson-Massey,Henderson-Massey,300000.0,2,0.0,0.0,1,Very Low,True,False,False,False,False,0,No elevated flag
park-1146,10719-L100-230-EXW-001,PS_Playground,William Green Domain,Playground - Public Access,Playground Location,Howick,Howick,300000.0,2,0.0,0.0,1,Very Low,True,False,False,False,False,0,No elevated flag
park-1147,10623-L100-230-EXW-001,PS_Playground,Fergusson Oaks Reserve,Playground - Public Access,Playground Location,Otara-Papatoetoe,Otara-Papatoetoe,300000.0,2,0.0,0.0,1,Damage Unlikely,True,False,False,False,False,0,No elevated flag
park-1149,11211-L100-230-EXW-001,PS_Playground (Whole)-,Wellsford Centennial Park,Playground - Public Access,Playground Location,Rodney,Rodney,300000.0,2,0.0,0.0,1,Very Low,True,False,False,False,False,0,No elevated flag
park-115,10288-B002-151,Toilet near playground (Waterview Res),Waterview Reserve,Public Toilet,Building Level 3,Albert-Eden,Albert-Eden,450000.0,3,0.0,0.0,1,Very Low,True,False,False,False,False,0,No elevated flag
park-1150,22106-L100-230-EXW-001,PS_Playground,Sarajevo Reserve,Playground - Public Access,Playground Location,Henderson-Massey,Henderson-Massey,300000.0,2,0.0,0.0,1,Very Low,True,False,False,False,False,0,No elevated flag
park-1151,22199-L100-230-EXW-001,PS_Playground (Whole)-,Stanaway Reserve,Playground - Public Access,Playground Location,Kaipatiki,Kaipatiki,300000.0,2,0.0,0.0,1,Damage Unlikely,True,False,False,False,False,0,No elevated flag
park-1152,20695-L100-230-EXW-001,PS_Playground (Whole)-,Marina View Reserve,Playground - Public Access,Playground Location,Upper Harbour,Upper Harbour,300000.0,2,0.0,0.0,1,Damage Unlikely,True,False,False,False,False,0,No elevated flag
park-1153,21295-L100-230-EXW-001,PS_Playground,Flaunty Reserve,Playground - Public Access,Playground Location,Henderson-Massey,Henderson-Massey,300000.0,2,0.0,0.0,1,Very Low,True,False,False,False,False,0,No elevated flag
park-1154,11054-L100-230-EXW-001,PS_Playground (Whole)-,Birkenhead War Memorial Park,Playground - Public Access,Playground Location,Kaipatiki,Kaipatiki,300000.0,2,0.0,0.0,1,Very Low,True,False,False,False,False,0,No elevated flag
park-1155,22354-L100-230-EXW-001,PS_Playground (Whole)-,Ariki Reserve,Playground - Public Access,Playground Location,Rodney,Rodney,300000.0,2,0.0,0.0,0,Not mapped,False,False,False,False,False,0,No elevated flag
park-1156,20279-L100-230-EXW-001,PS_Playground,Wing Park,Playground - Public Access,Playground Location,Papakura,Papakura,300000.0,2,0.0,0.0,1,Very Low,True,False,False,False,False,0,No elevated flag
park-1157,20332-L100-230-EXW-001,PS_Playground (Whole)-,Plymouth Reserve,Playground - Public Access,Playground Location,Devonport-Takapuna,Devonport-Takapuna,300000.0,2,0.0,0.0,1,Very Low,True,False,False,False,False,0,No elevated flag
park-1158,11107-L100-230-EXW-001,PS_Playground (Whole)-,Little Shoal Bay Reserve/Dudding Park,Playground - Public Access,Playground Location,Kaipatiki,Kaipatiki,300000.0,2,0.0,0.0,1,Very Low,True,False,False,False,False,0,No elevated flag
park-1159,20883-L100-230-EXW-002,PS_Playground,Marlene Glade,Playground - Public Access,Playground Location,Henderson-Massey,Henderson-Massey,300000.0,2,0.0,0.0,1,Damage Unlikely,True,False,False,False,False,0,No elevated flag
park-116,10290-B001-151,Toilet - Wi12 (Omiha Beach),Omiha Beach Reserve,Public Toilet,Building Level 3,Waiheke,Waiheke-Great Barrier,450000.0,3,0.0,0.0,1,Damage Unlikely,True,False,False,False,False,0,No elevated flag
park-1160,10760-L100-230-EXW-001,PS_Playground,Swanson Park,Playground - Public Access,Playground Location,Mangere-Otahuhu,Mangere-Otahuhu,300000.0,2,0.0,0.0,1,Very Low,True,False,False,False,False,0,No elevated flag
park-1161,22294-L100-230-EXW-001,PS_Playground (Whole)-,Lancelot Reserve,Playground - Public Access,Playground Location,Kaipatiki,Kaipatiki,300000.0,2,0.0,0.0,1,Very Low,True,False,False,False,False,0,No elevated flag
park-1162,22185-L100-230-EXW-001,PS_Playground (Whole)-,Powrie Reserve,Playground - Public Access,Playground Location,Kaipatiki,Kaipatiki,300000.0,2,0.0,0.0,1,Very Low,True,False,False,False,False,0,No elevated flag
park-1163,20075-L100-230-EXW-002,PS_Playground (Whole)-off Manuka Rd,Manuka Reserve,Playground - Public Access,Playground Location,Kaipatiki,Kaipatiki,300000.0,2,0.0,0.0,1,Very Low,True,False,False,False,False,0,No elevated flag
park-1164,11431-L100-230-EXW-001,PS_Playground,Bruce Mclaren Memorial Park,Playground - Public Access,Playground Location,Henderson-Massey,Henderson-Massey,300000.0,2,0.0,0.0,1,Damage Unlikely,True,False,False,False,False,0,No elevated flag
park-1165,11210-L100-230-EXW-001,PS_Playground (Whole)-,Shoesmith Domain Recreation Reserve,Playground - Public Access,Playground Location,Rodney,Rodney,300000.0,2,0.0,0.0,1,Very Low,True,False,False,False,False,0,No elevated flag
park-1166,20400-L100-230-EXW-001,PS_Playground,Walter Strevens Reserve,Playground - Public Access,Playground Location,Papakura,Papakura,300000.0,2,0.0,0.0,1,Damage Unlikely,True,False,False,False,False,0,No elevated flag
park-1167,21412-L100-230-EXW-001,PS_Playground,Cascade Walkway No 3 (Gosford),Playground - Public Access,Playground Location,Howick,Howick,300000.0,2,0.0,0.0,1,Very Low,True,False,False,False,False,0,No elevated flag
park-1168,21597-L100-230-EXW-001,PS_Playground,Blue Gum Park,Playground - Public Access,Playground Location,Howick,Howick,300000.0,2,0.0,0.0,1,Very Low,True,False,False,False,False,0,No elevated flag
park-1169,11338-L100-230-EXW-001,PS_Playground,Patts Reserve,Playground - Public Access,Playground Location,Whau,Whau,300000.0,2,0.0,0.0,1,Damage Unlikely,True,False,False,False,False,0,No elevated flag
park-117,10308-B010-151,Upper Sports Fields -Toilet/Changing,Auckland Domain,Toilet/Changing,Building Level 3,Waitemata,Waitemata,800000.0,3,0.0,0.0,1,Very Low,True,False,False,False,False,0,No elevated flag
park-1171,22107-L100-230-EXW-001,PS_Playground (Whole)-,Heath Reserve,Playground - Public Access,Playground Location,Kaipatiki,Kaipatiki,300000.0,2,0.0,0.0,1,Very Low,True,False,False,False,False,0,No elevated flag
park-1172,20888-L100-230-EXW-001,PS_Playground (Whole)-,Jean Sampson Reserve,Playground - Public Access,Playground Location,Kaipatiki,Kaipatiki,300000.0,2,0.0,0.0,1,Very Low,True,False,False,False,False,0,No elevated flag
park-1174,22940-L100-230-EXW-001,PS_Playground Whanau Atea Area,Te Pane-o-Mataaho/Mangere Mountain,Playground - Public Access,Playground Location,Mangere-Otahuhu,Mangere-Otahuhu,300000.0,2,0.0,0.0,1,Very Low,True,False,False,False,False,0,No elevated flag
park-1175,24050-L100-230-EXW-001,PS_Playground,Trusts Esplanade Reserve,Playground - Public Access,Playground Location,Henderson-Massey,Henderson-Massey,300000.0,2,0.0,0.0,1,Damage Unlikely,True,False,False,False,False,0,No elevated flag
park-1176,21628-L100-230-EXW-001,PS_Playground,Roundtree Reserve,Playground - Public Access,Playground Location,Papakura,Papakura,300000.0,2,0.0,0.0,0,Not mapped,False,False,False,False,False,0,No elevated flag
park-1177,21167-L100-230-EXW-001,PS_Playground,Hart Domain,Playground - Public Access,Playground Location,Henderson-Massey,Henderson-Massey,300000.0,2,0.0,0.0,1,Damage Unlikely,True,False,False,False,False,0,No elevated flag
park-1179,22014-L100-230-EXW-001,PS_Playground,Zita Maria Park,Playground - Public Access,Playground Location,Henderson-Massey,Henderson-Massey,300000.0,2,0.0,0.0,1,Very Low,True,False,False,False,False,0,No elevated flag
park-118,10365-B004-151,Toilet - adj Eden Roskill Cricket Club,Keith Hay Park,Public Toilet,Building Level 3,Puketapapa,Puketapapa,450000.0,3,0.0,0.0,1,Very Low,True,False,False,False,False,0,No elevated flag
park-1181,21734-L100-230-EXW-001,PS_Playground,Ray Small Park,Playground - Public Access,Playground Location,Papakura,Papakura,300000.0,2,0.0,0.0,1,Damage Unlikely,True,False,False,False,False,0,No elevated flag
park-1182,22471-L100-230-EXW-001,PS_Playground (Whole)-,Muriwai Beach Playground (DOC),Playground - Public Access,Playground Location,Rodney,Rodney,300000.0,2,0.0,0.0,1,Very Low,True,False,False,False,False,0,No elevated flag
park-1183,21962-L100-230-EXW-001,PS_Playground,Blueridge Reserve,Playground - Public Access,Playground Location,Henderson-Massey,Henderson-Massey,300000.0,2,0.0,0.0,1,Very Low,True,False,False,False,False,0,No elevated flag
park-1186,21093-L100-230-EXW-001,PS_Playground,Wakeling Park,Playground - Public Access,Playground Location,Henderson-Massey,Henderson-Massey,300000.0,2,0.0,0.0,1,Damage Unlikely,True,False,False,False,False,0,No elevated flag
park-1189,10890-L100-230-EXW-001,PS_Playground,Wattle Farm Ponds Reserve,Playground - Public Access,Playground Location,Manurewa,Manurewa,300000.0,2,0.0,0.0,1,Damage Unlikely,True,False,False,False,False,0,No elevated flag
park-1190,22524-L100-230-EXW-001,PS_Playground (Whole)-,Connemara Reserve,Playground - Public Access,Playground Location,Upper Harbour,Upper Harbour,300000.0,2,0.0,0.0,1,Very Low,True,False,False,False,False,0,No elevated flag
park-1192,10841-L100-230-EXW-001,PS_Playground,Nixon Centennial Park,Playground - Public Access,Playground Location,Howick,Howick,300000.0,2,0.0,0.0,1,Very Low,True,False,False,False,False,0,No elevated flag
park-1195,21975-L100-230-EXW-001,PS_Playground,Paremuka Lakeside,Playground - Public Access,Playground Location,Henderson-Massey,Henderson-Massey,300000.0,2,0.0,0.0,1,Damage Unlikely,True,False,False,False,False,0,No elevated flag
park-1196,11368-L100-230-EXW-001,PS_Playground,Durham Green,Playground - Public Access,Playground Location,Henderson-Massey,Henderson-Massey,300000.0,2,0.0,0.0,1,Damage Unlikely,True,False,False,False,False,0,No elevated flag
park-1197,22554-L100-230-EXW-001,PS_Playground,Takaranga Reserve,Playground - Public Access,Playground Location,Waitakere Ranges,Waitakere Ranges,300000.0,2,0.0,0.0,1,Very Low,True,False,False,False,False,0,No elevated flag
park-1198,20076-L100-230-EXW-001,PS_Playground (Whole)-,Hooton/Oteha Valley/Gills/Anaharta Resv,Playground - Public Access,Playground Location,Upper Harbour,Upper Harbour,300000.0,2,0.0,0.0,1,Damage Unlikely,True,False,False,False,False,0,No elevated flag
park-12,10011-B001-155,Auckland Central Library - Basement Upp,Auckland Central Library,Library,Building Level 3,Waitemata,Waitemata,15000000.0,5,0.0,0.0,1,Very Low,True,False,False,False,False,0,No elevated flag
park-120,10382-B004-151,Toilet - H2 (Albert Park),Albert Park,Public Toilet,Building Level 3,Waitemata,Waitemata,450000.0,3,0.0,0.0,1,Very Low,True,False,False,False,False,0,No elevated flag
park-1200,10875-L100-230-EXW-001,PS_Playground,Ti Rakau Park,Playground - Public Access,Playground Location,Howick,Howick,300000.0,2,0.0,0.0,1,Very Low,True,False,False,False,False,0,No elevated flag
park-1201,20196-L100-230-EXW-001,PS_Playground,Felicia Park,Playground - Public Access,Playground Location,Manurewa,Manurewa,300000.0,2,0.0,0.0,1,Very Low,True,False,False,False,False,0,No elevated flag
park-1203,10839-L100-230-EXW-001,PS_Playground,Manurewa Leisure Centre,Playground - Public Access,Playground Location,Manurewa,Manurewa,300000.0,2,0.0,0.0,1,Damage Unlikely,True,False,False,False,False,0,No elevated flag
park-1204,23359-L100-230-EXW-001,PS_Playground (Whole)-,Northcote Town Centre,Playground - Public Access,Playground Location,Kaipatiki,Kaipatiki,300000.0,2,0.0,0.0,1,Very Low,True,False,False,False,False,0,No elevated flag
park-1205,22131-L100-230-EXW-001,PS_Playground,San Bernadino Reserve,Playground - Public Access,Playground Location,Henderson-Massey,Henderson-Massey,300000.0,2,0.0,0.0,1,Very Low,True,False,False,False,False,0,No elevated flag
park-1208,11417-L100-230-EXW-001,PS_Playground,La Rosa Garden Reserve,Playground - Public Access,Playground Location,Whau,Whau,300000.0,2,0.0,0.0,1,Very Low,True,False,False,False,False,0,No elevated flag
park-1209,10930-L100-230-EXW-001,PS_Playground (Whole)-,Wainoni Park North,Playground - Public Access,Playground Location,Upper Harbour,Upper Harbour,300000.0,2,0.0,0.0,1,Damage Unlikely,True,False,False,False,False,0,No elevated flag
park-1210,11389-L100-230-EXW-001,PS_Playground,Kaikoura Reserve,Playground - Public Access,Playground Location,Henderson-Massey,Henderson-Massey,300000.0,2,0.0,0.0,1,Very Low,True,False,False,False,False,0,No elevated flag
park-1211,21759-L100-230-EXW-001,PS_Playground,Redcastle Park,Playground - Public Access,Playground Location,Howick,Howick,300000.0,2,0.0,0.0,1,Very Low,True,False,False,False,False,0,No elevated flag
park-1213,20247-L100-230-EXW-001,PS_Playground,Cyril French Park,Playground - Public Access,Playground Location,Howick,Howick,300000.0,2,0.0,0.0,1,Damage Unlikely,True,False,False,False,False,0,No elevated flag
park-1215,11104-L100-230-EXW-001,PS_Playground (Whole)-,Hinemoa Park,Playground - Public Access,Playground Location,Kaipatiki,Kaipatiki,300000.0,2,0.0,0.0,1,Very Low,True,False,False,False,False,0,No elevated flag
park-1216,21368-L100-230-EXW-001,PS_Playground (Whole)-,Hobsonville Point Park,Playground - Public Access,Playground Location,Upper Harbour,Upper Harbour,300000.0,2,0.0,0.0,1,Damage Unlikely,True,False,False,False,False,0,No elevated flag
park-1217,11350-L100-230-EXW-001,PS_Playground,Swanson Station Park,Playground - Public Access,Playground Location,Waitakere Ranges,Waitakere Ranges,300000.0,2,0.0,0.0,1,Damage Unlikely,True,False,False,False,False,0,No elevated flag
park-1219,22527-L100-230-EXW-001,PS_Playground,Corran Reserve,Playground - Public Access,Playground Location,Henderson-Massey,Henderson-Massey,300000.0,2,0.0,0.0,1,Damage Unlikely,True,False,False,False,False,0,No elevated flag
park-1221,22211-L100-230-EXW-001,PS_Playground (Whole)-,Durbin Reserve,Playground - Public Access,Playground Location,Upper Harbour,Upper Harbour,300000.0,2,0.0,0.0,1,Very Low,True,False,False,False,False,0,No elevated flag
park-1222,10924-L100-230-EXW-001,PS_Playground (Whole)-,Tui Park,Playground - Public Access,Playground Location,Kaipatiki,Kaipatiki,300000.0,2,0.0,0.0,1,Very Low,True,False,False,False,False,0,No elevated flag
park-1223,10931-L100-230-EXW-001,PS_Playground (Whole)-,Rosedale Park,Playground - Public Access,Playground Location,Upper Harbour,Upper Harbour,300000.0,2,0.0,0.0,1,Damage Unlikely,True,False,False,False,False,0,No elevated flag
park-1224,10932-L100-230-EXW-001,PS_Playground (Whole)-,Meadowood Reserve,Playground - Public Access,Playground Location,Upper Harbour,Upper Harbour,300000.0,2,0.0,0.0,1,Very Low,True,False,False,False,False,0,No elevated flag
park-1225,11401-L100-230-EXW-001,PS_Playground,Taipari Strand,Playground - Public Access,Playground Location,Henderson-Massey,Henderson-Massey,300000.0,2,0.0,0.0,1,Very Low,True,False,False,False,False,0,No elevated flag
park-1226,22674-L100-230-EXW-L01,PS_Playground,Ambrico Reserve,Playground - Public Access,Playground Location,Whau,Whau,300000.0,2,0.0,0.0,1,Damage Unlikely,True,False,False,False,False,0,No elevated flag
park-1227,21649-L100-230-EXW-001,PS_Playground,Brydon Place Reserve,Playground - Public Access,Playground Location,Whau,Whau,300000.0,2,0.0,0.0,1,Very Low,True,False,False,False,False,0,No elevated flag
park-1228,20207-L100-230-EXW-001,PS_Playground (Whole)-,Northwood Reserve,Playground - Public Access,Playground Location,Upper Harbour,Upper Harbour,300000.0,2,0.0,0.0,1,Damage Unlikely,True,False,False,False,False,0,No elevated flag
park-123,10393-B001-151,Epsom Community Library,Epsom Community Library,Library,Building Level 3,Albert-Eden,Albert-Eden,15000000.0,5,0.0,0.0,1,Very Low,True,False,False,False,False,0,No elevated flag
park-1230,23106-L100-230-EXW-001,PS_Playground Ry637,Torino Reserve,Playground - Public Access,Playground Location,Maungakiekie-Tamaki,Maungakiekie-Tamaki,300000.0,2,0.0,0.0,1,Very Low,True,False,False,False,False,0,No elevated flag
park-1231,10058-L100-230-EXW-001,PS_Playground Rj519,Tin Tacks Reserve,Playground - Public Access,Playground Location,Maungakiekie-Tamaki,Maungakiekie-Tamaki,300000.0,2,0.0,0.0,1,Very Low,True,False,False,False,False,0,No elevated flag
park-1232,21390-L100-230-EXW-001,PS_Playground,Tole Reserve,Playground - Public Access,Playground Location,Waitemata,Waitemata,300000.0,2,0.0,0.0,1,Very Low,True,False,False,False,False,0,No elevated flag
park-1233,10072-L105-230-EXW-001,PS_Playground - Clifton Court,Streetscape - Maungakiekie-Tamaki,Playground - Public Access,Playground Location,Maungakiekie-Tamaki,Maungakiekie-Tamaki,300000.0,2,0.0,0.0,1,Very Low,True,False,False,False,False,0,No elevated flag
park-1234,20987-L100-230-EXW-001,PS_Playground Rj764,Ireland Reserve,Playground - Public Access,Playground Location,Waitemata,Waitemata,300000.0,2,0.0,0.0,1,Very Low,True,False,False,False,False,0,No elevated flag
park-1235,21194-L100-230-EXW-001,PS_Playground Sfe77,Cliff Face Park,Playground - Public Access,Playground Location,Orakei,Orakei,300000.0,2,0.0,0.0,1,Very Low,True,False,False,False,False,0,No elevated flag
park-1237,10239-L100-230-EXW-001,PS_Playground Ryc59,Thompson Park,Playground - Public Access,Playground Location,Maungakiekie-Tamaki,Maungakiekie-Tamaki,300000.0,2,0.0,0.0,1,Very Low,True,False,False,False,False,0,No elevated flag
park-1238,10155-L100-230-EXW-002,PS_Playground Rib35,Grey Lynn Park,Playground - Public Access,Playground Location,Waitemata,Waitemata,300000.0,2,0.0,0.0,1,Very Low,True,False,False,False,False,0,No elevated flag
park-1239,23116-L100-230-EXW-001,PS_Playground Rr023,Pallister Reserve,Playground - Public Access,Playground Location,Puketapapa,Puketapapa,300000.0,2,0.0,0.0,1,Very Low,True,False,False,False,False,0,No elevated flag
park-124,10408-B002-152,Changing Room,Crossfield Reserve,Changing Shed,Building Level 3,Orakei,Orakei,650000.0,2,0.0,0.0,1,Very Low,True,False,False,False,False,0,No elevated flag
park-1241,20959-L100-230-EXW-001,PS_Playground Rj671,Bannerman Reserve,Playground - Public Access,Playground Location,Albert-Eden,Albert-Eden,300000.0,2,0.0,0.0,1,Very Low,True,False,False,False,False,0,No elevated flag
park-1242,10274-L100-230-EXW-001,PS_Playground Rdd77,Waiatarau/Freemans Bay Park,Playground - Public Access,Playground Location,Waitemata,Waitemata,300000.0,2,0.0,0.0,1,Very Low,True,False,False,False,False,0,No elevated flag
park-1243,22010-L100-230-EXW-001,PS_Playground,Foothills Lane Reserve,Playground - Public Access,Playground Location,Waitakere Ranges,Waitakere Ranges,300000.0,2,0.0,0.0,1,Very Low,True,False,False,False,False,0,No elevated flag
park-1244,23084-L100-230-EXW-001,PS_Playground Scd56,Bonnie Brae Reserve,Playground - Public Access,Playground Location,Orakei,Orakei,300000.0,2,0.0,0.0,1,Very Low,True,False,False,False,False,0,No elevated flag
park-1245,10255-L100-230-EXW-001,PS_Playground Rr032,School Reserve,Playground - Public Access,Playground Location,Albert-Eden,Albert-Eden,300000.0,2,0.0,0.0,1,Very Low,True,False,False,False,False,0,No elevated flag
park-1247,20865-L100-230-EXW-001,PS_Playground Rj669,Arthur S Richards Memorial Park,Playground - Public Access,Playground Location,Puketapapa,Puketapapa,300000.0,2,0.0,0.0,1,Very Low,True,False,False,False,False,0,No elevated flag
park-1248,21322-L100-230-EXW-001,PS_Playground Rr380,Hobson Reserve,Playground - Public Access,Playground Location,Maungakiekie-Tamaki,Maungakiekie-Tamaki,300000.0,2,0.0,0.0,1,Very Low,True,False,False,False,False,0,No elevated flag
park-1249,20795-L100-230-EXW-001,PS_Playground Raa87,Gooseberry Flat,Playground - Public Access,Playground Location,Aotea/Great Barrier,Waiheke-Great Barrier,300000.0,2,0.0,0.0,1,Very Low,True,False,False,False,False,0,No elevated flag
park-125,10409-B001-151,Toilet - T20 (Church Street Cnr Reserve),Church Street Corner Reserve,Public Toilet,Building Level 3,Maungakiekie-Tamaki,Maungakiekie-Tamaki,450000.0,3,0.0,0.0,1,Very Low,True,False,False,False,False,0,No elevated flag
park-1250,20955-L100-230-EXW-001,PS_Playground Rr031,Sackville Reserve,Playground - Public Access,Playground Location,Waitemata,Waitemata,300000.0,2,0.0,0.0,1,Very Low,True,False,False,False,False,0,No elevated flag
park-1251,21303-L100-230-EXW-001,PS_Playground Rj520,West Tamaki Reserve,Playground - Public Access,Playground Location,Maungakiekie-Tamaki,Maungakiekie-Tamaki,300000.0,2,0.0,0.0,1,Very Low,True,False,False,False,False,0,No elevated flag
park-1252,10244-L100-230-EXW-001,PS_Playground Rj691,Buckley Road Reserve,Playground - Public Access,Playground Location,Puketapapa,Puketapapa,300000.0,2,0.0,0.0,1,Very Low,True,False,False,False,False,0,No elevated flag
park-1255,21015-L100-230-EXW-001,PS_Playground Rj673,Bellevue Reserve,Playground - Public Access,Playground Location,Albert-Eden,Albert-Eden,300000.0,2,0.0,0.0,1,Very Low,True,False,False,False,False,0,No elevated flag
park-1256,10178-L100-230-EXW-001,PS_Playground Rj703,Centennial Park,Playground - Public Access,Playground Location,Albert-Eden,Albert-Eden,300000.0,2,0.0,0.0,1,Very Low,True,False,False,False,False,0,No elevated flag
park-1258,20947-L100-230-EXW-001,PS_Playground Rr037,St Marys Reserve,Playground - Public Access,Playground Location,Waitemata,Waitemata,300000.0,2,0.0,0.0,1,Very Low,True,False,False,False,False,0,No elevated flag
park-1259,21330-L151-230-EXW-001,PS_Playground Rlt57,Alcock & Lavas Reserves,Playground - Public Access,Playground Location,Maungakiekie-Tamaki,Maungakiekie-Tamaki,300000.0,2,0.0,0.0,1,Very Low,True,False,False,False,False,0,No elevated flag
park-126,10415-B001-100,Toilet - E31 (Melville Park),Melville Park,Public Toilet,Building Level 3,Albert-Eden,Albert-Eden,450000.0,3,0.0,0.0,1,Very Low,True,False,False,False,False,0,No elevated flag
park-1260,23056-L100-230-EXW-001,PS_Playground Rj774,Moira Reserve,Playground - Public Access,Playground Location,Waitemata,Waitemata,300000.0,2,0.0,0.0,1,Very Low,True,False,False,False,False,0,No elevated flag
park-1261,23971-L100-230-EXW-001,PS_Playground middle of park,Playtime Park,Playground - Public Access,Playground Location,Orakei,Orakei,300000.0,2,0.0,0.0,1,Very Low,True,False,False,False,False,0,No elevated flag
park-1262,10407-L100-230-EXW-L02,PS_Playground,Mt Wellington War Memorial Reserve,Playground - Public Access,Playground Location,Maungakiekie-Tamaki,Maungakiekie-Tamaki,300000.0,2,0.0,0.0,1,Very Low,True,False,False,False,False,0,No elevated flag
park-1263,23058-L100-230-EXW-001,PS_Playground Rj771,Moa Reserve,Playground - Public Access,Playground Location,Albert-Eden,Albert-Eden,300000.0,2,0.0,0.0,1,Very Low,True,False,False,False,False,0,No elevated flag
park-1264,10266-L100-230-EXW-001,PS_Playground Rj672,Omaru Recreation Reserve,Playground - Public Access,Playground Location,Maungakiekie-Tamaki,Maungakiekie-Tamaki,300000.0,2,0.0,0.0,1,Damage Unlikely,True,False,False,False,False,0,No elevated flag
park-1265,21190-L100-230-EXW-001,PS_Playground Sey20,Bluestone Park,Playground - Public Access,Playground Location,Orakei,Orakei,300000.0,2,0.0,0.0,1,Very Low,True,False,False,False,False,0,No elevated flag
park-1266,21196-L100-230-EXW-001,PS_Playground Ry478,Taylors Park,Playground - Public Access,Playground Location,Albert-Eden,Albert-Eden,300000.0,2,0.0,0.0,1,Very Low,True,False,False,False,False,0,No elevated flag
park-1268,10394-L100-230-EXW-L01,PS_Playground,Fowlds Park,Playground - Public Access,Playground Location,Albert-Eden,Albert-Eden,300000.0,2,0.0,0.0,1,Very Low,True,False,False,False,False,0,No elevated flag
park-1269,10218-L100-230-EXW-001,PS_Playground Scl81,Glover Park,Playground - Public Access,Playground Location,Orakei,Orakei,300000.0,2,0.0,0.0,1,Very Low,True,False,False,False,False,0,No elevated flag
park-127,10308-B019-100,Toilets/Changing - H16 (Grandstand),Auckland Domain,Toilet/Changing,Building Level 3,Waitemata,Waitemata,800000.0,3,0.0,0.0,1,Very Low,True,False,False,False,False,0,No elevated flag
park-1271,10377-L100-230-EXW-001,PS_Playground Rj667,Arthur Faulkner Reserve,Playground - Public Access,Playground Location,Puketapapa,Puketapapa,300000.0,2,0.0,0.0,1,Very Low,True,False,False,False,False,0,No elevated flag
park-1272,21400-L100-230-EXW-001,PS_Playground,Brown Reserve,Playground - Public Access,Playground Location,Waitemata,Waitemata,300000.0,2,0.0,0.0,1,Very Low,True,False,False,False,False,0,No elevated flag
park-1273,10065-L100-230-EXW-001,PS_Playground Rqu16,Murray Halberg Park,Playground - Public Access,Playground Location,Albert-Eden,Albert-Eden,300000.0,2,0.0,0.0,1,Very Low,True,False,False,False,False,0,No elevated flag
park-1274,21181-L100-230-EXW-001,PS_Playground Ry792,Monkey Hill,Playground - Public Access,Playground Location,Albert-Eden,Albert-Eden,300000.0,2,0.0,0.0,1,Very Low,True,False,False,False,False,0,No elevated flag
park-1276,21543-L100-230-EXW-001,PS_Playground Rq771,Wairaki Stream Reserve,Playground - Public Access,Playground Location,Puketapapa,Puketapapa,300000.0,2,0.0,0.0,1,Very Low,True,False,False,False,False,0,No elevated flag
park-1277,21153-L100-230-EXW-001,PS_Playground Rj747,Essex Road Reserve,Playground - Public Access,Playground Location,Albert-Eden,Albert-Eden,300000.0,2,0.0,0.0,1,Very Low,True,False,False,False,False,0,No elevated flag
park-1278,10467-L100-230-EXW-001,PS_Playground - Omana,O Manawatere Regional Park,Playground - Public Access,Playground Location,Franklin,Franklin,300000.0,2,0.0,0.0,1,Very Low,True,False,False,False,False,0,No elevated flag
park-1279,24041-L100-230-EXW-001,PS_Playground (Whole)-,Lake Town Green,Playground - Public Access,Playground Location,Devonport-Takapuna,Devonport-Takapuna,300000.0,2,0.0,0.0,1,Very Low,True,False,False,False,False,0,No elevated flag
park-1280,11435-L100-230-EXW-001,PS_Playground,Te Atatu Peninsula Park,Playground - Public Access,Playground Location,Henderson-Massey,Henderson-Massey,300000.0,2,0.0,0.0,1,Damage Unlikely,True,False,False,False,False,0,No elevated flag
park-1281,10936-L100-230-EXW-002,PS_Playground (Whole)-by skate park,Collins Park,Playground - Public Access,Playground Location,Upper Harbour,Upper Harbour,300000.0,2,0.0,0.0,1,Damage Unlikely,True,False,False,False,False,0,No elevated flag
park-1282,10901-L100-230-EXW-001,PS_Playground,Blundell Park,Playground - Public Access,Playground Location,Howick,Howick,300000.0,2,0.0,0.0,1,Very Low,True,False,False,False,False,0,No elevated flag
park-1283,10751-L100-230-EXW-001,PS_Playground-Mascot Ave,David Lange Park,Playground - Public Access,Playground Location,Mangere-Otahuhu,Mangere-Otahuhu,300000.0,2,0.0,0.0,1,Damage Unlikely,True,False,False,False,False,0,No elevated flag
park-1284,20198-L100-230-EXW-001,PS_Playground,Darren Park,Playground - Public Access,Playground Location,Howick,Howick,300000.0,2,0.0,0.0,1,Very Low,True,False,False,False,False,0,No elevated flag
park-1285,10907-L100-230-EXW-001,PS_Playground,Bucklands Beach Domain,Playground - Public Access,Playground Location,Howick,Howick,300000.0,2,0.0,0.0,1,Very Low,True,False,False,False,False,0,No elevated flag
park-1286,10892-L100-230-EXW-002,PS_Playground-Adventure,Totara Park,Playground - Public Access,Playground Location,Manurewa,Manurewa,300000.0,2,0.0,0.0,1,Very Low,True,False,False,False,False,0,No elevated flag
park-1287,21468-L100-230-EXW-001,PS_Playground,Ben Lora Park,Playground - Public Access,Playground Location,Mangere-Otahuhu,Mangere-Otahuhu,300000.0,2,0.0,0.0,1,Damage Unlikely,True,False,False,False,False,0,No elevated flag
park-1290,21892-L100-230-EXW-001,PS_Playground,Rotoma Park,Playground - Public Access,Playground Location,Otara-Papatoetoe,Otara-Papatoetoe,300000.0,2,0.0,0.0,1,Very Low,True,False,False,False,False,0,No elevated flag
park-1291,21495-L100-230-EXW-001,PS_Playground,Times Place Rec Res/Nga Hau E Wha Marae,Playground - Public Access,Playground Location,Franklin,Franklin,300000.0,2,0.0,0.0,1,Very Low,True,False,False,False,False,0,No elevated flag
park-1292,22167-L100-230-EXW-001,PS_Playground (Whole)-,Monarch Park,Playground - Public Access,Playground Location,Kaipatiki,Kaipatiki,300000.0,2,0.0,0.0,1,Very Low,True,False,False,False,False,0,No elevated flag
park-1294,10029-L100-230-EXW-001,PS_Playground Rr004,Rutherford Reserve,Playground - Public Access,Playground Location,Orakei,Orakei,300000.0,2,0.0,0.0,1,Very Low,True,False,False,False,False,0,No elevated flag
park-1296,20708-L100-230-EXW-001,PS_Playground Ryf46,Kotuku Reserve,Playground - Public Access,Playground Location,Maungakiekie-Tamaki,Maungakiekie-Tamaki,300000.0,2,0.0,0.0,1,Very Low,True,False,False,False,False,0,No elevated flag
park-1297,20939-L100-230-EXW-001,PS_Playground Sad14,Robinson Reserve,Playground - Public Access,Playground Location,Puketapapa,Puketapapa,300000.0,2,0.0,0.0,1,Very Low,True,False,False,False,False,0,No elevated flag
park-1299,20654-L100-230-EXW-L01,PS_Playground,Tin Boat Reserve,Playground - Public Access,Playground Location,Waiheke,Waiheke-Great Barrier,300000.0,2,0.0,0.0,1,Damage Unlikely,True,False,False,False,False,0,No elevated flag
park-13,10011-B001-157,Auckland Central Library - Lv 04 (Plant),Auckland Central Library,Library,Building Level 3,Waitemata,Waitemata,15000000.0,5,0.0,0.0,1,Very Low,True,False,False,False,False,0,No elevated flag
park-130,10350-B001-151,Toilet - E3 (Marivare Reserve),Marivare Reserve,Public Toilet,Building Level 3,Albert-Eden,Albert-Eden,450000.0,3,0.0,0.0,1,Very Low,True,False,False,False,False,0,No elevated flag
park-1300,10050-L100-230-EXW-001,PS_Playground Scy98,Coyle Park,Playground - Public Access,Playground Location,Albert-Eden,Albert-Eden,300000.0,2,0.0,0.0,1,Very Low,True,False,False,False,False,0,No elevated flag
park-1301,10362-L100-230-EXW-001,PS_Playground,Maungakiekie/One Tree Hill,Playground - Public Access,Playground Location,Maungakiekie-Tamaki,Maungakiekie-Tamaki,300000.0,2,0.0,0.0,1,Very Low,True,False,False,False,False,0,No elevated flag
park-1302,21145-L100-230-EXW-001,PS_Playground Ry764,Edenvale Park,Playground - Public Access,Playground Location,Albert-Eden,Albert-Eden,300000.0,2,0.0,0.0,1,Very Low,True,False,False,False,False,0,No elevated flag
park-1304,10250-L100-230-EXW-001,PS_Playground Rfv16,Waikowhai Park,Playground - Public Access,Playground Location,Puketapapa,Puketapapa,300000.0,2,0.0,0.0,1,Very Low,True,False,False,False,False,0,No elevated flag
park-1305,21133-L100-230-EXW-001,PS_Playground Rr035,Taumata Reserve,Playground - Public Access,Playground Location,Albert-Eden,Albert-Eden,300000.0,2,0.0,0.0,1,Very Low,True,False,False,False,False,0,No elevated flag
park-1308,22489-L100-230-EXW-001,PS_Playground (Whole)-,Da Vinci Park,Playground - Public Access,Playground Location,Upper Harbour,Upper Harbour,300000.0,2,0.0,0.0,1,Very Low,True,False,False,False,False,0,No elevated flag
park-131,10356-B007-151,Toilet - By Playground,Western Park - Freemans Bay,Public Toilet,Building Level 3,Waitemata,Waitemata,450000.0,3,0.0,0.0,1,Very Low,True,False,False,False,False,0,No elevated flag
park-1310,22900-L100-230-EXW-001,PS_Playground,Frank Nobilo (Pebble Beach Pl Reserve),Playground - Public Access,Playground Location,Howick,Howick,300000.0,2,0.0,0.0,1,Damage Unlikely,True,False,False,False,False,0,No elevated flag
park-1311,20894-L100-230-EXW-001,PS_Playground,Turner Reserve,Playground - Public Access,Playground Location,Puketapapa,Puketapapa,300000.0,2,0.0,0.0,1,Very Low,True,False,False,False,False,0,No elevated flag
park-1312,24604-L100-230-EXW-001,PS_Playground,Kotuku Park,Playground - Public Access,Playground Location,Upper Harbour,Upper Harbour,300000.0,2,0.0,0.0,1,Damage Unlikely,True,False,False,False,False,0,No elevated flag
park-1313,22966-L100-230-EXW-001,PS_Playground,Maxwell Park,Playground - Public Access,Playground Location,Otara-Papatoetoe,Otara-Papatoetoe,300000.0,2,0.0,0.0,1,Damage Unlikely,True,False,False,False,False,0,No elevated flag
park-1314,21464-L100-230-EXW-001,PS_Playground,Ken Parker Reserve (Bell Road Reserve),Playground - Public Access,Playground Location,Franklin,Franklin,300000.0,2,0.0,0.0,1,Damage Unlikely,True,False,False,False,False,0,No elevated flag
park-1315,22985-L100-230-EXW-001,PS_Playground,Nimrod Park,Playground - Public Access,Playground Location,Howick,Howick,300000.0,2,0.0,0.0,1,Very Low,True,False,False,False,False,0,No elevated flag
park-1316,23809-L100-230-EXW-001,PS_Playground-South of court,Pollok School Grounds,Playground - Public Access,Playground Location,Franklin,Franklin,300000.0,2,0.0,0.0,1,Very Low,True,False,False,False,False,0,No elevated flag
park-1317,20283-L100-230-EXW-001,PS_Playground,Wintere Park,Playground - Public Access,Playground Location,Otara-Papatoetoe,Otara-Papatoetoe,300000.0,2,0.0,0.0,1,Damage Unlikely,True,False,False,False,False,0,No elevated flag
park-1319,23074-L100-230-EXW-001,PS_Playground,Challen Reserve,Playground - Public Access,Playground Location,Papakura,Papakura,300000.0,2,0.0,0.0,1,Damage Unlikely,True,False,False,False,False,0,No elevated flag
park-132,10395-B001-151,Toilet - H51 (Newmarket Park),Newmarket Park,Public Toilet,Building Level 3,Waitemata,Waitemata,450000.0,3,0.0,0.0,1,Very Low,True,False,False,False,False,0,No elevated flag
park-1320,10662-L100-230-EXW-001,PS_Playground-Trounson Ave,Finlayson Ave Reserve,Playground - Public Access,Playground Location,Manurewa,Manurewa,300000.0,2,0.0,0.0,1,Damage Unlikely,True,False,False,False,False,0,No elevated flag
park-1321,20314-L100-230-EXW-001,PS_Playground,Cyclamen Park,Playground - Public Access,Playground Location,Mangere-Otahuhu,Mangere-Otahuhu,300000.0,2,0.0,0.0,1,Very Low,True,False,False,False,False,0,No elevated flag
park-1323,10838-L100-230-EXW-001,PS_Playground,Keith Park,Playground - Public Access,Playground Location,Manurewa,Manurewa,300000.0,2,0.0,0.0,1,Damage Unlikely,True,False,False,False,False,0,No elevated flag
park-1324,24590-L100-230-EXW-001,PS_Playground,Whenuapai Town Park,Playground - Public Access,Playground Location,Upper Harbour,Upper Harbour,300000.0,2,0.0,0.0,1,Damage Unlikely,True,False,False,False,False,0,No elevated flag
park-1325,20272-L100-230-EXW-001,PS_Playground (Whole),Harrowglen Reserve,Playground - Public Access,Playground Location,Upper Harbour,Upper Harbour,300000.0,2,0.0,0.0,1,Very Low,True,False,False,False,False,0,No elevated flag
park-1326,21891-L100-230-EXW-001,PS_Playground (Whole)-,Taroka Reserve,Playground - Public Access,Playground Location,Upper Harbour,Upper Harbour,300000.0,2,0.0,0.0,1,Very Low,True,False,False,False,False,0,No elevated flag
park-1328,10963-L100-230-EXW-001,PS_Playground-The Strand Takapuna,Takapuna Beach,Playground - Public Access,Playground Location,Devonport-Takapuna,Devonport-Takapuna,300000.0,2,0.0,0.0,1,Damage Unlikely,True,False,False,False,False,0,No elevated flag
park-1329,10560-L100-230-EXW-001,PS_Playground-StevensonRd opp TaihikiRd,Clarks Beach Rec Res and Golf Club,Playground - Public Access,Playground Location,Franklin,Franklin,300000.0,2,0.0,0.0,1,Damage Unlikely,True,False,False,False,False,0,No elevated flag
park-1330,10717-L100-230-EXW-001,PS_Playground,Clendon Community Centre Reserve,Playground - Exclusive Access,Playground Location,Manurewa,Manurewa,300000.0,2,0.0,0.0,1,Damage Unlikely,True,False,False,False,False,0,No elevated flag
park-1331,21953-L100-230-EXW-001,PS_Playground,Alfriston Park (Saralee Drive Reserve),Playground - Public Access,Playground Location,Manurewa,Manurewa,300000.0,2,0.0,0.0,1,Damage Unlikely,True,False,False,False,False,0,No elevated flag
park-1333,23020-L100-230-EXW-001,PS_Playground,Wayne Francis Park (Monash Park),Playground - Public Access,Playground Location,Howick,Howick,300000.0,2,0.0,0.0,1,Damage Unlikely,True,False,False,False,False,0,No elevated flag
park-1334,22606-L100-230-EXW-001,PS_Playground (Whole)-,Chatham Hill Reserve,Playground - Public Access,Playground Location,Hibiscus and Bays,Hibiscus and Bays,300000.0,2,0.0,0.0,1,Very Low,True,False,False,False,False,0,No elevated flag
park-1335,22699-L100-230-EXW-001,PS_Playground,Kingseat Recreation Reserve,Playground - Public Access,Playground Location,Franklin,Franklin,300000.0,2,0.0,0.0,1,Damage Unlikely,True,False,False,False,False,0,No elevated flag
park-1337,21316-L100-230-EXW-001,PS_Playground,Armoy Park (Amylynn Place Reserve),Playground - Public Access,Playground Location,Howick,Howick,300000.0,2,0.0,0.0,1,Damage Unlikely,True,False,False,False,False,0,No elevated flag
park-1338,10304-L100-230-EXW-001,PS_Playground,Salisbury Reserve,Playground - Public Access,Playground Location,Waitemata,Waitemata,300000.0,2,0.0,0.0,1,Very Low,True,False,False,False,False,0,No elevated flag
park-1339,10396-L100-230-EXW-001,PS_Playground Rj778,Mt Albert War Memorial Reserve,Playground - Public Access,Playground Location,Albert-Eden,Albert-Eden,300000.0,2,0.0,0.0,1,Very Low,True,False,False,False,False,0,No elevated flag
park-134,10407-B001-101,Toilet - T1 (Mt Well War Memo. Reserve),Mt Wellington War Memorial Reserve,Public Toilet,Building Level 3,Maungakiekie-Tamaki,Maungakiekie-Tamaki,450000.0,3,0.0,0.0,1,Very Low,True,False,False,False,False,0,No elevated flag
park-1340,10408-L100-230-EXW-001,PS_Playground_By Community Centre,Crossfield Reserve,Playground - Public Access,Playground Location,Orakei,Orakei,300000.0,2,0.0,0.0,1,Very Low,True,False,False,False,False,0,No elevated flag
park-1341,10288-L100-230-EXW-001,PS_Playground Waterview,Waterview Reserve,Playground - Public Access,Playground Location,Albert-Eden,Albert-Eden,300000.0,2,0.0,0.0,1,Very Low,True,False,False,False,False,0,No elevated flag
park-1342,21126-L100-230-EXW-001,PS_Playground (Whole)-,Selwyn Reserve - Forrest Hill,Playground - Public Access,Playground Location,Devonport-Takapuna,Devonport-Takapuna,300000.0,2,0.0,0.0,1,Very Low,True,False,False,False,False,0,No elevated flag
park-1343,21383-L100-230-EXW-001,PS_Playground Kuaka Park,Kuaka Park,Playground - Public Access,Playground Location,Albert-Eden,Albert-Eden,300000.0,2,0.0,0.0,1,Very Low,True,False,False,False,False,0,No elevated flag
park-1344,10317-L100-230-EXW-001,PS_Playground Rdm50,Massey Reserve,Playground - Public Access,Playground Location,Maungakiekie-Tamaki,Maungakiekie-Tamaki,300000.0,2,0.0,0.0,1,Very Low,True,False,False,False,False,0,No elevated flag
park-1345,10000-L100-230-EXW-001,PS_Playground Rec30,Francis Reserve,Playground - Public Access,Playground Location,Waitemata,Waitemata,300000.0,2,0.0,0.0,1,Very Low,True,False,False,False,False,0,No elevated flag
park-1346,10277-L100-230-EXW-001,PS_Playground Myers Park,Myers Park,Playground - Public Access,Playground Location,Waitemata,Waitemata,300000.0,2,0.0,0.0,1,Very Low,True,False,False,False,False,0,No elevated flag
park-1347,21523-L100-230-EXW-001,PS_Playground-Next to 416 Panama Rd,Flat Rock Reserve,Playground - Public Access,Playground Location,Maungakiekie-Tamaki,Maungakiekie-Tamaki,300000.0,2,0.0,0.0,1,Very Low,True,False,False,False,False,0,No elevated flag
park-1348,11420-L100-230-EXW-002,PS_Playground,Starling Park,Playground - Public Access,Playground Location,Henderson-Massey,Henderson-Massey,300000.0,2,0.0,0.0,1,Damage Unlikely,True,False,False,False,False,0,No elevated flag
park-1349,23096-L100-230-EXW-001,PS_Playground-By Path from Kupe St,Kupe North Reserve,Playground - Public Access,Playground Location,Orakei,Orakei,300000.0,2,0.0,0.0,1,Very Low,True,False,False,False,False,0,No elevated flag
park-1350,10144-L100-230-EXW-001,PS_Playground Grey Lynn Comm Centre,Grey Lynn Community Centre,Playground - Exclusive Access,Playground Location,Waitemata,Waitemata,300000.0,2,0.0,0.0,1,Very Low,True,False,False,False,False,0,No elevated flag
park-1351,21673-L100-230-EXW-001,PS_Playground-Jnr-Rd frontage Dallas Pl,Dallas Reserve,Playground - Public Access,Playground Location,Whau,Whau,300000.0,2,0.0,0.0,1,Very Low,True,False,False,False,False,0,No elevated flag
park-1353,10637-L100-230-EXW-001,PS_Playground,Inverell Park,Playground - Public Access,Playground Location,Manurewa,Manurewa,300000.0,2,0.0,0.0,1,Very Low,True,False,False,False,False,0,No elevated flag
park-1354,22935-L100-230-EXW-001,PS_Playground,Megan Park,Playground - Public Access,Playground Location,Howick,Howick,300000.0,2,0.0,0.0,1,Very Low,True,False,False,False,False,0,No elevated flag
park-1355,10596-L100-230-EXW-001,PS_Playground-Claymore St frontage,Leabank Park,Playground - Public Access,Playground Location,Manurewa,Manurewa,300000.0,2,0.0,0.0,1,Damage Unlikely,True,False,False,False,False,0,No elevated flag
park-1356,20241-L100-230-EXW-001,PS_Playground,Dairyland Park,Playground - Public Access,Playground Location,Howick,Howick,300000.0,2,0.0,0.0,1,Damage Unlikely,True,False,False,False,False,0,No elevated flag
park-1357,22755-L100-230-EXW-001,PS_Playground,Manukau Park,Playground - Public Access,Playground Location,Mangere-Otahuhu,Mangere-Otahuhu,300000.0,2,0.0,0.0,1,Very Low,True,False,False,False,False,0,No elevated flag
park-1358,21651-L100-230-EXW-002,PS_Playground-Otago Pl end,Boggust Park,Playground - Public Access,Playground Location,Mangere-Otahuhu,Mangere-Otahuhu,300000.0,2,0.0,0.0,1,Damage Unlikely,True,False,False,False,False,0,No elevated flag
park-136,10455-B002-151,Toilet - Michael Joseph Savage Memorial,Michael Joseph Savage Memorial,Public Toilet,Building Level 3,Orakei,Orakei,450000.0,3,0.0,0.0,1,Very Low,True,False,False,False,False,0,No elevated flag
park-1360,10514-L100-230-EXW-001,PS_Playground-Behind playcentre building,Wellington Street Reserve - Pukekohe,Playground - Public Access,Playground Location,Franklin,Franklin,300000.0,2,0.0,0.0,1,Very Low,True,False,False,False,False,0,No elevated flag
park-1361,22792-L100-230-EXW-001,PS_Playground,Jutland Road Recreation Reserve,Playground - Public Access,Playground Location,Franklin,Franklin,300000.0,2,0.0,0.0,1,Very Low,True,False,False,False,False,0,No elevated flag
park-1362,22887-L100-230-EXW-001,PS_Playground,Proude Reserve,Playground - Public Access,Playground Location,Franklin,Franklin,300000.0,2,0.0,0.0,1,Very Low,True,False,False,False,False,0,No elevated flag
park-1363,10531-L100-230-EXW-001,PS_Playground - Opp Pukekohe Highschool,Bledisloe Park - Franklin,Playground - Public Access,Playground Location,Franklin,Franklin,300000.0,2,0.0,0.0,1,Very Low,True,False,False,False,False,0,No elevated flag
park-1364,10520-L100-230-EXW-001,PS_Playground-Snr-Behind Com Building,Hamilton Estate Recreation Reserve,Playground - Public Access,Playground Location,Franklin,Franklin,300000.0,2,0.0,0.0,1,Very Low,True,False,False,False,False,0,No elevated flag
park-1365,11290-L100-230-EXW-001,PS_Playground (Whole)-,Wellsford War Memorial Park,Playground - Public Access,Playground Location,Rodney,Rodney,300000.0,2,0.0,0.0,1,Very Low,True,False,False,False,False,0,No elevated flag
park-1366,22782-L100-230-EXW-001,PS_Playground,Logan Carr Reserve,Playground - Public Access,Playground Location,Howick,Howick,300000.0,2,0.0,0.0,1,Damage Unlikely,True,False,False,False,False,0,No elevated flag
park-1367,10532-L100-230-EXW-001,PS_Playground,Colin Lawrie Fields,Playground - Public Access,Playground Location,Franklin,Franklin,300000.0,2,0.0,0.0,1,Very Low,True,False,False,False,False,0,No elevated flag
park-1368,24314-L100-230-EXW-001,PS_Playground,Mauku Reserve,Playground - Public Access,Playground Location,Upper Harbour,Upper Harbour,300000.0,2,0.0,0.0,1,Very Low,True,False,False,False,False,0,No elevated flag
park-1369,20570-L100-230-EXW-001,PS_Playground,Anderson Park (Grand Vue Road Reserve),Playground - Public Access,Playground Location,Manurewa,Manurewa,300000.0,2,0.0,0.0,1,Very Low,True,False,False,False,False,0,No elevated flag
park-137,10456-B001-151,Harbour View public toilets W33,Harbour View Reserve,Public Toilet,Building Level 3,Albert-Eden,Albert-Eden,450000.0,3,0.0,0.0,0,Not mapped,False,False,False,False,False,0,No elevated flag
park-1370,23186-L100-230-EXW-001,PS_Playground,Clare Place Reserve,Playground - Public Access,Playground Location,Mangere-Otahuhu,Mangere-Otahuhu,300000.0,2,0.0,0.0,1,Damage Unlikely,True,False,False,False,False,0,No elevated flag
park-1371,10588-L100-230-EXW-001,PS_Playground - Equal Access,Lloyd Elsmore Park,Playground - Public Access,Playground Location,Howick,Howick,300000.0,2,0.0,0.0,1,Damage Unlikely,True,False,False,False,False,0,No elevated flag
park-1373,21560-L100-230-EXW-001,PS_Playground,Bacardi Reserve,Playground - Public Access,Playground Location,Papakura,Papakura,300000.0,2,0.0,0.0,1,Damage Unlikely,True,False,False,False,False,0,No elevated flag
park-1374,23016-L100-230-EXW-001,PS_Playground,Motatau Park,Playground - Public Access,Playground Location,Otara-Papatoetoe,Otara-Papatoetoe,300000.0,2,0.0,0.0,1,Damage Unlikely,True,False,False,False,False,0,No elevated flag
park-1375,22961-L100-230-EXW-001,PS_Playground,Matthews Park,Playground - Public Access,Playground Location,Otara-Papatoetoe,Otara-Papatoetoe,300000.0,2,0.0,0.0,1,Damage Unlikely,True,False,False,False,False,0,No elevated flag
park-1376,11096-L100-230-EXW-001,PS_Playground-Junior,Marlborough Park,Playground - Public Access,Playground Location,Kaipatiki,Kaipatiki,300000.0,2,0.0,0.0,1,Damage Unlikely,True,False,False,False,False,0,No elevated flag
park-1377,22161-L100-230-EXW-001,PS_Playground (Whole)-,Lynn Reserve,Playground - Public Access,Playground Location,Kaipatiki,Kaipatiki,300000.0,2,0.0,0.0,1,Damage Unlikely,True,False,False,False,False,0,No elevated flag
park-1378,20949-L100-230-EXW-001,PS_Playground,Olive Grove,Playground - Public Access,Playground Location,Waitakere Ranges,Waitakere Ranges,300000.0,2,0.0,0.0,1,Very Low,True,False,False,False,False,0,No elevated flag
park-1379,20054-L100-230-EXW-001,PS_Playground (Whole)-,Greville Reserve,Playground - Public Access,Playground Location,Devonport-Takapuna,Devonport-Takapuna,300000.0,2,0.0,0.0,1,Very Low,True,False,False,False,False,0,No elevated flag
park-138,10462-B001-151,Toilet (Raymond Reserve),Raymond Reserve,Public Toilet,Building Level 3,Albert-Eden,Albert-Eden,450000.0,3,0.0,0.0,0,Not mapped,False,False,False,False,False,0,No elevated flag
park-1380,11418-L100-230-EXW-001,PS_Playground,Lawson Park,Playground - Public Access,Playground Location,Whau,Whau,300000.0,2,0.0,0.0,1,Very Low,True,False,False,False,False,0,No elevated flag
park-1383,20800-L100-230-EXW-001,PS_Playground (Whole)-,Vandeleur Reserve,Playground - Public Access,Playground Location,Kaipatiki,Kaipatiki,300000.0,2,0.0,0.0,1,Very Low,True,False,False,False,False,0,No elevated flag
park-1384,22405-L100-230-EXW-001,PS_Playground (Whole)-,Cooper - Lea Reserve,Playground - Public Access,Playground Location,Hibiscus and Bays,Hibiscus and Bays,300000.0,2,0.0,0.0,1,Very Low,True,False,False,False,False,0,No elevated flag
park-1386,11460-L100-230-EXW-001,PS_Playground Scout Hall,Tui Glen Reserve,Playground - Public Access,Playground Location,Henderson-Massey,Henderson-Massey,300000.0,2,0.0,0.0,1,Damage Unlikely,True,False,False,False,False,0,No elevated flag
park-1387,10936-L100-230-EXW-001,PS_Playground (Whole)-,Collins Park,Playground - Public Access,Playground Location,Upper Harbour,Upper Harbour,300000.0,2,0.0,0.0,1,Damage Unlikely,True,False,False,False,False,0,No elevated flag
park-1388,12940-L100-230-EXW-001,PS_Playground (Whole)-,Stredwick Reserve,Playground - Public Access,Playground Location,Hibiscus and Bays,Hibiscus and Bays,300000.0,2,0.0,0.0,1,Very Low,True,False,False,False,False,0,No elevated flag
park-1389,20841-L100-230-EXW-001,PS_Playground,Kensington Gardens,Playground - Public Access,Playground Location,Henderson-Massey,Henderson-Massey,300000.0,2,0.0,0.0,1,Very Low,True,False,False,False,False,0,No elevated flag
park-139,10258-B001-151,Glen Innes Community Library,Ruapotaka Reserve,Library,Building Level 3,Maungakiekie-Tamaki,Maungakiekie-Tamaki,15000000.0,5,0.0,0.0,1,Damage Unlikely,True,False,False,False,False,0,No elevated flag
park-1390,11490-L100-230-EXW-001,PS_Playground,Mason Park,Playground - Public Access,Playground Location,Whau,Whau,300000.0,2,0.0,0.0,1,Damage Unlikely,True,False,False,False,False,0,No elevated flag
park-1391,21909-L100-230-EXW-001,PS_Playground (Whole)-,Oak Park,Playground - Public Access,Playground Location,Upper Harbour,Upper Harbour,300000.0,2,0.0,0.0,1,Very Low,True,False,False,False,False,0,No elevated flag
park-1392,20246-L100-230-EXW-001,PS_Playground,Clydesdale Park,Playground - Public Access,Playground Location,Howick,Howick,300000.0,2,0.0,0.0,1,Very Low,True,False,False,False,False,0,No elevated flag
park-1395,22401-L100-230-EXW-001,PS_Playground (Whole)-,Hardley Reserve,Playground - Public Access,Playground Location,Hibiscus and Bays,Hibiscus and Bays,300000.0,2,0.0,0.0,1,Very Low,True,False,False,False,False,0,No elevated flag
park-1396,22047-L100-230-EXW-001,PS_Playground,Flinders Park,Playground - Public Access,Playground Location,Otara-Papatoetoe,Otara-Papatoetoe,300000.0,2,0.0,0.0,1,Damage Unlikely,True,False,False,False,False,0,No elevated flag
park-1397,11391-L100-230-EXW-001,PS_Playground,Henderson Valley Park,Playground - Public Access,Playground Location,Henderson-Massey,Henderson-Massey,300000.0,2,0.0,0.0,1,Damage Unlikely,True,False,False,False,False,0,No elevated flag
park-1398,22087-L100-230-EXW-001,PS_Playground (Whole)-,"Lenihan Reserve, KÅkÅ",Playground - Public Access,Playground Location,Kaipatiki,Kaipatiki,300000.0,2,0.0,0.0,1,Very Low,True,False,False,False,False,0,No elevated flag
park-1399,21069-L100-230-EXW-001,PS_Playground (Whole)-,Leiden Reserve,Playground - Public Access,Playground Location,Kaipatiki,Kaipatiki,300000.0,2,0.0,0.0,1,Very Low,True,False,False,False,False,0,No elevated flag
park-14,10011-B001-158,Auckland Central Library - Lv 05 (Plant),Auckland Central Library,Library,Building Level 3,Waitemata,Waitemata,15000000.0,5,0.0,0.0,1,Very Low,True,False,False,False,False,0,No elevated flag
park-140,10277-B002-151,Toilet - H7 (Myers Park),Myers Park,Public Toilet,Building Level 3,Waitemata,Waitemata,450000.0,3,0.0,0.0,1,Very Low,True,False,False,False,False,0,No elevated flag
park-1400,22531-L100-230-EXW-001,PS_Playground,Starforth Reserve,Playground - Public Access,Playground Location,Henderson-Massey,Henderson-Massey,300000.0,2,0.0,0.0,1,Damage Unlikely,True,False,False,False,False,0,No elevated flag
park-1402,11395-L151-230-EXW-001,PS_Playground,Corban Reserve,Playground - Public Access,Playground Location,Henderson-Massey,Henderson-Massey,300000.0,2,0.0,0.0,1,Damage Unlikely,True,False,False,False,False,0,No elevated flag
park-1403,10686-L100-230-EXW-001,PS_Playground,Blyton Lane Reserve,Playground - Public Access,Playground Location,Howick,Howick,300000.0,2,0.0,0.0,1,Very Low,True,False,False,False,False,0,No elevated flag
park-1404,11302-L100-230-EXW-001,PS_Playground (Whole)-,Manuhiri Reserve,Playground - Public Access,Playground Location,Rodney,Rodney,300000.0,2,0.0,0.0,1,Very Low,True,False,False,False,False,0,No elevated flag
park-1407,22374-L100-230-EXW-001,PS_Playground (Whole)-,Church Hill Reserve,Playground - Public Access,Playground Location,Rodney,Rodney,300000.0,2,0.0,0.0,1,Very Low,True,False,False,False,False,0,No elevated flag
park-1408,10825-L100-230-EXW-001,PS_Playground,Middlemore Park,Playground - Public Access,Playground Location,Otara-Papatoetoe,Otara-Papatoetoe,300000.0,2,0.0,0.0,1,Damage Unlikely,True,False,False,False,False,0,No elevated flag
park-1409,21792-L100-230-EXW-001,PS_Playground,Gus Nola Park,Playground - Public Access,Playground Location,Henderson-Massey,Henderson-Massey,300000.0,2,0.0,0.0,1,Very Low,True,False,False,False,False,0,No elevated flag
park-1410,20539-L100-230-EXW-001,PS_Playground (Whole)-,Regency Park Drive Reserve,Playground - Public Access,Playground Location,Hibiscus and Bays,Hibiscus and Bays,300000.0,2,0.0,0.0,1,Very Low,True,False,False,False,False,0,No elevated flag
park-1411,21119-L100-230-EXW-001,PS_Playground (Whole)-,Rewi Alley Reserve,Playground - Public Access,Playground Location,Kaipatiki,Kaipatiki,300000.0,2,0.0,0.0,1,Very Low,True,False,False,False,False,0,No elevated flag
park-1412,21281-L100-230-EXW-001,PS_Playground,Gallony Park,Playground - Public Access,Playground Location,Henderson-Massey,Henderson-Massey,300000.0,2,0.0,0.0,1,Very Low,True,False,False,False,False,0,No elevated flag
park-1414,20502-L100-230-EXW-001,PS_Playground,Lockington Green,Playground - Public Access,Playground Location,Henderson-Massey,Henderson-Massey,300000.0,2,0.0,0.0,1,Damage Unlikely,True,False,False,False,False,0,No elevated flag
park-1415,22516-L100-230-EXW-001,PS_Playground,Spargo Reserve,Playground - Public Access,Playground Location,Henderson-Massey,Henderson-Massey,300000.0,2,0.0,0.0,1,Very Low,True,False,False,False,False,0,No elevated flag
park-1418,20287-L100-230-EXW-001,PS_Playground (Whole)-,Kiwi Reserve,Playground - Public Access,Playground Location,Devonport-Takapuna,Devonport-Takapuna,300000.0,2,0.0,0.0,1,Very Low,True,False,False,False,False,0,No elevated flag
park-1419,10629-L100-230-EXW-001,PS_Playground - Senior,David Nathan Park,Playground - Public Access,Playground Location,Manurewa,Manurewa,300000.0,2,0.0,0.0,1,Very Low,True,False,False,False,False,0,No elevated flag
park-1422,22235-L100-230-EXW-001,PS_Playground (Whole)-,Fields Reserve,Playground - Public Access,Playground Location,Upper Harbour,Upper Harbour,300000.0,2,0.0,0.0,1,Very Low,True,False,False,False,False,0,No elevated flag
park-1423,10664-L100-230-EXW-001,PS_Playground,Ferndown Park (24R),Playground - Public Access,Playground Location,Otara-Papatoetoe,Otara-Papatoetoe,300000.0,2,0.0,0.0,1,Damage Unlikely,True,False,False,False,False,0,No elevated flag
park-1424,21817-L100-230-EXW-001,PS_Playground,Murillo Reserve,Playground - Public Access,Playground Location,Henderson-Massey,Henderson-Massey,300000.0,2,0.0,0.0,1,Damage Unlikely,True,False,False,False,False,0,No elevated flag
park-1425,22794-L100-230-EXW-001,PS_Playground,Kamaka Park,Playground - Public Access,Playground Location,Mangere-Otahuhu,Mangere-Otahuhu,300000.0,2,0.0,0.0,1,Very Low,True,False,False,False,False,0,No elevated flag
park-1426,11205-L100-230-EXW-001,PS_Playground (Whole)-,Riverhead War Memorial Park,Playground - Public Access,Playground Location,Rodney,Rodney,300000.0,2,0.0,0.0,1,Damage Unlikely,True,False,False,False,False,0,No elevated flag
park-1427,22705-L100-230-EXW-001,PS_Playground,Lappington Park,Playground - Public Access,Playground Location,Otara-Papatoetoe,Otara-Papatoetoe,300000.0,2,0.0,0.0,1,Damage Unlikely,True,False,False,False,False,0,No elevated flag
park-1428,20749-L100-230-EXW-001,PS_Playground (Whole)-,Jamie Hansen Park,Playground - Public Access,Playground Location,Hibiscus and Bays,Hibiscus and Bays,300000.0,2,0.0,0.0,1,Very Low,True,False,False,False,False,0,No elevated flag
park-1429,20006-L100-230-EXW-001,PS_Playground (Whole)-,Normanton Reserve,Playground - Public Access,Playground Location,Kaipatiki,Kaipatiki,300000.0,2,0.0,0.0,1,Very Low,True,False,False,False,False,0,No elevated flag
park-143,10431-B001-151,Toilet - W9 (Craigavon Park),Craigavon Park,Public Toilet,Building Level 3,Whau,Whau,450000.0,3,0.0,0.0,1,Very Low,True,False,False,False,False,0,No elevated flag
park-1430,21677-L100-230-EXW-001,PS_Playground,Taramea Reserve,Playground - Public Access,Playground Location,Whau,Whau,300000.0,2,0.0,0.0,1,Damage Unlikely,True,False,False,False,False,0,No elevated flag
park-1431,20815-L100-230-EXW-001,PS_Playground (Whole)-,Celeste Reserve,Playground - Public Access,Playground Location,Kaipatiki,Kaipatiki,300000.0,2,0.0,0.0,1,Very Low,True,False,False,False,False,0,No elevated flag
park-1432,22125-L100-230-EXW-001,PS_Playground (Whole)-,Cranston Street Reserve,Playground - Public Access,Playground Location,Hibiscus and Bays,Hibiscus and Bays,300000.0,2,0.0,0.0,1,Very Low,True,False,False,False,False,0,No elevated flag
park-1433,11469-L100-230-EXW-001,PS_Playground,Harold Moody Reserve Duck Park,Playground - Public Access,Playground Location,Waitakere Ranges,Waitakere Ranges,300000.0,2,0.0,0.0,1,Damage Unlikely,True,False,False,False,False,0,No elevated flag
park-1436,22103-L100-230-EXW-001,PS_Playground (Whole)-,Wharf Reserve - Albany,Playground - Public Access,Playground Location,Upper Harbour,Upper Harbour,300000.0,2,0.0,0.0,1,Damage Unlikely,True,False,False,False,False,0,No elevated flag
park-1437,10926-L100-230-EXW-001,PS_Playground (Whole)-,Shepherds Park,Playground - Public Access,Playground Location,Kaipatiki,Kaipatiki,300000.0,2,0.0,0.0,1,Very Low,True,False,False,False,False,0,No elevated flag
park-1439,22189-L100-230-EXW-001,PS_Playground (Whole)-,Sapphire Reserve,Playground - Public Access,Playground Location,Kaipatiki,Kaipatiki,300000.0,2,0.0,0.0,1,Very Low,True,False,False,False,False,0,No elevated flag
park-144,10443-B003-151,"Toilet - R2, Rakino Island",Rakino Island Community Hall & Toilets,Public Toilet,Building Level 3,Waiheke,Waiheke-Great Barrier,450000.0,3,0.0,0.0,1,Very Low,True,False,False,False,False,0,No elevated flag
park-1440,22577-L100-230-EXW-001,PS_Playground,Tamariki Reserve,Playground - Public Access,Playground Location,Waitakere Ranges,Waitakere Ranges,300000.0,2,0.0,0.0,1,Very Low,True,False,False,False,False,0,No elevated flag
park-1441,22098-L100-230-EXW-001,PS_Playground (Whole)-,Cairnbrae Reserve,Playground - Public Access,Playground Location,Hibiscus and Bays,Hibiscus and Bays,300000.0,2,0.0,0.0,1,Very Low,True,False,False,False,False,0,No elevated flag
park-1442,11066-L100-230-EXW-001,PS_Playground (Whole)-,Kennedy Park,Playground - Public Access,Playground Location,Devonport-Takapuna,Devonport-Takapuna,300000.0,2,0.0,0.0,1,Very Low,True,False,False,False,False,0,No elevated flag
park-1443,22668-L100-230-EXW-001,PS_Playground (Whole)-,Millwater Park Playground Reserve,Playground - Public Access,Playground Location,Hibiscus and Bays,Hibiscus and Bays,300000.0,2,0.0,0.0,1,Very Low,True,False,False,False,False,0,No elevated flag
park-1444,21979-L100-230-EXW-001,PS_Playground (Whole)-,Hendrika Court,Playground - Public Access,Playground Location,Upper Harbour,Upper Harbour,300000.0,2,0.0,0.0,1,Very Low,True,False,False,False,False,0,No elevated flag
park-1445,10269-L100-230-EXW-001,PS_Playground Rst80,Fergusson Domain,Playground - Public Access,Playground Location,Maungakiekie-Tamaki,Maungakiekie-Tamaki,300000.0,2,0.0,0.0,1,Very Low,True,False,False,False,False,0,No elevated flag
park-1446,10444-L100-230-EXW-002,PS_Playground Swing South of Park,Nicholson Park,Playground - Public Access,Playground Location,Albert-Eden,Albert-Eden,300000.0,2,0.0,0.0,1,Very Low,True,False,False,False,False,0,No elevated flag
park-1447,21348-L100-230-EXW-001,PS_Playground Rj522,Horsham Reserve,Playground - Public Access,Playground Location,Maungakiekie-Tamaki,Maungakiekie-Tamaki,300000.0,2,0.0,0.0,1,Very Low,True,False,False,False,False,0,No elevated flag
park-1448,21137-L100-230-EXW-001,PS_Playground Rj768,John Moore Reserve,Playground - Public Access,Playground Location,Puketapapa,Puketapapa,300000.0,2,0.0,0.0,1,Very Low,True,False,False,False,False,0,No elevated flag
park-1449,21379-L100-230-EXW-001,PS_Playground Ry362,Fairlands Reserve,Playground - Public Access,Playground Location,Albert-Eden,Albert-Eden,300000.0,2,0.0,0.0,1,Very Low,True,False,False,False,False,0,No elevated flag
park-145,10467-B001-151,Carpark Toilet Block-Oman,O Manawatere Regional Park,Public Toilet,Building Level 3,Franklin,Franklin,450000.0,3,0.0,0.0,1,Very Low,True,False,False,False,False,0,No elevated flag
park-1450,23103-L100-230-EXW-001,PS_Playground Rdf16,Fong Reserve,Playground - Public Access,Playground Location,Maungakiekie-Tamaki,Maungakiekie-Tamaki,300000.0,2,0.0,0.0,1,Very Low,True,False,False,False,False,0,No elevated flag
park-1451,10381-L100-230-EXW-001,PS_Playground Rqu12,Margaret Griffen Park,Playground - Public Access,Playground Location,Puketapapa,Puketapapa,300000.0,2,0.0,0.0,1,Damage Unlikely,True,False,False,False,False,0,No elevated flag
park-1452,10211-L100-230-EXW-001,PS_Playground Rj769,Lynfield Reserve,Playground - Public Access,Playground Location,Puketapapa,Puketapapa,300000.0,2,0.0,0.0,1,Very Low,True,False,False,False,False,0,No elevated flag
park-1454,21396-L100-230-EXW-001,PS_Playground Ry505,Vermont Reserve,Playground - Public Access,Playground Location,Waitemata,Waitemata,300000.0,2,0.0,0.0,1,Very Low,True,False,False,False,False,0,No elevated flag
park-1456,21177-L100-230-EXW-001,PS_Playground Rr034,Stranolar Reserve,Playground - Public Access,Playground Location,Puketapapa,Puketapapa,300000.0,2,0.0,0.0,1,Very Low,True,False,False,False,False,0,No elevated flag
park-1457,21077-L100-230-EXW-001,PS_Playground Rhn82,Harbutt Reserve,Playground - Public Access,Playground Location,Albert-Eden,Albert-Eden,300000.0,2,0.0,0.0,1,Very Low,True,False,False,False,False,0,No elevated flag
park-1458,10271-L100-230-EXW-001,PS_Playground - Venue for hire,Riverside Community Centre,Playground - Exclusive Access,Playground Location,Maungakiekie-Tamaki,Maungakiekie-Tamaki,300000.0,2,0.0,0.0,1,Very Low,True,False,False,False,False,0,No elevated flag
park-1459,20869-L100-230-EXW-001,PS_Playground Rfy13,Aitken Reserve,Playground - Public Access,Playground Location,Albert-Eden,Albert-Eden,300000.0,2,0.0,0.0,1,Very Low,True,False,False,False,False,0,No elevated flag
park-146,10467-B004-151,Campground Middle Toilet-Oman,O Manawatere Regional Park,Public Toilet,Building Level 3,Franklin,Franklin,450000.0,3,0.0,0.0,1,Very Low,True,False,False,False,False,0,No elevated flag
park-1461,10415-L100-230-EXW-001,PS_Playground Rq766,Melville Park,Playground - Public Access,Playground Location,Albert-Eden,Albert-Eden,300000.0,2,0.0,0.0,1,Very Low,True,False,False,False,False,0,No elevated flag
park-1462,21081-L100-230-EXW-001,PS_Playground Rr026,Quona Reserve,Playground - Public Access,Playground Location,Puketapapa,Puketapapa,300000.0,2,0.0,0.0,1,Very Low,True,False,False,False,False,0,No elevated flag
park-1464,23080-L100-230-EXW-001,PS_Playground Sad16,Celtic Crescent Reserve,Playground - Public Access,Playground Location,Orakei,Orakei,300000.0,2,0.0,0.0,1,Very Low,True,False,False,False,False,0,No elevated flag
park-1465,21806-L100-230-EXW-001,PS_Playground Sbv28,Wharua Reserve,Playground - Public Access,Playground Location,Orakei,Orakei,300000.0,2,0.0,0.0,1,Very Low,True,False,False,False,False,0,No elevated flag
park-1466,20877-L100-230-EXW-001,PS_Playground Ry776,Delphine Park,Playground - Public Access,Playground Location,Albert-Eden,Albert-Eden,300000.0,2,0.0,0.0,1,Very Low,True,False,False,False,False,0,No elevated flag
park-1467,21465-L100-230-EXW-001,PS_Playground,Thornton Reserve,Playground - Public Access,Playground Location,Papakura,Papakura,300000.0,2,0.0,0.0,1,Damage Unlikely,True,False,False,False,False,0,No elevated flag
park-1468,22286-L100-230-EXW-001,PS_Playground (Whole)-,Glen Bay Close Reserve,Playground - Public Access,Playground Location,Upper Harbour,Upper Harbour,300000.0,2,0.0,0.0,1,Very Low,True,False,False,False,False,0,No elevated flag
park-1469,22971-L100-230-EXW-001,PS_Playground,Milano Reserve,Playground - Public Access,Playground Location,Papakura,Papakura,300000.0,2,0.0,0.0,1,Damage Unlikely,True,False,False,False,False,0,No elevated flag
park-147,10468-B001-151,Hunua North Toilets,Hunua Ranges Regional Park,Public Toilet,Building Level 3,Franklin,Franklin,450000.0,3,0.0,0.0,1,Very Low,True,False,False,False,False,0,No elevated flag
park-1470,11169-L100-230-EXW-001,PS_Playground,Massey Park - Papakura,Playground - Public Access,Playground Location,Papakura,Papakura,300000.0,2,0.0,0.0,1,Damage Unlikely,True,False,False,False,False,0,No elevated flag
park-1472,22778-L100-230-EXW-001,PS_Playground,Longford Park Link Reserve,Playground - Public Access,Playground Location,Papakura,Papakura,300000.0,2,0.0,0.0,1,Damage Unlikely,True,False,False,False,False,0,No elevated flag
park-1473,11390-L100-230-EXW-001,PS_Playground (Whole)-,Hobsonville War Memorial,Playground - Public Access,Playground Location,Upper Harbour,Upper Harbour,300000.0,2,0.0,0.0,1,Damage Unlikely,True,False,False,False,False,0,No elevated flag
park-1474,10048-L100-230-EXW-001,PS_Playground Heron Park,Heron Park,Playground - Public Access,Playground Location,Albert-Eden,Albert-Eden,300000.0,2,0.0,0.0,1,Very Low,True,False,False,False,False,0,No elevated flag
park-1475,21416-L100-230-EXW-001,PS_Playground Rdw11,Premier Reserve,Playground - Public Access,Playground Location,Albert-Eden,Albert-Eden,300000.0,2,0.0,0.0,1,Very Low,True,False,False,False,False,0,No elevated flag
park-1476,10151-L100-230-EXW-001,PS_Playground Rdg27,Nixon Park,Playground - Public Access,Playground Location,Albert-Eden,Albert-Eden,300000.0,2,0.0,0.0,1,Very Low,True,False,False,False,False,0,No elevated flag
park-1478,21561-L100-230-EXW-001,PS_Playground Rr005,Ruka Reserve,Playground - Public Access,Playground Location,Orakei,Orakei,300000.0,2,0.0,0.0,1,Very Low,True,False,False,False,False,0,No elevated flag
park-1479,10444-L100-230-EXW-001,PS_Playground Sbc21,Nicholson Park,Playground - Public Access,Playground Location,Albert-Eden,Albert-Eden,300000.0,2,0.0,0.0,1,Very Low,True,False,False,False,False,0,No elevated flag
park-148,10467-B002-151,Campground Toilet Block-Oman,O Manawatere Regional Park,Public Toilet,Building Level 3,Franklin,Franklin,450000.0,3,0.0,0.0,1,Very Low,True,False,False,False,False,0,No elevated flag
park-1480,21803-L100-230-EXW-001,PS_Playground Rdh94,Wairua Reserve,Playground - Public Access,Playground Location,Orakei,Orakei,300000.0,2,0.0,0.0,1,Very Low,True,False,False,False,False,0,No elevated flag
park-1481,10591-L100-230-EXW-001,PS_Playground,Manukau Sports Bowl & Velodrome,Playground - Public Access,Playground Location,Otara-Papatoetoe,Otara-Papatoetoe,300000.0,2,0.0,0.0,1,Damage Unlikely,True,False,False,False,False,0,No elevated flag
park-1482,22977-L100-230-EXW-001,PS_Playground-John St,Samuel Miller Park (Nelson St Reserve),Playground - Public Access,Playground Location,Franklin,Franklin,300000.0,2,0.0,0.0,1,Very Low,True,False,False,False,False,0,No elevated flag
park-1483,20514-L100-230-EXW-001,PS_Playground,Clive Howe Rd Recreation Reserve,Playground - Public Access,Playground Location,Franklin,Franklin,300000.0,2,0.0,0.0,1,Very Low,True,False,False,False,False,0,No elevated flag
park-1484,22847-L100-230-EXW-002,PS_Playground-Cobham Cres,Otamariki Park,Playground - Public Access,Playground Location,Otara-Papatoetoe,Otara-Papatoetoe,300000.0,2,0.0,0.0,1,Damage Unlikely,True,False,False,False,False,0,No elevated flag
park-1485,10515-L151-230-EXW-001,PS_Playground,Waiuku Library,Playground - Public Access,Playground Location,Franklin,Franklin,300000.0,2,0.0,0.0,1,Damage Unlikely,True,False,False,False,False,0,No elevated flag
park-1486,21004-L100-230-EXW-001,PS_Playground Climber Modules,Sainsbury Reserve,Playground - Public Access,Playground Location,Albert-Eden,Albert-Eden,300000.0,2,0.0,0.0,1,Very Low,True,False,False,False,False,0,No elevated flag
park-1488,10309-L100-230-EXW-001,PS_Playground - Plunket,Otahuhu Plunket Rooms,Playground - Exclusive Access,Playground Location,Mangere-Otahuhu,Mangere-Otahuhu,300000.0,2,0.0,0.0,1,Very Low,True,False,False,False,False,0,No elevated flag
park-1489,22684-L100-230-EXW-001,PS_Playground,Prince Regent Drive,Playground - Public Access,Playground Location,Howick,Howick,300000.0,2,0.0,0.0,1,Very Low,True,False,False,False,False,0,No elevated flag
park-149,10467-B003-151,Campground Entrance Toilet-Oman,O Manawatere Regional Park,Public Toilet,Building Level 3,Franklin,Franklin,450000.0,3,0.0,0.0,1,Very Low,True,False,False,False,False,0,No elevated flag
park-1490,20395-L100-230-EXW-001,PS_Playground,Imrie Park,Playground - Public Access,Playground Location,Mangere-Otahuhu,Mangere-Otahuhu,300000.0,2,0.0,0.0,1,Damage Unlikely,True,False,False,False,False,0,No elevated flag
park-1491,10906-L100-230-EXW-001,PS_Playground,Whitford War Memorial Domain,Playground - Public Access,Playground Location,Franklin,Franklin,300000.0,2,0.0,0.0,1,Very Low,True,False,False,False,False,0,No elevated flag
park-1492,22194-L100-230-EXW-001,PS_Playground (Whole)-,Centorian Reserve,Playground - Public Access,Playground Location,Upper Harbour,Upper Harbour,300000.0,2,0.0,0.0,1,Very Low,True,False,False,False,False,0,No elevated flag
park-1493,22852-L100-230-EXW-001,PS_Playground-O'Connor Dr Side,O'Conner Drive Reserve,Playground - Public Access,Playground Location,Franklin,Franklin,300000.0,2,0.0,0.0,1,Very Low,True,False,False,False,False,0,No elevated flag
park-1497,24691-L100-230-EXW-001,PS_Playground,Timberlands/Harris Reserve,Playground - Public Access,Playground Location,Hibiscus and Bays,Hibiscus and Bays,300000.0,2,0.0,0.0,1,Very Low,True,False,False,False,False,0,No elevated flag
park-1498,22027-L100-230-EXW-001,PS_Playground,Inwards Reserve,Playground - Public Access,Playground Location,Kaipatiki,Kaipatiki,300000.0,2,0.0,0.0,1,Very Low,True,False,False,False,False,0,No elevated flag
park-1499,23004-L100-230-EXW-001,PS_Playground,Mission Heights Reserve,Playground - Public Access,Playground Location,Howick,Howick,300000.0,2,0.0,0.0,1,Very Low,True,False,False,False,False,0,No elevated flag
park-15,10011-B001-159,Akl Central Library - Archives,Auckland Central Library,Library,Building Level 3,Waitemata,Waitemata,15000000.0,5,0.0,0.0,1,Very Low,True,False,False,False,False,0,No elevated flag
park-150,10468-B010-151,Lower Mangatawhiri Campground Longdrop 1,Hunua Ranges Regional Park,Public Toilet,Building Level 3,Franklin,Franklin,450000.0,3,0.0,0.0,0,Not mapped,False,False,False,False,False,0,No elevated flag
park-1503,10361-L100-230-EXW-001,PS_Playground Rr008,Patteson Reserve,Playground - Public Access,Playground Location,Orakei,Orakei,300000.0,2,0.0,0.0,1,Very Low,True,False,False,False,False,0,No elevated flag
park-1504,10424-L100-230-EXW-001,PS_Playground Rj611,Madills Farm Recreation Reserve,Playground - Public Access,Playground Location,Orakei,Orakei,300000.0,2,0.0,0.0,1,Very Low,True,False,False,False,False,0,No elevated flag
park-1505,22998-L100-230-EXW-001,PS_Playground,Millen Avenue Reserve,Playground - Public Access,Playground Location,Howick,Howick,300000.0,2,0.0,0.0,1,Very Low,True,False,False,False,False,0,No elevated flag
park-1506,10241-L100-230-EXW-001,PS_Playground Rj459,Konini Reserve,Playground - Public Access,Playground Location,Maungakiekie-Tamaki,Maungakiekie-Tamaki,300000.0,2,0.0,0.0,1,Very Low,True,False,False,False,False,0,No elevated flag
park-1507,10286-L100-230-EXW-001,PS_Playground Ry424,Potters Park,Playground - Public Access,Playground Location,Albert-Eden,Albert-Eden,300000.0,2,0.0,0.0,1,Very Low,True,False,False,False,False,0,No elevated flag
park-1508,10356-L100-230-EXW-001,PS_Playground Rj801,Western Park - Freemans Bay,Playground - Public Access,Playground Location,Waitemata,Waitemata,300000.0,2,0.0,0.0,1,Very Low,True,False,False,False,False,0,No elevated flag
park-1509,10179-L100-230-EXW-001,PS_Playground,Maungawhau/Mount Eden,Playground - Public Access,Playground Location,Albert-Eden,Albert-Eden,300000.0,2,0.0,0.0,1,Very Low,True,False,False,False,False,0,No elevated flag
park-151,10468-B036-151,Secret Hut on MA baitline (Remote Site),Hunua Ranges Regional Park,Public Toilet,Building Level 3,Franklin,Franklin,450000.0,3,0.0,0.0,0,Not mapped,False,False,False,False,False,0,No elevated flag
park-1510,21429-L100-230-EXW-001,PS_Playground,Sutton Park,Playground - Public Access,Playground Location,Mangere-Otahuhu,Mangere-Otahuhu,300000.0,2,0.0,0.0,1,Damage Unlikely,True,False,False,False,False,0,No elevated flag
park-1511,21540-L100-230-EXW-001,PS_Playground-East Topland Dr,Topland Park,Playground - Public Access,Playground Location,Howick,Howick,300000.0,2,0.0,0.0,1,Damage Unlikely,True,False,False,False,False,0,No elevated flag
park-1512,21678-L100-230-EXW-001,PS_Playground,Purata Park,Playground - Public Access,Playground Location,Mangere-Otahuhu,Mangere-Otahuhu,300000.0,2,0.0,0.0,1,Very Low,True,False,False,False,False,0,No elevated flag
park-1513,10642-L100-230-EXW-001,PS_Playground,Waterlea Park,Playground - Public Access,Playground Location,Mangere-Otahuhu,Mangere-Otahuhu,300000.0,2,0.0,0.0,1,Very Low,True,False,False,False,False,0,No elevated flag
park-1514,22482-L100-230-EXW-002,PS_Playground-Hilling St,Crum Park,Playground - Public Access,Playground Location,Whau,Whau,300000.0,2,0.0,0.0,1,Very Low,True,False,False,False,False,0,No elevated flag
park-1515,22883-L100-230-EXW-001,PS_Playground,Premila Drive Reserve,Playground - Public Access,Playground Location,Franklin,Franklin,300000.0,2,0.0,0.0,1,Very Low,True,False,False,False,False,0,No elevated flag
park-1516,22639-L100-230-EXW-001,PS_Playground,Bridge Avenue Reserve,Playground - Public Access,Playground Location,Henderson-Massey,Henderson-Massey,300000.0,2,0.0,0.0,1,Very Low,True,False,False,False,False,0,No elevated flag
park-1517,22987-L100-230-EXW-001,PS_Playground,Norana Park,Playground - Public Access,Playground Location,Mangere-Otahuhu,Mangere-Otahuhu,300000.0,2,0.0,0.0,1,Damage Unlikely,True,False,False,False,False,0,No elevated flag
park-1518,20263-L100-230-EXW-001,PS_Playground-Centre of reserve,Parkhaven Reserve,Playground - Public Access,Playground Location,Papakura,Papakura,300000.0,2,0.0,0.0,1,Damage Unlikely,True,False,False,False,False,0,No elevated flag
park-1519,10167-L100-230-EXW-001,PS_Playground,Fairburn Reserve,Playground - Public Access,Playground Location,Mangere-Otahuhu,Mangere-Otahuhu,300000.0,2,0.0,0.0,1,Very Low,True,False,False,False,False,0,No elevated flag
park-152,10468-B035-151,Kokako Cafe pit toilet (Remote Site),Hunua Ranges Regional Park,Public Toilet,Building Level 3,Franklin,Franklin,450000.0,3,0.0,0.0,0,Not mapped,False,False,False,False,False,0,No elevated flag
park-1521,20706-L100-230-EXW-001,PS_Playground,Mcclintock Reserve,Playground - Public Access,Playground Location,Henderson-Massey,Henderson-Massey,300000.0,2,0.0,0.0,1,Very Low,True,False,False,False,False,0,No elevated flag
park-1522,11138-L100-230-EXW-001,PS_Playground (Whole)-,Kaipatiki Park,Playground - Public Access,Playground Location,Kaipatiki,Kaipatiki,300000.0,2,0.0,0.0,1,Very Low,True,False,False,False,False,0,No elevated flag
park-1523,22560-L100-230-EXW-001,PS_Playground,Semillon Reserve,Playground - Public Access,Playground Location,Henderson-Massey,Henderson-Massey,300000.0,2,0.0,0.0,1,Very Low,True,False,False,False,False,0,No elevated flag
park-1524,21976-L100-230-EXW-001,PS_Playground (Whole)-,Shelter Reserve,Playground - Public Access,Playground Location,Upper Harbour,Upper Harbour,300000.0,2,0.0,0.0,1,Very Low,True,False,False,False,False,0,No elevated flag
park-1525,21877-L100-230-EXW-001,PS_Playground,Onedin Green,Playground - Public Access,Playground Location,Waitakere Ranges,Waitakere Ranges,300000.0,2,0.0,0.0,1,Very Low,True,False,False,False,False,0,No elevated flag
park-1526,20716-L100-230-EXW-001,PS_Playground,Mckinley Park,Playground - Public Access,Playground Location,Henderson-Massey,Henderson-Massey,300000.0,2,0.0,0.0,1,Very Low,True,False,False,False,False,0,No elevated flag
park-1527,22788-L100-230-EXW-001,PS_Playground,Weymouth Park (Joshua Place Reserve),Playground - Public Access,Playground Location,Manurewa,Manurewa,300000.0,2,0.0,0.0,1,Damage Unlikely,True,False,False,False,False,0,No elevated flag
park-1528,20876-L100-230-EXW-001,PS_Playground,Manutewhau Walk and Reserve,Playground - Public Access,Playground Location,Henderson-Massey,Henderson-Massey,300000.0,2,0.0,0.0,1,Damage Unlikely,True,False,False,False,False,0,No elevated flag
park-1529,11438-L100-230-EXW-001,PS_Playground,Marinich Reserve,Playground - Public Access,Playground Location,Henderson-Massey,Henderson-Massey,300000.0,2,0.0,0.0,1,Damage Unlikely,True,False,False,False,False,0,No elevated flag
park-153,10469-B009-151,Kayak Camp Compost Toilet (Remote Accs),Duder Regional Park,Public Toilet,Building Level 3,Franklin,Franklin,450000.0,3,0.0,0.0,1,Very Low,True,False,False,False,False,0,No elevated flag
park-1530,20519-L100-230-EXW-001,PS_Playground,Highland Park,Playground - Public Access,Playground Location,Howick,Howick,300000.0,2,0.0,0.0,1,Very Low,True,False,False,False,False,0,No elevated flag
park-1531,22578-L100-230-EXW-001,PS_Playground,Tangiwai Reserve,Playground - Public Access,Playground Location,Waitakere Ranges,Waitakere Ranges,300000.0,2,0.0,0.0,1,Very Low,True,False,False,False,False,0,No elevated flag
park-1532,22637-L100-230-EXW-001,PS_Playground,Barrys Reserve,Playground - Public Access,Playground Location,Henderson-Massey,Henderson-Massey,300000.0,2,0.0,0.0,1,Damage Unlikely,True,False,False,False,False,0,No elevated flag
park-1533,22495-L100-230-EXW-001,PS_Playground,Don Buck Corner,Playground - Public Access,Playground Location,Henderson-Massey,Henderson-Massey,300000.0,2,0.0,0.0,1,Damage Unlikely,True,False,False,False,False,0,No elevated flag
park-1536,10892-L100-230-EXW-001,PS_Playground- Ellerslie Flower Show,Totara Park,Playground - Public Access,Playground Location,Manurewa,Manurewa,300000.0,2,0.0,0.0,1,Very Low,True,False,False,False,False,0,No elevated flag
park-1537,23220-L100-230-EXW-001,PS_Playground,Coombe Avenue Reserve,Playground - Public Access,Playground Location,Otara-Papatoetoe,Otara-Papatoetoe,300000.0,2,0.0,0.0,1,Damage Unlikely,True,False,False,False,False,0,No elevated flag
park-1538,22414-L100-230-EXW-001,PS_Playground (Whole)-,Kaipara Crescent Reserve,Playground - Public Access,Playground Location,Rodney,Rodney,300000.0,2,0.0,0.0,1,Damage Unlikely,True,False,False,False,False,0,No elevated flag
park-154,10470-B014-152,Changing area,Awhitu Regional Park,Changing Shed,Building Level 3,Franklin,Franklin,650000.0,2,0.0,0.0,1,Very Low,True,False,False,False,False,0,No elevated flag
park-1540,22181-L100-230-EXW-001,PS_Playground (Whole)-,Park Reserve,Playground - Public Access,Playground Location,Kaipatiki,Kaipatiki,300000.0,2,0.0,0.0,1,Very Low,True,False,False,False,False,0,No elevated flag
park-1541,22761-L100-230-EXW-001,PS_Playground,Leaver Park,Playground - Public Access,Playground Location,Manurewa,Manurewa,300000.0,2,0.0,0.0,1,Damage Unlikely,True,False,False,False,False,0,No elevated flag
park-1542,23311-L100-230-EXW-001,PS_Playground (Whole)-,Belmont Rose Gardens,Playground - Public Access,Playground Location,Devonport-Takapuna,Devonport-Takapuna,300000.0,2,0.0,0.0,1,Very Low,True,False,False,False,False,0,No elevated flag
park-1545,21498-L100-230-EXW-001,PS_Playground,Tington Park,Playground - Public Access,Playground Location,Manurewa,Manurewa,300000.0,2,0.0,0.0,1,Damage Unlikely,True,False,False,False,False,0,No elevated flag
park-1546,22302-L100-230-EXW-001,PS_Playground (Whole)-,Warkworth River Bank-Town W/Way,Playground - Public Access,Playground Location,Rodney,Rodney,300000.0,2,0.0,0.0,1,Very Low,True,False,False,False,False,0,No elevated flag
park-1547,21968-L100-230-EXW-001,PS_Playground (Whole)-,Sanders Reserve,Playground - Public Access,Playground Location,Upper Harbour,Upper Harbour,300000.0,2,0.0,0.0,1,Very Low,True,False,False,False,False,0,No elevated flag
park-1548,10935-L100-230-EXW-001,PS_Playground (Whole)-,Greenhithe War Memorial Park,Playground - Public Access,Playground Location,Upper Harbour,Upper Harbour,300000.0,2,0.0,0.0,1,Damage Unlikely,True,False,False,False,False,0,No elevated flag
park-1549,11095-L100-230-EXW-001,PS_Playground (Whole)-,Elliott Reserve,Playground - Public Access,Playground Location,Kaipatiki,Kaipatiki,300000.0,2,0.0,0.0,1,Very Low,True,False,False,False,False,0,No elevated flag
park-155,10470-B018-151,Peninsula Campground Toilet-Awhi,Awhitu Regional Park,Public Toilet,Building Level 3,Franklin,Franklin,450000.0,3,0.0,0.0,1,Very Low,True,False,False,False,False,0,No elevated flag
park-1551,10933-L100-230-EXW-001,PS_Playground (Whole)-,Kell Park,Playground - Public Access,Playground Location,Upper Harbour,Upper Harbour,300000.0,2,0.0,0.0,1,Damage Unlikely,True,False,False,False,False,0,No elevated flag
park-1552,22537-L100-230-EXW-001,PS_Playground,Tatyana Park,Playground - Public Access,Playground Location,Henderson-Massey,Henderson-Massey,300000.0,2,0.0,0.0,1,Very Low,True,False,False,False,False,0,No elevated flag
park-1554,10107-L100-230-EXW-001,PS_Playground,Eastdale Reserve,Playground - Public Access,Playground Location,Whau,Whau,300000.0,2,0.0,0.0,1,Damage Unlikely,True,False,False,False,False,0,No elevated flag
park-1556,21847-L100-230-EXW-001,PS_Playground (Whole)-,Wentworth Park,Playground - Public Access,Playground Location,Upper Harbour,Upper Harbour,300000.0,2,0.0,0.0,1,Damage Unlikely,True,False,False,False,False,0,No elevated flag
park-1557,10431-L100-230-EXW-001,PS_Playground,Craigavon Park,Playground - Public Access,Playground Location,Whau,Whau,300000.0,2,0.0,0.0,1,Very Low,True,False,False,False,False,0,No elevated flag
park-1559,23078-L100-230-EXW-001,PS_Playground Rvh06,Old Mill Reserve,Playground - Public Access,Playground Location,Waitemata,Waitemata,300000.0,2,0.0,0.0,1,Very Low,True,False,False,False,False,0,No elevated flag
park-156,10470-B023-151,Brook Campground Toilet-Awhi,Awhitu Regional Park,Public Toilet,Building Level 3,Franklin,Franklin,450000.0,3,0.0,0.0,1,Very Low,True,False,False,False,False,0,No elevated flag
park-1560,10022-L100-230-EXW-001,PS_Playground Rdg58,Leicester Hall,Playground - Exclusive Access,Playground Location,Orakei,Orakei,300000.0,2,0.0,0.0,1,Very Low,True,False,False,False,False,0,No elevated flag
park-1561,10116-L100-230-EXW-002,PS_Playground Rr271,Little Rangitoto Reserve,Playground - Public Access,Playground Location,Orakei,Orakei,300000.0,2,0.0,0.0,1,Very Low,True,False,False,False,False,0,No elevated flag
park-1562,21723-L100-230-EXW-001,PS_Playground,Carisbrook Reserve,Playground - Public Access,Playground Location,Papakura,Papakura,300000.0,2,0.0,0.0,1,Very Low,True,False,False,False,False,0,No elevated flag
park-1563,10418-L100-230-EXW-001,PS_Playground,Riversdale Reserve,Playground - Public Access,Playground Location,Whau,Whau,300000.0,2,0.0,0.0,1,Damage Unlikely,True,False,False,False,False,0,No elevated flag
park-1564,23100-L100-230-EXW-001,PS_Playground Rol56,Ascot Park,Playground - Public Access,Playground Location,Orakei,Orakei,300000.0,2,0.0,0.0,1,Very Low,True,False,False,False,False,0,No elevated flag
park-1565,20611-L100-230-EXW-001,PS_Playground Rq695,Oneroa Beach Reserve,Playground - Public Access,Playground Location,Waiheke,Waiheke-Great Barrier,300000.0,2,0.0,0.0,1,Very Low,True,False,False,False,False,0,No elevated flag
park-1566,20356-L100-230-EXW-001,PS_Playground,Huntington Park,Playground - Public Access,Playground Location,Howick,Howick,300000.0,2,0.0,0.0,1,Damage Unlikely,True,False,False,False,False,0,No elevated flag
park-1567,20874-L100-230-EXW-001,PS_Playground-Nikau St,Manuka Park,Playground - Public Access,Playground Location,Whau,Whau,300000.0,2,0.0,0.0,1,Damage Unlikely,True,False,False,False,False,0,No elevated flag
park-1568,10416-L100-230-EXW-001,PS_Playground Rqu10,Griffin Reserve,Playground - Public Access,Playground Location,Albert-Eden,Albert-Eden,300000.0,2,0.0,0.0,1,Very Low,True,False,False,False,False,0,No elevated flag
park-157,10471-B010-100,Ambury Park Toilets Farm Display Centre,Te Ara i Tautahi/Ambury Regional Park,Public Toilet,Building Level 3,Mangere-Otahuhu,Mangere-Otahuhu,450000.0,3,0.0,0.0,1,Very Low,True,False,False,False,False,0,No elevated flag
park-1570,22787-L100-230-EXW-001,PS_Playground-Close to John Walker Drive,John Walker Park,Playground - Public Access,Playground Location,Manurewa,Manurewa,300000.0,2,0.0,0.0,1,Damage Unlikely,True,False,False,False,False,0,No elevated flag
park-1571,22737-L100-230-EXW-001,PS_Playground,Luke Street Reserve,Playground - Public Access,Playground Location,Mangere-Otahuhu,Mangere-Otahuhu,300000.0,2,0.0,0.0,1,Very Low,True,False,False,False,False,0,No elevated flag
park-1572,23075-L100-230-EXW-001,PS_Playground,Charles Dickens Park,Playground - Public Access,Playground Location,Howick,Howick,300000.0,2,0.0,0.0,1,Very Low,True,False,False,False,False,0,No elevated flag
park-1574,22721-L100-230-EXW-001,PS_Playground,Kennelly Park,Playground - Public Access,Playground Location,Franklin,Franklin,300000.0,2,0.0,0.0,1,Very Low,True,False,False,False,False,0,No elevated flag
park-1575,22315-L100-230-EXW-001,PS_Playground,Morrin Cooper Park (Whitford Park),Playground - Public Access,Playground Location,Howick,Howick,300000.0,2,0.0,0.0,1,Very Low,True,False,False,False,False,0,No elevated flag
park-1576,22986-L100-230-EXW-001,PS_Playground,Orangewood Park (Northpark Ave,Playground - Public Access,Playground Location,Howick,Howick,300000.0,2,0.0,0.0,1,Damage Unlikely,True,False,False,False,False,0,No elevated flag
park-1577,10618-L100-230-EXW-001,PS_Playground,Gallaher Park,Playground - Public Access,Playground Location,Manurewa,Manurewa,300000.0,2,0.0,0.0,1,Damage Unlikely,True,False,False,False,False,0,No elevated flag
park-1578,24436-L100-230-EXW-001,PS_Playground,Te Kotuitanga Park,Playground - Public Access,Playground Location,Whau,Whau,300000.0,2,0.0,0.0,1,Very Low,True,False,False,False,False,0,No elevated flag
park-1579,10158-L100-230-EXW-001,PS_Playground,Seaside Park,Playground - Public Access,Playground Location,Mangere-Otahuhu,Mangere-Otahuhu,300000.0,2,0.0,0.0,1,Damage Unlikely,True,False,False,False,False,0,No elevated flag
park-1580,22904-L100-230-EXW-001,PS_Playground,Windrush Park (Pershore Reserve),Playground - Public Access,Playground Location,Mangere-Otahuhu,Mangere-Otahuhu,300000.0,2,0.0,0.0,1,Damage Unlikely,True,False,False,False,False,0,No elevated flag
park-1581,10278-L100-230-EXW-001,PS_Playground Ry506,West Reserve,Playground - Public Access,Playground Location,Puketapapa,Puketapapa,300000.0,2,0.0,0.0,1,Very Low,True,False,False,False,False,0,No elevated flag
park-1582,21658-L100-230-EXW-001,PS_Playground,Reelick Park,Playground - Public Access,Playground Location,Howick,Howick,300000.0,2,0.0,0.0,1,Damage Unlikely,True,False,False,False,False,0,No elevated flag
park-1583,22367-L100-230-EXW-001,PS_Playground (Whole)-,Te Hana Reserve,Playground - Public Access,Playground Location,Rodney,Rodney,300000.0,2,0.0,0.0,1,Very Low,True,False,False,False,False,0,No elevated flag
park-1584,22275-L100-230-EXW-001,PS_Playground (Whole)-,Fernwood Grove,Playground - Public Access,Playground Location,Kaipatiki,Kaipatiki,300000.0,2,0.0,0.0,1,Very Low,True,False,False,False,False,0,No elevated flag
park-1586,22936-L100-230-EXW-001,PS_Playground-Macadamia Close ent,Macadamia Park (Melia Grove Reserve),Playground - Public Access,Playground Location,Manurewa,Manurewa,300000.0,2,0.0,0.0,1,Very Low,True,False,False,False,False,0,No elevated flag
park-1587,11471-L100-230-EXW-001,PS_Playground,Ceramco Park,Playground - Public Access,Playground Location,Waitakere Ranges,Waitakere Ranges,300000.0,2,0.0,0.0,1,Damage Unlikely,True,False,False,False,False,0,No elevated flag
park-1588,10368-L100-230-EXW-003,PS_Playground-Rathlin St,Blockhouse Bay Recreation Res,Playground - Public Access,Playground Location,Whau,Whau,300000.0,2,0.0,0.0,1,Very Low,True,False,False,False,False,0,No elevated flag
park-1589,11201-L100-230-EXW-002,PS_Playground (Whole) - Junior,Huapai Recreation Reserve,Playground - Public Access,Playground Location,Rodney,Rodney,300000.0,2,0.0,0.0,1,Damage Unlikely,True,False,False,False,False,0,No elevated flag
park-1590,21006-L100-230-EXW-002,PS_Playground (Whole)-,Wanita Reserve,Playground - Public Access,Playground Location,Kaipatiki,Kaipatiki,300000.0,2,0.0,0.0,1,Very Low,True,False,False,False,False,0,No elevated flag
park-1591,22218-L100-230-EXW-001,PS_Playground (Whole)-,Windy Ridge Reserve,Playground - Public Access,Playground Location,Kaipatiki,Kaipatiki,300000.0,2,0.0,0.0,1,Very Low,True,False,False,False,False,0,No elevated flag
park-1592,22898-L100-230-EXW-001,PS_Playground,Possum Bourne Reserve,Playground - Public Access,Playground Location,Franklin,Franklin,300000.0,2,0.0,0.0,1,Very Low,True,False,False,False,False,0,No elevated flag
park-1593,22932-L100-230-EXW-002,PS_Playground,McShane Street Reserve,Playground - Public Access,Playground Location,Franklin,Franklin,300000.0,2,0.0,0.0,1,Very Low,True,False,False,False,False,0,No elevated flag
park-1594,10708-L100-230-EXW-001,PS_Playground,Mervan Street Reserve,Playground - Public Access,Playground Location,Mangere-Otahuhu,Mangere-Otahuhu,300000.0,2,0.0,0.0,1,Damage Unlikely,True,False,False,False,False,0,No elevated flag
park-1598,23754-L100-230-EXW-001,PS_Playground-West of carpark,Hunua village green,Playground - Public Access,Playground Location,Franklin,Franklin,300000.0,2,0.0,0.0,1,Damage Unlikely,True,False,False,False,False,0,No elevated flag
park-1599,10656-L100-230-EXW-001,PS_Playground,Sunkist Bay Reserve,Playground - Public Access,Playground Location,Franklin,Franklin,300000.0,2,0.0,0.0,1,Damage Unlikely,True,False,False,False,False,0,No elevated flag
park-1600,21826-L100-230-EXW-001,PS_Playground,Nicolas Reserve,Playground - Public Access,Playground Location,Waitakere Ranges,Waitakere Ranges,300000.0,2,0.0,0.0,1,Damage Unlikely,True,False,False,False,False,0,No elevated flag
park-1601,21764-L100-230-EXW-001,PS_Playground,Boundary Road Reserve - Papakura,Playground - Public Access,Playground Location,Papakura,Papakura,300000.0,2,0.0,0.0,1,Damage Unlikely,True,False,False,False,False,0,No elevated flag
park-1602,11201-L100-230-EXW-001,PS_Playground (Whole) - Senior,Huapai Recreation Reserve,Playground - Public Access,Playground Location,Rodney,Rodney,300000.0,2,0.0,0.0,1,Damage Unlikely,True,False,False,False,False,0,No elevated flag
park-1604,20850-L100-230-EXW-001,PS_Playground,Chichester Reserve,Playground - Public Access,Playground Location,Papakura,Papakura,300000.0,2,0.0,0.0,1,Damage Unlikely,True,False,False,False,False,0,No elevated flag
park-1605,10507-L100-230-EXW-001,PS_Playground,Rata Street Reserve,Playground - Public Access,Playground Location,Franklin,Franklin,300000.0,2,0.0,0.0,1,Very Low,True,False,False,False,False,0,No elevated flag
park-1606,22686-L100-230-EXW-001,PS_Playground,Kilimanjaro Park,Playground - Public Access,Playground Location,Howick,Howick,300000.0,2,0.0,0.0,1,Damage Unlikely,True,False,False,False,False,0,No elevated flag
park-1607,11141-L100-230-EXW-001,PS_Playground (Whole)-,Bayswater Park,Playground - Public Access,Playground Location,Devonport-Takapuna,Devonport-Takapuna,300000.0,2,0.0,0.0,1,Very Low,True,False,False,False,False,0,No elevated flag
park-1608,11383-L100-230-EXW-002,PS_Playground,Kingdale Reserve,Playground - Public Access,Playground Location,Henderson-Massey,Henderson-Massey,300000.0,2,0.0,0.0,1,Damage Unlikely,True,False,False,False,False,0,No elevated flag
park-1610,20996-L100-230-EXW-001,PS_Playground (Whole)-,Malcolm Hahn Memorial Reserve,Playground - Public Access,Playground Location,Upper Harbour,Upper Harbour,300000.0,2,0.0,0.0,1,Very Low,True,False,False,False,False,0,No elevated flag
park-1611,10619-L100-230-EXW-002,PS_Playground-Hain Ave,Walter Massey Park,Playground - Public Access,Playground Location,Mangere-Otahuhu,Mangere-Otahuhu,300000.0,2,0.0,0.0,1,Damage Unlikely,True,False,False,False,False,0,No elevated flag
park-1612,20024-L100-230-EXW-001,PS_Playground (Whole)-,Silverdale War Memorial Park,Playground - Public Access,Playground Location,Hibiscus and Bays,Hibiscus and Bays,300000.0,2,0.0,0.0,1,Damage Unlikely,True,False,False,False,False,0,No elevated flag
park-1613,20327-L152-230-EXW-001,PS_Playground (Whole)-,Lady Phoenix Reserve,Playground - Public Access,Playground Location,Upper Harbour,Upper Harbour,300000.0,2,0.0,0.0,1,Very Low,True,False,False,False,False,0,No elevated flag
park-1614,10737-L100-230-EXW-001,PS_Playground,Kirton Crescent Reserve,Playground - Public Access,Playground Location,Manurewa,Manurewa,300000.0,2,0.0,0.0,1,Damage Unlikely,True,False,False,False,False,0,No elevated flag
park-1615,21598-L100-230-EXW-001,PS_Playground,Temuka Gardens,Playground - Public Access,Playground Location,Whau,Whau,300000.0,2,0.0,0.0,1,Damage Unlikely,True,False,False,False,False,0,No elevated flag
park-1616,10588-L100-230-EXW-002,PS_Playground-Jnr & Sen by Historic Vill,Lloyd Elsmore Park,Playground - Public Access,Playground Location,Howick,Howick,300000.0,2,0.0,0.0,1,Damage Unlikely,True,False,False,False,False,0,No elevated flag
park-1617,11488-L100-230-EXW-001,PS_Playground,McLeod Park,Playground - Public Access,Playground Location,Henderson-Massey,Henderson-Massey,300000.0,2,0.0,0.0,1,Damage Unlikely,True,False,False,False,False,0,No elevated flag
park-1618,20411-L100-230-EXW-001,PS_Playground,Honey Park,Playground - Public Access,Playground Location,Manurewa,Manurewa,300000.0,2,0.0,0.0,1,Damage Unlikely,True,False,False,False,False,0,No elevated flag
park-1619,11199-L100-230-EXW-001,PS_Playground,Pahurehure Esplanade Reserve,Playground - Public Access,Playground Location,Papakura,Papakura,300000.0,2,0.0,0.0,1,Damage Unlikely,True,False,False,False,False,0,No elevated flag
park-1620,11339-L100-230-EXW-001,PS_Playground,Prospect Park,Playground - Public Access,Playground Location,Waitakere Ranges,Waitakere Ranges,300000.0,2,0.0,0.0,1,Damage Unlikely,True,False,False,False,False,0,No elevated flag
park-1621,22221-L100-230-EXW-001,PS_Playground (Whole)-,Linley Reserve,Playground - Public Access,Playground Location,Kaipatiki,Kaipatiki,300000.0,2,0.0,0.0,1,Very Low,True,False,False,False,False,0,No elevated flag
park-1622,22954-L100-230-EXW-001,PS_Playground,Marendellas Park,Playground - Public Access,Playground Location,Howick,Howick,300000.0,2,0.0,0.0,1,Very Low,True,False,False,False,False,0,No elevated flag
park-1624,21852-L100-230-EXW-001,PS_Playground,Northall Park,Playground - Public Access,Playground Location,Whau,Whau,300000.0,2,0.0,0.0,1,Very Low,True,False,False,False,False,0,No elevated flag
park-1625,22568-L100-230-EXW-001,PS_Playground,Sunvue Park,Playground - Public Access,Playground Location,Waitakere Ranges,Waitakere Ranges,300000.0,2,0.0,0.0,1,Damage Unlikely,True,False,False,False,False,0,No elevated flag
park-1626,20434-L100-230-EXW-001,PS_Playground,Yates Park,Playground - Public Access,Playground Location,Mangere-Otahuhu,Mangere-Otahuhu,300000.0,2,0.0,0.0,1,Damage Unlikely,True,False,False,False,False,0,No elevated flag
park-1627,11376-L100-230-EXW-001,PS_Playground,Te Pai Park,Playground - Public Access,Playground Location,Henderson-Massey,Henderson-Massey,300000.0,2,0.0,0.0,1,Damage Unlikely,True,False,False,False,False,0,No elevated flag
park-1628,20857-L100-230-EXW-001,PS_Playground,Lydford Green,Playground - Public Access,Playground Location,Henderson-Massey,Henderson-Massey,300000.0,2,0.0,0.0,1,Very Low,True,False,False,False,False,0,No elevated flag
park-1629,20923-L100-230-EXW-001,PS_Playground,Withers Reserve,Playground - Public Access,Playground Location,Waitakere Ranges,Waitakere Ranges,300000.0,2,0.0,0.0,1,Very Low,True,False,False,False,False,0,No elevated flag
park-1630,21945-L100-230-EXW-001,PS_Playground,Santa Cruz Park (cnr Santa Ana),Playground - Public Access,Playground Location,Howick,Howick,300000.0,2,0.0,0.0,1,Very Low,True,False,False,False,False,0,No elevated flag
park-1631,22525-L100-230-EXW-001,PS_Playground,Copley Reserve,Playground - Public Access,Playground Location,Whau,Whau,300000.0,2,0.0,0.0,1,Damage Unlikely,True,False,False,False,False,0,No elevated flag
park-1632,11361-L100-230-EXW-001,PS_Playground,Woodlands Park,Playground - Public Access,Playground Location,Waitakere Ranges,Waitakere Ranges,300000.0,2,0.0,0.0,1,Very Low,True,False,False,False,False,0,No elevated flag
park-1633,10925-L100-230-EXW-001,PS_Playground (Whole)-,Stafford Park,Playground - Public Access,Playground Location,Kaipatiki,Kaipatiki,300000.0,2,0.0,0.0,1,Very Low,True,False,False,False,False,0,No elevated flag
park-1634,10960-L100-230-EXW-001,PS_Playground (Whole)-,Achilles Crescent Reserve,Playground - Public Access,Playground Location,Devonport-Takapuna,Devonport-Takapuna,300000.0,2,0.0,0.0,1,Very Low,True,False,False,False,False,0,No elevated flag
park-1635,23622-L100-230-EXW-001,PS_Playground,Westharbour Reserve,Playground - Public Access,Playground Location,Henderson-Massey,Henderson-Massey,300000.0,2,0.0,0.0,1,Very Low,True,False,False,False,False,0,No elevated flag
park-1636,20496-L100-230-EXW-001,PS_Playground (Whole)-,Brandon Reserve - Manly,Playground - Public Access,Playground Location,Hibiscus and Bays,Hibiscus and Bays,300000.0,2,0.0,0.0,1,Very Low,True,False,False,False,False,0,No elevated flag
park-1637,11246-L100-230-EXW-002,PS_Playground (Whole) - Top Reserve,Shelly Beach Reserve,Playground - Public Access,Playground Location,Rodney,Rodney,300000.0,2,0.0,0.0,1,Very Low,True,False,False,False,False,0,No elevated flag
park-1638,20876-L151-230-EXW-001,PS_Playground,Manutewhau Walk and Reserve,Playground - Public Access,Playground Location,Henderson-Massey,Henderson-Massey,300000.0,2,0.0,0.0,1,Damage Unlikely,True,False,False,False,False,0,No elevated flag
park-1639,21152-L100-230-EXW-001,PS_Playground (Whole)-,Target Reserve,Playground - Public Access,Playground Location,Kaipatiki,Kaipatiki,300000.0,2,0.0,0.0,1,Very Low,True,False,False,False,False,0,No elevated flag
park-164,10479-B004-151,Toilet Block Army Bay - Shak,Te Haruhi/Shakespear Regional Park,Public Toilet,Building Level 3,Hibiscus and Bays,Hibiscus and Bays,450000.0,3,0.0,0.0,0,Not mapped,False,False,False,False,False,0,No elevated flag
park-1640,22351-L100-230-EXW-001,PS_Playground (Whole)-,Amanda Reserve,Playground - Public Access,Playground Location,Rodney,Rodney,300000.0,2,0.0,0.0,1,Very Low,True,False,False,False,False,0,No elevated flag
park-1641,21636-L100-230-EXW-001,PS_Playground,Bellgrove Reserve East,Playground - Public Access,Playground Location,Whau,Whau,300000.0,2,0.0,0.0,1,Damage Unlikely,True,False,False,False,False,0,No elevated flag
park-1642,22502-L100-230-EXW-001,PS_Playground,Cron Reserve,Playground - Public Access,Playground Location,Henderson-Massey,Henderson-Massey,300000.0,2,0.0,0.0,1,Very Low,True,False,False,False,False,0,No elevated flag
park-1643,20653-L100-230-EXW-001,PS_Playground (Whole)-,Totara Views Reserve,Playground - Public Access,Playground Location,Hibiscus and Bays,Hibiscus and Bays,300000.0,2,0.0,0.0,1,Very Low,True,False,False,False,False,0,No elevated flag
park-1644,11482-L100-230-EXW-002,PS_Playground-Wolverton St,Olympic Park,Playground - Public Access,Playground Location,Whau,Whau,300000.0,2,0.0,0.0,1,Damage Unlikely,True,False,False,False,False,0,No elevated flag
park-1645,20856-L100-230-EXW-001,PS_Playground (Whole)-,Taurus Crescent Reserve,Playground - Public Access,Playground Location,Kaipatiki,Kaipatiki,300000.0,2,0.0,0.0,1,Very Low,True,False,False,False,False,0,No elevated flag
park-1646,11099-L100-230-EXW-002,PS_Playground (Whole)-,Tamahere Reserve,Playground - Public Access,Playground Location,Kaipatiki,Kaipatiki,300000.0,2,0.0,0.0,1,Very Low,True,False,False,False,False,0,No elevated flag
park-1647,22807-L100-230-EXW-001,PS_Playground,John Gill Park,Playground - Public Access,Playground Location,Howick,Howick,300000.0,2,0.0,0.0,1,Very Low,True,False,False,False,False,0,No elevated flag
park-1649,10750-L100-230-EXW-001,PS_Playground - Kauri Kids,Otara Recreation Centre Grounds,Playground - Exclusive Access,Playground Location,Otara-Papatoetoe,Otara-Papatoetoe,300000.0,2,0.0,0.0,1,Damage Unlikely,True,False,False,False,False,0,No elevated flag
park-165,10479-B006-151,Toilet Block By OfficeTeHaruhi BayShak,Te Haruhi/Shakespear Regional Park,Public Toilet,Building Level 3,Hibiscus and Bays,Hibiscus and Bays,450000.0,3,0.0,0.0,1,Very Low,True,False,False,False,False,0,No elevated flag
park-1650,10720-L100-230-EXW-001,PS_Playground - Howick Kids Ltd,Howick Leisure Centre,Playground - Exclusive Access,Playground Location,Howick,Howick,300000.0,2,0.0,0.0,1,Very Low,True,False,False,False,False,0,No elevated flag
park-1651,21229-L100-230-EXW-001,PS_Playground,Volta Park (Templeton Place Reserve),Playground - Public Access,Playground Location,Manurewa,Manurewa,300000.0,2,0.0,0.0,1,Damage Unlikely,True,False,False,False,False,0,No elevated flag
park-1652,10738-L100-230-EXW-001,PS_Playground,House Park,Playground - Public Access,Playground Location,Mangere-Otahuhu,Mangere-Otahuhu,300000.0,2,0.0,0.0,1,Damage Unlikely,True,False,False,False,False,0,No elevated flag
park-1653,22115-L100-230-EXW-001,PS_Playground,Farley And Latimer Reserve,Playground - Public Access,Playground Location,Otara-Papatoetoe,Otara-Papatoetoe,300000.0,2,0.0,0.0,1,Damage Unlikely,True,False,False,False,False,0,No elevated flag
park-1654,10615-L100-230-EXW-001,PS_Playground,Allenby Park - Manukau,Playground - Public Access,Playground Location,Otara-Papatoetoe,Otara-Papatoetoe,300000.0,2,0.0,0.0,1,Damage Unlikely,True,False,False,False,False,0,No elevated flag
park-1655,21593-L100-230-EXW-001,PS_Playground,Ballater Park,Playground - Public Access,Playground Location,Howick,Howick,300000.0,2,0.0,0.0,1,Very Low,True,False,False,False,False,0,No elevated flag
park-1656,11156-L100-230-EXW-001,PS_Playground,Drury Domain,Playground - Public Access,Playground Location,Papakura,Papakura,300000.0,2,0.0,0.0,1,Damage Unlikely,True,False,False,False,False,0,No elevated flag
park-1658,21398-L100-230-EXW-001,PS_Playground Twomey Dr Res,Twomey Drive Reserve,Playground - Public Access,Playground Location,Franklin,Franklin,300000.0,2,0.0,0.0,1,Very Low,True,False,False,False,False,0,No elevated flag
park-1659,11375-L100-230-EXW-001,PS_Playground,Te Rangi Hiroa/Birdwood Winery,Playground - Public Access,Playground Location,Henderson-Massey,Henderson-Massey,300000.0,2,0.0,0.0,1,Very Low,True,False,False,False,False,0,No elevated flag
park-1660,21766-L100-230-EXW-001,PS_Playground,Pooks Reserve,Playground - Public Access,Playground Location,Henderson-Massey,Henderson-Massey,300000.0,2,0.0,0.0,1,Damage Unlikely,True,False,False,False,False,0,No elevated flag
park-1661,22726-L100-230-EXW-001,PS_Playground,Keri Anne Park,Playground - Public Access,Playground Location,Manurewa,Manurewa,300000.0,2,0.0,0.0,1,Very Low,True,False,False,False,False,0,No elevated flag
park-1663,20669-L100-230-EXW-001,PS_Playground,Glennandrew Park,Playground - Public Access,Playground Location,Howick,Howick,300000.0,2,0.0,0.0,1,Very Low,True,False,False,False,False,0,No elevated flag
park-1664,22956-L100-230-EXW-001,PS_Playground-Tatariki St to Marybeth Pl,Marybeth Reserve,Playground - Public Access,Playground Location,Papakura,Papakura,300000.0,2,0.0,0.0,1,Damage Unlikely,True,False,False,False,False,0,No elevated flag
park-1665,21343-L100-230-EXW-001,PS_Playground Ryf40,Talbot Reserve,Playground - Public Access,Playground Location,Maungakiekie-Tamaki,Maungakiekie-Tamaki,300000.0,2,0.0,0.0,1,Very Low,True,False,False,False,False,0,No elevated flag
park-1666,10004-L100-230-EXW-001,PS_Playground Rvl94,Walker Park,Playground - Public Access,Playground Location,Albert-Eden,Albert-Eden,300000.0,2,0.0,0.0,1,Very Low,True,False,False,False,False,0,No elevated flag
park-1667,10710-L100-230-EXW-001,PS_Playground,Meadowland Park,Playground - Public Access,Playground Location,Howick,Howick,300000.0,2,0.0,0.0,1,Damage Unlikely,True,False,False,False,False,0,No elevated flag
park-1668,22240-L100-230-EXW-001,PS_Playground-south slope from wharf rd,Matakana Wharf Reserve,Playground - Public Access,Playground Location,Rodney,Rodney,300000.0,2,0.0,0.0,0,Not mapped,False,False,False,False,False,0,No elevated flag
park-167,10480-B003-151,Vault Toilet Camp Bay 4 - Tawh,Tawharanui Regional Park,Public Toilet,Building Level 3,Rodney,Rodney,450000.0,3,0.0,0.0,1,Very Low,True,False,False,False,False,0,No elevated flag
park-1670,10568-L100-230-EXW-001,PS_Playground-Behind community hall,Awhitu Hall,Playground - Public Access,Playground Location,Franklin,Franklin,300000.0,2,0.0,0.0,1,Damage Unlikely,True,False,False,False,False,0,No elevated flag
park-1672,21226-L100-230-EXW-002,PS_Playground,Epping Esplanade,Playground - Public Access,Playground Location,Henderson-Massey,Henderson-Massey,300000.0,2,0.0,0.0,1,Damage Unlikely,True,False,False,False,False,0,No elevated flag
park-1673,21845-L100-230-EXW-001,PS_Playground,Melia Reserve,Playground - Public Access,Playground Location,Henderson-Massey,Henderson-Massey,300000.0,2,0.0,0.0,1,Very Low,True,False,False,False,False,0,No elevated flag
park-1674,11479-L100-230-EXW-001,PS_Playground,Neville Power Memorial Park,Playground - Public Access,Playground Location,Henderson-Massey,Henderson-Massey,300000.0,2,0.0,0.0,1,Damage Unlikely,True,False,False,False,False,0,No elevated flag
park-1675,21632-L100-230-EXW-001,PS_Playground,Beaumonts Park,Playground - Public Access,Playground Location,Manurewa,Manurewa,300000.0,2,0.0,0.0,1,Damage Unlikely,True,False,False,False,False,0,No elevated flag
park-1676,23021-L100-230-EXW-001,PS_Playground-SW Pukekohe TownCntr grn,Pukekohe Town Centre Grnds,Playground - Public Access,Playground Location,Franklin,Franklin,300000.0,2,0.0,0.0,1,Very Low,True,False,False,False,False,0,No elevated flag
park-1677,20697-L100-230-EXW-001,PS_Playground (Whole)-,Waldorf Reserve,Playground - Public Access,Playground Location,Hibiscus and Bays,Hibiscus and Bays,300000.0,2,0.0,0.0,1,Very Low,True,False,False,False,False,0,No elevated flag
park-1678,22836-L100-230-EXW-001,PS_Playground,Pallant Park,Playground - Public Access,Playground Location,Manurewa,Manurewa,300000.0,2,0.0,0.0,1,Damage Unlikely,True,False,False,False,False,0,No elevated flag
park-1679,22683-L100-230-EXW-001,PS_Playground,Sikkim Park (Pulman Place Reserve),Playground - Public Access,Playground Location,Otara-Papatoetoe,Otara-Papatoetoe,300000.0,2,0.0,0.0,1,Damage Unlikely,True,False,False,False,False,0,No elevated flag
park-1680,20569-L100-230-EXW-001,PS_Playground (Whole)-,Gilshennan Reserve,Playground - Public Access,Playground Location,Hibiscus and Bays,Hibiscus and Bays,300000.0,2,0.0,0.0,1,Very Low,True,False,False,False,False,0,No elevated flag
park-1681,22158-L100-230-EXW-002,PS_Playground (Whole)-,Locket Reserve,Playground - Public Access,Playground Location,Kaipatiki,Kaipatiki,300000.0,2,0.0,0.0,1,Very Low,True,False,False,False,False,0,No elevated flag
park-1686,RFA Zoo,,,Playground - Exclusive Access,Playground Location,Unknown,Unmapped / not supplied,300000.0,2,0.0,0.0,1,Very Low,True,False,False,False,False,0,No elevated flag
park-1687,10953-L100-230-EXW-002,PS_Playground-Preschool,Birkdale Community House and Kauri Kids,Playground - Public Access,Playground Location,Kaipatiki,Kaipatiki,300000.0,2,0.0,0.0,1,Very Low,True,False,False,False,False,0,No elevated flag
park-1688,24377-L100-230-EXW-001,PS_Playground Becker Dr,Becker Drive Reserve,Playground - Public Access,Playground Location,Manurewa,Manurewa,300000.0,2,0.0,0.0,1,Damage Unlikely,True,False,False,False,False,0,No elevated flag
park-1689,10687-L100-230-EXW-002,PS_Playground-Weymouth Rd,Mountfort Park,Playground - Public Access,Playground Location,Manurewa,Manurewa,300000.0,2,0.0,0.0,1,Damage Unlikely,True,False,False,False,False,0,No elevated flag
park-169,10482-B012-151,Carpark Toilet-Tapa,Tapapakanga Regional Park,Public Toilet,Building Level 3,Franklin,Franklin,450000.0,3,0.0,0.0,1,Damage Unlikely,True,False,False,False,False,0,No elevated flag
park-1690,10298-L100-230-EXW-001,PS_Playground,Alan Wood Reserve,Playground - Public Access,Playground Location,Albert-Eden,Albert-Eden,300000.0,2,0.0,0.0,1,Very Low,True,False,False,False,False,0,No elevated flag
park-1691,10699-L100-230-EXW-L01,PS_Playground,Mangere Mountain Education Centre,Playground - Public Access,Playground Location,Mangere-Otahuhu,Mangere-Otahuhu,300000.0,2,0.0,0.0,1,Very Low,True,False,False,False,False,0,No elevated flag
park-1692,32923-L100-230-EXW-001,PS_Playground,Gills Road - TEMP,Playground - Public Access,Playground Location,Upper Harbour,Upper Harbour,300000.0,2,0.0,0.0,1,Very Low,True,False,False,False,False,0,No elevated flag
park-1693,30921-L100-230-EXW-001,PS_Playground Taiaapure St,Taiaapure Street Reserve,Playground - Public Access,Playground Location,Manurewa,Manurewa,300000.0,2,0.0,0.0,1,Damage Unlikely,True,False,False,False,False,0,No elevated flag
park-1694,30520-L100-230-EXW-001,PS_Playground Kaimona St,"Kaimoana Street, 91",Playground - Public Access,Playground Location,Manurewa,Manurewa,300000.0,2,0.0,0.0,1,Damage Unlikely,True,False,False,False,False,0,No elevated flag
park-1695,22007-L100-230-EXW-001,PS_Playground,Wharepapa Reserve,Playground - Public Access,Playground Location,Upper Harbour,Upper Harbour,300000.0,2,0.0,0.0,1,Damage Unlikely,True,False,False,False,False,0,No elevated flag
park-1696,11344-L100-230-EXW-001,PS_Playground,Royal Reserve,Playground - Public Access,Playground Location,Henderson-Massey,Henderson-Massey,300000.0,2,0.0,0.0,1,Very Low,True,False,False,False,False,0,No elevated flag
park-1699,10468-B018-151,Hunua Falls Toilets-Hunua,Hunua Ranges Regional Park,Public Toilet,Building Level 3,Franklin,Franklin,450000.0,3,0.0,0.0,1,Damage Unlikely,True,False,False,False,False,0,No elevated flag
park-17,10055-B001-151,Toilet - E23 (Three Kings Reserve),"Three Kings Resv, incl Fickling,Metrowat",Public Toilet,Building Level 3,Puketapapa,Puketapapa,450000.0,3,0.0,0.0,1,Very Low,True,False,False,False,False,0,No elevated flag
park-170,10482-B013-151,Foreshore Toilet-Tapa,Tapapakanga Regional Park,Public Toilet,Building Level 3,Franklin,Franklin,450000.0,3,0.0,0.0,1,Damage Unlikely,True,False,False,False,False,0,No elevated flag
park-1700,10330-B001-151,Toilet - T38 (Sturges Park),Sturges Park,Public Toilet,Building Level 3,Mangere-Otahuhu,Mangere-Otahuhu,450000.0,3,0.0,0.0,1,Very Low,True,False,False,False,False,0,No elevated flag
park-1701,10715-B153-151,Clevedon Town Centre Toilet Block,Clevedon Community Centre Grounds,Public Toilet,Building Level 3,Franklin,Franklin,450000.0,3,0.0,0.0,1,Damage Unlikely,True,False,False,False,False,0,No elevated flag
park-1702,20999-B001-151,Toilet - W37 (Herne Bay Beach),Herne Bay Beach,Public Toilet,Building Level 3,Waitemata,Waitemata,450000.0,3,0.0,0.0,1,Very Low,True,False,False,False,False,0,No elevated flag
park-1705,11304-B001-101,South Head Hall Toilets,South Head Hall Grounds,Public Toilet,Building Level 3,Rodney,Rodney,450000.0,3,0.0,0.0,1,Very Low,True,False,False,False,False,0,No elevated flag
park-1706,11391-B001-151,Toilet-(Henderson Valley Park),Henderson Valley Park,Public Toilet,Building Level 3,Henderson-Massey,Henderson-Massey,450000.0,3,0.0,0.0,1,Damage Unlikely,True,False,False,False,False,0,No elevated flag
park-1707,23044-B001-151,Mahurangi West Hall Public Toilet,Mahurangi West Hall,Public Toilet,Building Level 3,Rodney,Rodney,450000.0,3,0.0,0.0,1,Very Low,True,False,False,False,False,0,No elevated flag
park-1709,22293-L100-230-EXW-002,PS_Playground_Flying Fox,Lucy Moore Memorial Park,Playground - Public Access,Playground Location,Rodney,Rodney,300000.0,2,0.0,0.0,1,Very Low,True,False,False,False,False,0,No elevated flag
park-171,10484-B008-151,Maukatia/Maori Bay Mens,Muriwai Regional Park,Public Toilet,Building Level 3,Rodney,Rodney,450000.0,3,0.0,0.0,1,Very Low,True,False,False,False,False,0,No elevated flag
park-1710,22293-L100-230-EXW-001,PS_Playground_Baxter St,Lucy Moore Memorial Park,Playground - Public Access,Playground Location,Rodney,Rodney,300000.0,2,0.0,0.0,1,Very Low,True,False,False,False,False,0,No elevated flag
park-1711,10330-B001-152,Sturges Park - Changing room,Sturges Park,Changing Shed,Building Level 3,Mangere-Otahuhu,Mangere-Otahuhu,650000.0,2,0.0,0.0,1,Very Low,True,False,False,False,False,0,No elevated flag
park-1712,33390-L100-230-EXW-001,PS_Playground,Kukuwai Reserve - TEMP,Playground - Public Access,Playground Location,Hibiscus and Bays,Hibiscus and Bays,300000.0,2,0.0,0.0,1,Damage Unlikely,True,False,False,False,False,0,No elevated flag
park-1713,10877-L100-230-EXW-002,PS_Playground,Sunnyside Domain,Playground - Public Access,Playground Location,Otara-Papatoetoe,Otara-Papatoetoe,300000.0,2,0.0,0.0,1,Damage Unlikely,True,False,False,False,False,0,No elevated flag
park-1714,10879-L100-230-EXW-002,PS_Playground,Hayman Park,Playground - Public Access,Playground Location,Otara-Papatoetoe,Otara-Papatoetoe,300000.0,2,0.0,0.0,1,Damage Unlikely,True,False,False,False,False,0,No elevated flag
park-1715,21782-L100-230-EXW-002,PS_Playground,Randwick Park (Secretariat Place),Playground - Public Access,Playground Location,Manurewa,Manurewa,300000.0,2,0.0,0.0,1,Damage Unlikely,True,False,False,False,False,0,No elevated flag
park-1719,33913-L100-230-EXW-001,PS_Playground (Whole)-Natural Play,Western Park - TEMP,Playground - Public Access,Playground Location,Upper Harbour,Upper Harbour,300000.0,2,0.0,0.0,1,Damage Unlikely,True,False,False,False,False,0,No elevated flag
park-172,10482-B017-151,Kayak Camp Compost Toilet (Remote Accs),Tapapakanga Regional Park,Public Toilet,Building Level 3,Franklin,Franklin,450000.0,3,0.0,0.0,1,Very Low,True,False,False,False,False,0,No elevated flag
park-1720,33913-L100-230-EXW-002,PS_Playground (Whole)-Trail Fit,Western Park - TEMP,Playground - Public Access,Playground Location,Upper Harbour,Upper Harbour,300000.0,2,0.0,0.0,1,Damage Unlikely,True,False,False,False,False,0,No elevated flag
park-1721,10394-B005-151,Toilet - Exeloo by League Carpark,Fowlds Park,Public Toilet,Building Level 3,Albert-Eden,Albert-Eden,450000.0,3,0.0,0.0,1,Very Low,True,False,False,False,False,0,No elevated flag
park-1722,11420-L100-230-EXW-001,PS_Fitness Station,Starling Park,Fitness Station - Public Access,Fitness Location,Henderson-Massey,Henderson-Massey,150000.0,2,0.0,0.0,1,Damage Unlikely,True,False,False,False,False,0,No elevated flag
park-1725,21881-L100-230-EXW-L01,PS_Courts,Provence Green,Playspace - Public Access,Playspace Location,Henderson-Massey,Henderson-Massey,400000.0,2,0.0,0.0,1,Damage Unlikely,True,False,False,False,False,0,No elevated flag
park-1726,11454-L100-230-EXW-L01,PS_Courts,Massey Leisure Centre & Library,Playspace - Public Access,Playspace Location,Henderson-Massey,Henderson-Massey,400000.0,2,0.0,0.0,1,Very Low,True,False,False,False,False,0,No elevated flag
park-1727,11384-L100-230-EXW-L01,PS_Courts,Kaumatua Reserve,Playspace - Public Access,Playspace Location,Henderson-Massey,Henderson-Massey,400000.0,2,0.0,0.0,1,Damage Unlikely,True,False,False,False,False,0,No elevated flag
park-1728,33900-L100-230-EXW-001,PS_Playground (Whole)-,Ringi Lane - TEMP,Playground - Exclusive Access,Playground Location,Hibiscus and Bays,Hibiscus and Bays,300000.0,2,0.0,0.0,1,Very Low,True,False,False,False,False,0,No elevated flag
park-1730,23931-L100-230-EXW-001,PS_Playground,Donegal Glen Reserve,Playground - Public Access,Playground Location,Howick,Howick,300000.0,2,0.0,0.0,1,Damage Unlikely,True,False,False,False,False,0,No elevated flag
park-1731,21292-L100-230-EXW-L02,PS_Fitness Station,Somerville Park,Fitness Station - Public Access,Fitness Location,Howick,Howick,150000.0,2,0.0,0.0,1,Very Low,True,False,False,False,False,0,No elevated flag
park-1732,22095-L100-230-EXW-003,PS_Playground (Whole)-,Lysander Crescent Reserve,Playground - Public Access,Playground Location,Kaipatiki,Kaipatiki,300000.0,2,0.0,0.0,1,Very Low,True,False,False,False,False,0,No elevated flag
park-1733,10330-L100-230-EXW-L01,PS_Fitness Station,Sturges Park,Fitness Station - Public Access,Fitness Location,Mangere-Otahuhu,Mangere-Otahuhu,150000.0,2,0.0,0.0,1,Very Low,True,False,False,False,False,0,No elevated flag
park-1734,24378-L100-230-EXW-001,PS_Playground,Kaimoana Street Esplanade Reserve,Playground - Public Access,Playground Location,Manurewa,Manurewa,300000.0,2,0.0,0.0,1,Damage Unlikely,True,False,False,False,False,0,No elevated flag
park-1735,21661-L100-230-EXW-L01,PS_Fitness Station,Burundi Ave Foreshore,Fitness Station - Public Access,Fitness Location,Manurewa,Manurewa,150000.0,2,0.0,0.0,1,Damage Unlikely,True,False,False,False,False,0,No elevated flag
park-1736,22758-L100-230-EXW-L02,PS_Courts,Laxon Esplanade Reserve,Playspace - Public Access,Playspace Location,Otara-Papatoetoe,Otara-Papatoetoe,400000.0,2,0.0,0.0,1,Damage Unlikely,True,False,False,False,False,0,No elevated flag
park-1737,11172-L100-230-EXW-L01,PS_Fitness Station,Longford Park Espld (Wellington) Reserve,Fitness Station - Public Access,Fitness Location,Papakura,Papakura,150000.0,2,0.0,0.0,1,Damage Unlikely,True,False,False,False,False,0,No elevated flag
park-1738,10143-L100-230-EXW-L01,PS_Playground,Harold Long Reserve,Playground - Public Access,Playground Location,Puketapapa,Puketapapa,300000.0,2,0.0,0.0,1,Very Low,True,False,False,False,False,0,No elevated flag
park-1739,10055-L100-230-EXW-L01,PS_Courts,"Three Kings Resv, incl Fickling,Metrowat",Playspace - Public Access,Playspace Location,Puketapapa,Puketapapa,400000.0,2,0.0,0.0,1,Very Low,True,False,False,False,False,0,No elevated flag
park-1740,33890-L100-230-EXW-001,PS_Playground (Whole),32 Schoolside Rd Huapai - Provisional,Playground - Public Access,Playground Location,Rodney,Rodney,300000.0,2,0.0,0.0,1,Damage Unlikely,True,False,False,False,False,0,No elevated flag
park-1741,33760-L100-230-EXW-001,PS_Playground,Accolage Boulevard Reserve-Provisional,Playground - Public Access,Playground Location,Rodney,Rodney,300000.0,2,0.0,0.0,1,Very Low,True,False,False,False,False,0,No elevated flag
park-1742,22439-L100-230-EXW-L01,PS_Courts,Sarah Todd Rsve & W/Way To Buttercup,Playspace - Public Access,Playspace Location,Rodney,Rodney,400000.0,2,0.0,0.0,1,Damage Unlikely,True,False,False,False,False,0,No elevated flag
park-1743,22234-L100-230-EXW-L01,PS_Courts,Matakana Diamond Jubilee Park,Playspace - Public Access,Playspace Location,Rodney,Rodney,400000.0,2,0.0,0.0,1,Damage Unlikely,True,False,False,False,False,0,No elevated flag
park-1744,11262-L100-230-EXW-L01,PS_Goal Posts,Naumai Domain Recreation Reserve,Playspace - Public Access,Playspace Location,Rodney,Rodney,400000.0,2,0.0,0.0,1,Very Low,True,False,False,False,False,0,No elevated flag
park-1745,22298-L151-230-EXW-L01,PS_Fitness Station,Barbados & Rook Reserves,Fitness Station - Public Access,Fitness Location,Upper Harbour,Upper Harbour,150000.0,2,0.0,0.0,1,Damage Unlikely,True,False,False,False,False,0,No elevated flag
park-1746,22095-L100-230-EXW-002,SF_Courts,Lysander Crescent Reserve,Playspace - Public Access,Playspace Location,Kaipatiki,Kaipatiki,400000.0,2,0.0,0.0,1,Very Low,True,False,False,False,False,0,No elevated flag
park-1747,22669-L100-230-EXW-L01,PS_Courts,Armour Bay Reserve,Playspace - Public Access,Playspace Location,Waitakere Ranges,Waitakere Ranges,400000.0,2,0.0,0.0,1,Very Low,True,False,False,False,False,0,No elevated flag
park-1749,10510-L100-230-EXW-L03,PS_Fitness Station,Reynolds Road Reserve,Fitness Station - Public Access,Fitness Location,Franklin,Franklin,150000.0,2,0.0,0.0,1,Very Low,True,False,False,False,False,0,No elevated flag
park-175,10485-B029-151,Vault Toilet Glen Esk Rd - Wtkw,Waitakere West Regional Park,Public Toilet,Building Level 3,Waitakere Ranges,Waitakere Ranges,450000.0,3,0.0,0.0,1,Very Low,True,False,False,False,False,0,No elevated flag
park-1750,22553-L100-230-EXW-L01,PS_Fitness Station,Te Atatu South Park,Fitness Station - Public Access,Fitness Location,Henderson-Massey,Henderson-Massey,150000.0,2,0.0,0.0,1,Damage Unlikely,True,False,False,False,False,0,No elevated flag
park-1752,11388-L100-230-EXW-L02,PS_Courts,Jack Pringle Sports Park,Playspace - Public Access,Playspace Location,Henderson-Massey,Henderson-Massey,400000.0,2,0.0,0.0,1,Damage Unlikely,True,False,False,False,False,0,No elevated flag
park-1753,22552-L100-230-EXW-L01,PS_Courts,Swanson Oaks,Playspace - Public Access,Playspace Location,Waitakere Ranges,Waitakere Ranges,400000.0,2,0.0,0.0,1,Damage Unlikely,True,False,False,False,False,0,No elevated flag
park-1755,11335-L100-230-EXW-L04,PS_Fitness Station,Parrs Park,Fitness Station - Public Access,Fitness Location,Waitakere Ranges,Waitakere Ranges,150000.0,2,0.0,0.0,1,Damage Unlikely,True,False,False,False,False,0,No elevated flag
park-1756,11445-L100-230-EXW-L01,PS_Courts,Laingholm Hall Reserve,Playspace - Public Access,Playspace Location,Waitakere Ranges,Waitakere Ranges,400000.0,2,0.0,0.0,1,Very Low,True,False,False,False,False,0,No elevated flag
park-1757,11375-L100-230-EXW-L03,PS_Courts,Te Rangi Hiroa/Birdwood Winery,Playspace - Public Access,Playspace Location,Henderson-Massey,Henderson-Massey,400000.0,2,0.0,0.0,1,Very Low,True,False,False,False,False,0,No elevated flag
park-1758,21390-L100-230-EXW-003,PS_Courts,Tole Reserve,Playspace - Public Access,Playspace Location,Waitemata,Waitemata,400000.0,2,0.0,0.0,1,Very Low,True,False,False,False,False,0,No elevated flag
park-176,10485-B036-151,Permacrete Vault - Mercer Bay - Wtkw,Waitakere West Regional Park,Public Toilet,Building Level 3,Waitakere Ranges,Waitakere Ranges,450000.0,3,0.0,0.0,1,Very Low,True,False,False,False,False,0,No elevated flag
park-1760,24524-L100-230-EXW-001,PS_Playground,Kahawairahi Drive Reserve,Playground - Public Access,Playground Location,Franklin,Franklin,300000.0,2,0.0,0.0,1,Very Low,True,False,False,False,False,0,No elevated flag
park-1761,10155-L100-230-EXW-L03,PS_Fitness Station,Grey Lynn Park,Fitness Station - Public Access,Fitness Location,Waitemata,Waitemata,150000.0,2,0.0,0.0,1,Very Low,True,False,False,False,False,0,No elevated flag
park-1762,11290-L100-230-EXW-L04,PS_Courts,Wellsford War Memorial Park,Playspace - Public Access,Playspace Location,Rodney,Rodney,400000.0,2,0.0,0.0,1,Very Low,True,False,False,False,False,0,No elevated flag
park-1764,11420-L100-230-EXW-L04,NOT SUPPLIED FROM SAP,NOT SUPPLIED FROM SAP,Playspace - Public Access,Playspace Location,NOT SUPPLIED,Unmapped / not supplied,400000.0,2,0.0,0.0,1,Damage Unlikely,True,False,False,False,False,0,No elevated flag
park-1765,10004-L100-230-EXW-L02,PS_Fitness Station,Walker Park,Fitness Station - Public Access,Fitness Location,Albert-Eden,Albert-Eden,150000.0,2,0.0,0.0,1,Very Low,True,False,False,False,False,0,No elevated flag
park-1767,10107-L100-230-EXW-L02,PS_Fitness Station,Eastdale Reserve,Fitness Station - Public Access,Fitness Location,Whau,Whau,150000.0,2,0.0,0.0,1,Damage Unlikely,True,False,False,False,False,0,No elevated flag
park-1768,10303-L100-230-EXW-L02,PS_Fitness Station,Warren Freer Park,Fitness Station - Public Access,Fitness Location,Albert-Eden,Albert-Eden,150000.0,2,0.0,0.0,1,Very Low,True,False,False,False,False,0,No elevated flag
park-1769,10368-L100-230-EXW-L02,PS_Fitness Station,Blockhouse Bay Recreation Res,Fitness Station - Public Access,Fitness Location,Whau,Whau,150000.0,2,0.0,0.0,1,Very Low,True,False,False,False,False,0,No elevated flag
park-1770,10383-L100-230-EXW-L02,PS_Fitness Station,Murphy Park,Fitness Station - Public Access,Fitness Location,Mangere-Otahuhu,Mangere-Otahuhu,150000.0,2,0.0,0.0,1,Very Low,True,False,False,False,False,0,No elevated flag
park-1771,10394-L100-230-EXW-L02,PS_Fitness Station,Fowlds Park,Fitness Station - Public Access,Fitness Location,Albert-Eden,Albert-Eden,150000.0,2,0.0,0.0,1,Very Low,True,False,False,False,False,0,No elevated flag
park-1772,10418-L100-230-EXW-L02,PS_Fitness Station,Riversdale Reserve,Fitness Station - Public Access,Fitness Location,Whau,Whau,150000.0,2,0.0,0.0,1,Damage Unlikely,True,False,False,False,False,0,No elevated flag
park-1773,10431-L100-230-EXW-L02,PS_Fitness Station,Craigavon Park,Fitness Station - Public Access,Fitness Location,Whau,Whau,150000.0,2,0.0,0.0,1,Very Low,True,False,False,False,False,0,No elevated flag
park-1774,10514-L100-230-EXW-L01,PS_Fitness Station,Wellington Street Reserve - Pukekohe,Fitness Station - Public Access,Fitness Location,Franklin,Franklin,150000.0,2,0.0,0.0,1,Very Low,True,False,False,False,False,0,No elevated flag
park-1775,10710-L100-230-EXW-L02,PS_Fitness Station,Meadowland Park,Fitness Station - Public Access,Fitness Location,Howick,Howick,150000.0,2,0.0,0.0,1,Damage Unlikely,True,False,False,False,False,0,No elevated flag
park-1778,10926-L100-230-EXW-L02,PS_Fitness Station,Shepherds Park,Fitness Station - Public Access,Fitness Location,Kaipatiki,Kaipatiki,150000.0,2,0.0,0.0,1,Very Low,True,False,False,False,False,0,No elevated flag
park-1779,10931-L100-230-EXW-L02,PS_Fitness Station,Rosedale Park,Fitness Station - Public Access,Fitness Location,Upper Harbour,Upper Harbour,150000.0,2,0.0,0.0,1,Damage Unlikely,True,False,False,False,False,0,No elevated flag
park-178,10488-B004-151,Composting Toilet Whatipu Caves - Wtks,Waitakere South Regional Park,Public Toilet,Building Level 3,Waitakere Ranges,Waitakere Ranges,450000.0,3,0.0,0.0,1,Very Low,True,False,False,False,False,0,No elevated flag
park-1780,10932-L100-230-EXW-L02,PS_Fitness Station,Meadowood Reserve,Fitness Station - Public Access,Fitness Location,Upper Harbour,Upper Harbour,150000.0,2,0.0,0.0,1,Very Low,True,False,False,False,False,0,No elevated flag
park-1781,11096-L100-230-EXW-L02,PS_Fitness Station,Marlborough Park,Fitness Station - Public Access,Fitness Location,Kaipatiki,Kaipatiki,150000.0,2,0.0,0.0,1,Damage Unlikely,True,False,False,False,False,0,No elevated flag
park-1783,11141-L100-230-EXW-L02,PS_Fitness Station,Bayswater Park,Fitness Station - Public Access,Fitness Location,Devonport-Takapuna,Devonport-Takapuna,150000.0,2,0.0,0.0,1,Very Low,True,False,False,False,False,0,No elevated flag
park-1787,11341-L100-230-EXW-L02,PS_Fitness Station,Ranui Domain,Fitness Station - Public Access,Fitness Location,Henderson-Massey,Henderson-Massey,150000.0,2,0.0,0.0,1,Damage Unlikely,True,False,False,False,False,0,No elevated flag
park-1789,11344-L100-230-EXW-L03,PS_Fitness Station,Royal Reserve,Fitness Station - Public Access,Fitness Location,Henderson-Massey,Henderson-Massey,150000.0,2,0.0,0.0,1,Very Low,True,False,False,False,False,0,No elevated flag
park-179,10488-B014-151,Composting Toilet Pararaha - Wtks,Waitakere South Regional Park,Public Toilet,Building Level 3,Waitakere Ranges,Waitakere Ranges,450000.0,3,0.0,0.0,1,Very Low,True,False,False,False,False,0,No elevated flag
park-1790,11435-L100-230-EXW-L02,PS_Fitness Station,Te Atatu Peninsula Park,Fitness Station - Public Access,Fitness Location,Henderson-Massey,Henderson-Massey,150000.0,2,0.0,0.0,1,Damage Unlikely,True,False,False,False,False,0,No elevated flag
park-1791,20076-L100-230-EXW-L02,PS_Fitness Station,Hooton/Oteha Valley/Gills/Anaharta Resv,Fitness Station - Public Access,Fitness Location,Upper Harbour,Upper Harbour,150000.0,2,0.0,0.0,1,Damage Unlikely,True,False,False,False,False,0,No elevated flag
park-1792,20280-L100-230-EXW-L01,PS_Fitness Station,Constellation Park,Fitness Station - Public Access,Fitness Location,Franklin,Franklin,150000.0,2,0.0,0.0,1,Very Low,True,False,False,False,False,0,No elevated flag
park-1793,21119-L100-230-EXW-002,PS_Fitness Station,Rewi Alley Reserve,Fitness Station - Public Access,Fitness Location,Kaipatiki,Kaipatiki,150000.0,2,0.0,0.0,1,Very Low,True,False,False,False,False,0,No elevated flag
park-1794,21906-L100-230-EXW-L02,PS_Fitness Station,Unsworth & St Lucia Res / Caribbean Spts,Fitness Station - Public Access,Fitness Location,Upper Harbour,Upper Harbour,150000.0,2,0.0,0.0,1,Very Low,True,False,False,False,False,0,No elevated flag
park-1796,22649-L100-230-EXW-L02,PS_Fitness Station,Bill Moir Reserve,Fitness Station - Public Access,Fitness Location,Upper Harbour,Upper Harbour,150000.0,2,0.0,0.0,1,Damage Unlikely,True,False,False,False,False,0,No elevated flag
park-1797,22782-L100-230-EXW-L02,PS_Fitness Station,Logan Carr Reserve,Fitness Station - Public Access,Fitness Location,Howick,Howick,150000.0,2,0.0,0.0,1,Damage Unlikely,True,False,False,False,False,0,No elevated flag
park-1798,22900-L100-230-EXW-L02,PS_Fitness Station,Frank Nobilo (Pebble Beach Pl Reserve),Fitness Station - Public Access,Fitness Location,Howick,Howick,150000.0,2,0.0,0.0,1,Damage Unlikely,True,False,False,False,False,0,No elevated flag
park-1799,23294-L100-230-EXW-L01,PS_Fitness Station,Bonair Crescent Stormwater Pond,Fitness Station - Public Access,Fitness Location,Hibiscus and Bays,Hibiscus and Bays,150000.0,2,0.0,0.0,1,Very Low,True,False,False,False,False,0,No elevated flag
park-18,10056-B002-152,Changing Room,Ellerslie Domain,Changing Shed,Building Level 3,Orakei,Orakei,650000.0,2,0.0,0.0,1,Very Low,True,False,False,False,False,0,No elevated flag
park-180,10488-B016-151,Vault Toilet By Barn - Wtks,Waitakere South Regional Park,Public Toilet,Building Level 3,Waitakere Ranges,Waitakere Ranges,450000.0,3,0.0,0.0,1,Very Low,True,False,False,False,False,0,No elevated flag
park-1800,33584-L100-230-EXW-002,PS_Fitness Station,Harrier Point Park-TEMP,Fitness Station - Public Access,Fitness Location,Upper Harbour,Upper Harbour,150000.0,2,0.0,0.0,1,Very Low,True,False,False,False,False,0,No elevated flag
park-1802,10356-L100-230-EXW-L02,PS_Fitness Station,Western Park - Freemans Bay,Fitness Station - Public Access,Fitness Location,Waitemata,Waitemata,150000.0,2,0.0,0.0,1,Very Low,True,False,False,False,False,0,No elevated flag
park-1803,10441-L100-230-EXW-L02,PS_Fitness Station,Michaels Avenue Reserve,Fitness Station - Public Access,Fitness Location,Orakei,Orakei,150000.0,2,0.0,0.0,1,Very Low,True,False,False,False,False,0,No elevated flag
park-1804,24377-L100-230-EXW-002,PS_Fitness Station,Becker Drive Reserve,Fitness Station - Public Access,Fitness Location,Manurewa,Manurewa,150000.0,2,0.0,0.0,1,Damage Unlikely,True,False,False,False,False,0,No elevated flag
park-1805,21074-L100-220-EXW-001,NOT SUPPLIED FROM SAP,NOT SUPPLIED FROM SAP,Playspace - Public Access,Playspace Location,NOT SUPPLIED,Unmapped / not supplied,400000.0,2,0.0,0.0,1,Very Low,True,False,False,False,False,0,No elevated flag
park-1806,21074-L100-220-EXW-L01,SF_Courts,Molley Green Reserve,Playspace - Public Access,Playspace Location,Puketapapa,Puketapapa,400000.0,2,0.0,0.0,1,Very Low,True,False,False,False,False,0,No elevated flag
park-1807,34130-L100-230-EXW-001,PS_Playground (Whole) - Archibald Dr,Archibald Drive - TEMP,Playground - Public Access,Playground Location,Rodney,Rodney,300000.0,2,0.0,0.0,1,Very Low,True,False,False,False,False,0,No elevated flag
park-1808,11096-L100-230-EXW-003,PS_Playground-Youth,Marlborough Park,Playground - Public Access,Playground Location,Kaipatiki,Kaipatiki,300000.0,2,0.0,0.0,1,Very Low,True,False,False,False,False,0,No elevated flag
park-1809,10033-L100-230-EXW-002,PS_Playground,Kupe South Reserve,Playground - Public Access,Playground Location,Orakei,Orakei,300000.0,2,0.0,0.0,1,Very Low,True,False,False,False,False,0,No elevated flag
park-1810,10033-L100-230-EXW-003,PS_Basketball Half Court,Kupe South Reserve,Playspace - Public Access,Playspace Location,Orakei,Orakei,400000.0,2,0.0,0.0,1,Very Low,True,False,False,False,False,0,No elevated flag
park-1811,10033-L100-230-EXW-004,PS_Fitness Station,Kupe South Reserve,Fitness Station - Public Access,Fitness Location,Orakei,Orakei,150000.0,2,0.0,0.0,1,Very Low,True,False,False,False,False,0,No elevated flag
park-1813,10155-L100-230-EXW-L04,PS_Courts,Grey Lynn Park,Playspace - Public Access,Playspace Location,Waitemata,Waitemata,400000.0,2,0.0,0.0,1,Very Low,True,False,False,False,False,0,No elevated flag
park-1814,10532-L100-230-EXW-L03,PS_Fitness Station,Colin Lawrie Fields,Fitness Station - Public Access,Fitness Location,Franklin,Franklin,150000.0,2,0.0,0.0,1,Very Low,True,False,False,False,False,0,No elevated flag
park-1815,10396-L100-230-EXW-L02,PS_Fitness Station,Mt Albert War Memorial Reserve,Fitness Station - Public Access,Fitness Location,Albert-Eden,Albert-Eden,150000.0,2,0.0,0.0,1,Very Low,True,False,False,False,False,0,No elevated flag
park-1816,11339-L100-230-EXW-L03,PS_Sports Track,Prospect Park,Playspace - Public Access,Playspace Location,Waitakere Ranges,Waitakere Ranges,400000.0,2,0.0,0.0,1,Damage Unlikely,True,False,False,False,False,0,No elevated flag
park-1817,10488-B099-151,Karamatura Toilet Block - Wtks,Waitakere South Regional Park,Public Toilet,Building Level 3,Waitakere Ranges,Waitakere Ranges,450000.0,3,0.0,0.0,1,Very Low,True,False,False,False,False,0,No elevated flag
park-1818,34301-L100-230-EXW-001,PS_Playground (Whole)-,Marlborough Precinct - TEMP,Playground - Public Access,Playground Location,Upper Harbour,Upper Harbour,300000.0,2,0.0,0.0,1,Very Low,True,False,False,False,False,0,No elevated flag
park-1819,20276-L100-230-EXW-001,PS_Playground (Whole)-,Huntington Reserve,Playground - Public Access,Playground Location,Upper Harbour,Upper Harbour,300000.0,2,0.0,0.0,1,Damage Unlikely,True,False,False,False,False,0,No elevated flag
park-1820,23776-L100-230-EXW-001,PS_Playground (Whole)-,Headquarters - Te Mahere,Playground - Public Access,Playground Location,Upper Harbour,Upper Harbour,300000.0,2,0.0,0.0,1,Damage Unlikely,True,False,False,False,False,0,No elevated flag
park-1822,10531-B103-151,Toilet(Public)-Bledisloe Park Soc.,Bledisloe Park - Franklin,Public Toilet,Building Level 3,Franklin,Franklin,450000.0,3,0.0,0.0,1,Very Low,True,False,False,False,False,0,No elevated flag
park-1823,10709-B003-151,Mellons Bay Beach Toilet/Changing,Mellons Bay,Toilet/Changing,Building Level 3,Howick,Howick,800000.0,3,0.0,0.0,1,Very Low,True,False,False,False,False,0,No elevated flag
park-1824,11108-B001-100,Albany Village Library,Albany Village Lib/LB Office-Third Party,Library,Building Level 3,Upper Harbour,Upper Harbour,15000000.0,5,0.0,0.0,1,Damage Unlikely,True,False,False,False,False,0,No elevated flag
park-1825,10464-B023-151,Rose Gardens / Discovery Centre Toilets,Botanic Gardens Regional Park,Public Toilet,Building Level 3,Manurewa,Manurewa,450000.0,3,0.0,0.0,1,Damage Unlikely,True,False,False,False,False,0,No elevated flag
park-1826,10155-B010-152,Toilets & Changing Rooms,Grey Lynn Park,Toilet/Changing,Building Level 3,Waitemata,Waitemata,800000.0,3,0.0,0.0,1,Very Low,True,False,False,False,False,0,No elevated flag
park-1827,22482-B002-151,Toilet/Changing-(Crum Park),Crum Park,Toilet/Changing,Building Level 3,Whau,Whau,800000.0,3,0.0,0.0,1,Very Low,True,False,False,False,False,0,No elevated flag
park-1828,11235-B001-151,Toilet-(Port Albert Recreation Res),Port Albert Recreation Reserve,Toilet/Changing,Building Level 3,Rodney,Rodney,800000.0,3,0.0,0.0,1,Very Low,True,False,False,False,False,0,No elevated flag
park-183,10489-B007-151,Vault Toilet Fairy Falls - Wtkn,Waitakere North Regional Park,Public Toilet,Building Level 3,Waitakere Ranges,Waitakere Ranges,450000.0,3,0.0,0.0,1,Very Low,True,False,False,False,False,0,No elevated flag
park-1830,11304-L100-230-EXW-001,PS_Playground (Whole)-Playgroup,South Head Hall Grounds,Playground - Exclusive Access,Playground Location,Rodney,Rodney,300000.0,2,0.0,0.0,1,Very Low,True,False,False,False,False,0,No elevated flag
park-1831,24610-B001-100,Toilet-By Playground at Pond 1,Kopupaka Reserve,Public Toilet,Building Level 3,Henderson-Massey,Henderson-Massey,450000.0,3,0.0,0.0,1,Damage Unlikely,True,False,False,False,False,0,No elevated flag
park-1834,24041-B002-151,Lake Town Green Exeloo,Lake Town Green,Public Toilet,Building Level 3,Devonport-Takapuna,Devonport-Takapuna,450000.0,3,0.0,0.0,1,Very Low,True,False,False,False,False,0,No elevated flag
park-1835,24365-B001-152,Toilets & Changing Rooms,Opaheke Sports Park,Toilet/Changing,Building Level 3,Papakura,Papakura,800000.0,3,0.0,0.0,1,Damage Unlikely,True,False,False,False,False,0,No elevated flag
park-1837,22461-L100-230-EXW-002,PS_Playground - Sunny Crescent,Sunny Crescent - Merlot Heights Reserve,Playground - Public Access,Playground Location,Rodney,Rodney,300000.0,2,0.0,0.0,1,Damage Unlikely,True,False,False,False,False,0,No elevated flag
park-1838,24610-L100-230-EXW-001,PS_Playground-Strawberry Fields,Kopupaka Reserve,Playground - Public Access,Playground Location,Henderson-Massey,Henderson-Massey,300000.0,2,0.0,0.0,1,Damage Unlikely,True,False,False,False,False,0,No elevated flag
park-1839,24610-L100-230-EXW-002,PS_Fitness Station,Kopupaka Reserve,Fitness Station - Public Access,Fitness Location,Henderson-Massey,Henderson-Massey,150000.0,2,0.0,0.0,1,Damage Unlikely,True,False,False,False,False,0,No elevated flag
park-184,10488-B017-151,Vault Toilets Mill Bay - Wtks,Waitakere South Regional Park,Public Toilet,Building Level 3,Waitakere Ranges,Waitakere Ranges,450000.0,3,0.0,0.0,1,Very Low,True,False,False,False,False,0,No elevated flag
park-1840,21575-L100-230-EXW-001,PS_Playground,Silvana Park/Norwood Estate Park,Playground - Public Access,Playground Location,Howick,Howick,300000.0,2,0.0,0.0,1,Damage Unlikely,True,False,False,False,False,0,No elevated flag
park-1841,21108-L100-230-EXW-001,PS_Playground,Glucina Reserve,Playground - Public Access,Playground Location,Waitakere Ranges,Waitakere Ranges,300000.0,2,0.0,0.0,1,Very Low,True,False,False,False,False,0,No elevated flag
park-1842,34141-L100-230-EXW-L01,PS_Playground,Fenchurch Reserve,Playground - Public Access,Playground Location,Maungakiekie-Tamaki,Maungakiekie-Tamaki,300000.0,2,0.0,0.0,1,Damage Unlikely,True,False,False,False,False,0,No elevated flag
park-1843,10619-L100-230-EXW-003,PS_Courts,Walter Massey Park,Playspace - Public Access,Playspace Location,Mangere-Otahuhu,Mangere-Otahuhu,400000.0,2,0.0,0.0,1,Damage Unlikely,True,False,False,False,False,0,No elevated flag
park-1844,21651-L100-230-EXW-003,PS_Courts,Boggust Park,Playspace - Public Access,Playspace Location,Mangere-Otahuhu,Mangere-Otahuhu,400000.0,2,0.0,0.0,1,Damage Unlikely,True,False,False,False,False,0,No elevated flag
park-1845,22677-L100-230-EXW-L01,PS_Playground,Archibald Park,Playground - Public Access,Playground Location,Whau,Whau,300000.0,2,0.0,0.0,1,Damage Unlikely,True,False,False,False,False,0,No elevated flag
park-1846,10757-L100-230-EXW-002,PS_Fitness Station,Moana-Nui-a-Kiwa Pool & Leisure Centre,Fitness Station - Public Access,Fitness Location,Mangere-Otahuhu,Mangere-Otahuhu,150000.0,2,0.0,0.0,1,Damage Unlikely,True,False,False,False,False,0,No elevated flag
park-1847,22323-L100-230-EXW-003,PS_Fitness Station,Cooper Park,Fitness Station - Public Access,Fitness Location,Otara-Papatoetoe,Otara-Papatoetoe,150000.0,2,0.0,0.0,1,Damage Unlikely,True,False,False,False,False,0,No elevated flag
park-1848,22323-L100-230-EXW-002,PS_Playground,Cooper Park,Playground - Public Access,Playground Location,Otara-Papatoetoe,Otara-Papatoetoe,300000.0,2,0.0,0.0,1,Damage Unlikely,True,False,False,False,False,0,No elevated flag
park-1849,10431-L100-230-EXW-L03,PS_ Dog Agility Course,Craigavon Park,Unknown,Playground Location,Whau,Whau,300000.0,2,0.0,0.0,1,Very Low,True,False,False,False,False,0,No elevated flag
park-185,10488-B020-151,Vault Toilets Cornwallis Wharf - Wtks,Waitakere South Regional Park,Public Toilet,Building Level 3,Waitakere Ranges,Waitakere Ranges,450000.0,3,0.0,0.0,1,Very Low,True,False,False,False,False,0,No elevated flag
park-1850,20116-B003-100,Toilet-21 Shirley Road Papatoetoe,Streetscape - Otara-Papatoetoe,Public Toilet,Building Level 3,Otara-Papatoetoe,Otara-Papatoetoe,450000.0,3,0.0,0.0,1,Damage Unlikely,True,False,False,False,False,0,No elevated flag
park-1851,21282-L100-230-EXW-002,PS_Playground by Buildings,Smiths Reserve,Playground - Public Access,Playground Location,Papakura,Papakura,300000.0,2,0.0,0.0,1,Damage Unlikely,True,False,False,False,False,0,No elevated flag
park-1853,22106-L100-230-EXW-L03,PS_Fitness Station,Sarajevo Reserve,Fitness -  Public Access,Fitness Location,Henderson-Massey,Henderson-Massey,150000.0,2,0.0,0.0,1,Very Low,True,False,False,False,False,0,No elevated flag
park-1854,24601-L100-230-EXW-001,PS_Playground (Whole)-,45 Beachwood Drive Hatfields,Playground - Public Access,Playground Location,Hibiscus and Bays,Hibiscus and Bays,300000.0,2,0.0,0.0,1,Very Low,True,False,False,False,False,0,No elevated flag
park-1855,21575-L100-230-EXW-002,PS_Fitness Station,Silvana Park/Norwood Estate Park,Fitness -  Public Access,Fitness Location,Howick,Howick,150000.0,2,0.0,0.0,1,Damage Unlikely,True,False,False,False,False,0,No elevated flag
park-1856,10655-L100-230-EXW-001,PS_Playground,Aronia Way Reserve,Playground - Public Access,Playground Location,Manurewa,Manurewa,300000.0,2,0.0,0.0,1,Very Low,True,False,False,False,False,0,No elevated flag
park-1857,11192-L100-230-EXW-L03,PS_Fitness Station,Southern Park,Fitness -  Public Access,Fitness Location,Papakura,Papakura,150000.0,2,0.0,0.0,1,Damage Unlikely,True,False,False,False,False,0,No elevated flag
park-1858,10717-L100-230-EXW-003,PS_Kauri Kids ECE Playground,Clendon Community Centre Reserve,Playground - Public Access,Playground Location,Manurewa,Manurewa,300000.0,2,0.0,0.0,1,Damage Unlikely,True,False,False,False,False,0,No elevated flag
park-1859,22739-L100-230-EXW-L02,PS_Fitness Station,Macleans Park,Fitness -  Public Access,Fitness Location,Howick,Howick,150000.0,2,0.0,0.0,1,Very Low,True,False,False,False,False,0,No elevated flag
park-1863,34510-L001-230-EXW-01,PS_Playground (Whole)-,Kukari,Playground - Public Access,Playground Location,Kaipatiki,Kaipatiki,300000.0,2,0.0,0.0,1,Damage Unlikely,True,False,False,False,False,0,No elevated flag
park-1864,21721-L100-230-EXW-002,PS_Playground,Tahapa Reserve,Playground - Public Access,Playground Location,Orakei,Orakei,300000.0,2,0.0,0.0,1,Very Low,True,False,False,False,False,0,No elevated flag
park-1865,10619-L100-230-EXW-L01,PS_Playground,Walter Massey Park,Playground - Public Access,Playground Location,Mangere-Otahuhu,Mangere-Otahuhu,300000.0,2,0.0,0.0,1,Damage Unlikely,True,False,False,False,False,0,No elevated flag
park-1866,20885-L100-230-EXW-001,PS_Playground (Whole)-,Portsea Reserve,Playground - Public Access,Playground Location,Kaipatiki,Kaipatiki,300000.0,2,0.0,0.0,1,Very Low,True,False,False,False,False,0,No elevated flag
park-1870,10326-L100-230-EXW-001,PS_Playground,Outhwaite Park,Playground - Public Access,Playground Location,Waitemata,Waitemata,300000.0,2,0.0,0.0,1,Very Low,True,False,False,False,False,0,No elevated flag
park-1871,10348-L100-230-EXW-002,PS_Playground,Western Springs Lakeside,Playground - Public Access,Playground Location,Waitemata,Waitemata,300000.0,2,0.0,0.0,1,Very Low,True,False,False,False,False,0,No elevated flag
park-1872,10130-B001-151,Toilet - H9 (120 Symonds St),Symonds Street Cemetery East,Public Toilet,Building Level 3,Waitemata,Waitemata,450000.0,3,0.0,0.0,1,Damage Unlikely,True,False,False,False,False,0,No elevated flag
park-1873,24379-B001-151,Toilet 41 Third View AV Beachlands,41 Third view -Toilet -not council owned,Public Toilet,Building Level 3,Franklin,Franklin,450000.0,3,0.0,0.0,1,Damage Unlikely,True,False,False,False,False,0,No elevated flag
park-1874,21651-L100-230-EXW-004,PS_Fitness Station,Boggust Park,Fitness -  Public Access,Fitness Location,Mangere-Otahuhu,Mangere-Otahuhu,150000.0,2,0.0,0.0,1,Damage Unlikely,True,False,False,False,False,0,No elevated flag
park-1876,20072-B002-151,Rock Isle Road Public Toilet,Rock Isle Road Public Toilets,Public Toilet,Building Level 3,Hibiscus and Bays,Hibiscus and Bays,450000.0,3,0.0,0.0,1,Very Low,True,False,False,False,False,0,No elevated flag
park-1878,10714-B005-101,Ngati Otara Multisport Public Toilets,Ngati Otara Park,Public Toilet,Building Level 3,Otara-Papatoetoe,Otara-Papatoetoe,450000.0,3,0.0,0.0,1,Damage Unlikely,True,False,False,False,False,0,No elevated flag
park-1879,11267-L100-230-EXW-001,PS_Playground (Whole)-,Wainui Hall Grounds,Unknown,Playground Location,Rodney,Rodney,300000.0,2,0.0,0.0,1,Damage Unlikely,True,False,False,False,False,0,No elevated flag
park-188,10488-B094-100,Vault Toilets Mill Bay Disabled - Wtks,Waitakere South Regional Park,Public Toilet,Building Level 3,Waitakere Ranges,Waitakere Ranges,450000.0,3,0.0,0.0,1,Very Low,True,False,False,False,False,0,No elevated flag
park-1881,33982-B001-100,"Jervois Road, 14 - Third Party","Jervois Road, 14 - Third Party",Library,Building Level 3,Waitemata,Waitemata,15000000.0,5,0.0,0.0,1,Very Low,True,False,False,False,False,0,No elevated flag
park-1882,33730-B001-151,Toilet-In Reserve,Hobsonville Rifle Range - TEMP,Public Toilet,Building Level 3,Upper Harbour,Upper Harbour,450000.0,3,0.0,0.0,1,Damage Unlikely,True,False,False,False,False,0,No elevated flag
park-1883,10331-B001-151,Phyllis Reserve Toilets,Phyllis Reserve,Public Toilet,Building Level 3,Albert-Eden,Albert-Eden,450000.0,3,0.0,0.0,1,Very Low,True,False,False,False,False,0,No elevated flag
park-1884,34452-L100-230-EXW-001,PS_Playground (Whole)-,"159 Ahutoetoe Rd, Milldale",Unknown,Playground Location,Rodney,Rodney,300000.0,2,0.0,0.0,1,Very Low,True,False,False,False,False,0,No elevated flag
park-1885,22367-B001-100,Toilet-Basement of the Te Hana Hall,Te Hana Reserve,Public Toilet,Building Level 3,Rodney,Rodney,450000.0,3,0.0,0.0,1,Very Low,True,False,False,False,False,0,No elevated flag
park-1886,11454-B001-102,Ex Massey Library Space,Massey Leisure Centre & Library,Library,Building Level 3,Henderson-Massey,Henderson-Massey,15000000.0,5,0.0,0.0,1,Very Low,True,False,False,False,False,0,No elevated flag
park-1888,11335-B001-151,Changing Room-S side artificial turf,Parrs Park,Changing Shed,Building Level 3,Waitakere Ranges,Waitakere Ranges,650000.0,2,0.0,0.0,1,Damage Unlikely,True,False,False,False,False,0,No elevated flag
park-1890,10822-B002-152,Changing Rooms-Kohuora Park-Station Rd,Kohuora Park,Changing Shed,Building Level 3,Otara-Papatoetoe,Otara-Papatoetoe,650000.0,2,0.0,0.0,1,Very Low,True,False,False,False,False,0,No elevated flag
park-1891,10378-B001-151,Sportsfield Changing Room,Owairaka/Mount Albert,Toilet/Changing,Building Level 3,Albert-Eden,Albert-Eden,800000.0,3,0.0,0.0,1,Very Low,True,False,False,False,False,0,No elevated flag
park-1893,10209-B001-151,Toilets and Changing Rooms,Hamlin Park,Toilet/Changing,Building Level 3,Maungakiekie-Tamaki,Maungakiekie-Tamaki,800000.0,3,0.0,0.0,1,Very Low,True,False,False,False,False,0,No elevated flag
park-1895,10012-B002-152,Public Toilets,Heard Park,Public Toilet,Building Level 3,Waitemata,Waitemata,450000.0,3,0.0,0.0,1,Very Low,True,False,False,False,False,0,No elevated flag
park-1898,22940-B005-151,Whanau Atea - Toilet,Te Pane-o-Mataaho/Mangere Mountain,Public Toilet,Building Level 3,Mangere-Otahuhu,Mangere-Otahuhu,450000.0,3,0.0,0.0,1,Very Low,True,False,False,False,False,0,No elevated flag
park-1899,11278-B003-151,Toilet - Public - 118 Rodney Street,"118 Rodney Street, Wellsford",Public Toilet,Building Level 3,Rodney,Rodney,450000.0,3,0.0,0.0,1,Very Low,True,False,False,False,False,0,No elevated flag
park-190,10490-B021-151,Education Building Toilets,Waitakere Central Regional Park,Public Toilet,Building Level 3,Waitakere Ranges,Waitakere Ranges,450000.0,3,0.0,0.0,1,Very Low,True,False,False,False,False,0,No elevated flag
park-1900,20121-B005-151,Toilet-400 Titirangi Rd_next to bus stop,Streetscape - Waitakere Ranges,Public Toilet,Building Level 3,Waitakere Ranges,Waitakere Ranges,450000.0,3,0.0,0.0,1,Very Low,True,False,False,False,False,0,No elevated flag
park-1902,10324-B004-100,Toilets block 15th tee,Chamberlain Park,Public Toilet,Building Level 3,Albert-Eden,Albert-Eden,450000.0,3,0.0,0.0,1,Damage Unlikely,True,False,False,False,False,0,No elevated flag
park-1906,23973-B001-101,Te Puke O Tara Changing Rooms,Te Puke o Tara Sports Park,Changing Shed,Building Level 3,Otara-Papatoetoe,Otara-Papatoetoe,650000.0,2,0.0,0.0,1,Very Low,True,False,False,False,False,0,No elevated flag
park-1907,10013-B006-151,Toilet,Studio One - Toi Tu,Public Toilet,Building Level 3,Waitemata,Waitemata,450000.0,3,0.0,0.0,1,Very Low,True,False,False,False,False,0,No elevated flag
park-1909,22480-B002-151,Toilet-Near Exit From Witheford Rd,Stables Landing Reserve,Public Toilet,Building Level 3,Rodney,Rodney,450000.0,3,0.0,0.0,1,Very Low,True,False,False,False,False,0,No elevated flag
park-191,10491-B013-151,Vault Toilet-Te Rau Puriri,Te Rau Puriri Regional Park,Public Toilet,Building Level 3,Rodney,Rodney,450000.0,3,0.0,0.0,1,Very Low,True,False,False,False,False,0,No elevated flag
park-1911,11085-B008-100,Takarunga Bunker - Toilet,Takarunga/Mt Victoria,Public Toilet,Building Level 3,Devonport-Takapuna,Devonport-Takapuna,450000.0,3,0.0,0.0,1,Very Low,True,False,False,False,False,0,No elevated flag
park-1913,23973-B001-100,Te Puke O Tara Toilets,Te Puke o Tara Sports Park,Public Toilet,Building Level 3,Otara-Papatoetoe,Otara-Papatoetoe,450000.0,3,0.0,0.0,1,Very Low,True,False,False,False,False,0,No elevated flag
park-1916,10892-B021-100,Toilet-Exeloo-Redoubt Road,Totara Park,Public Toilet,Building Level 3,Manurewa,Manurewa,450000.0,3,0.0,0.0,1,Very Low,True,False,False,False,False,0,No elevated flag
park-1918,10890-B001-151,Wattle Farm Ponds Reserve Toilet Block,Wattle Farm Ponds Reserve,Public Toilet,Building Level 3,Manurewa,Manurewa,450000.0,3,0.0,0.0,1,Damage Unlikely,True,False,False,False,False,0,No elevated flag
park-192,10493-B018-151,Kayak Camp Compost Toilet (Remote Accs),Waitawa Regional Park,Public Toilet,Building Level 3,Franklin,Franklin,450000.0,3,0.0,0.0,1,Very Low,True,False,False,False,False,0,No elevated flag
park-1920,10139-B015-101,Akarana Marine Sports Ctr Public Toilets,Tamaki Drive (The Landing),Public Toilet,Building Level 3,Orakei,Orakei,450000.0,3,0.0,0.0,1,Very Low,True,False,False,False,False,0,No elevated flag
park-1921,10489-B024-151,Falls Rd Lower Carpark Permaloo Toilet,Waitakere North Regional Park,Public Toilet,Building Level 3,Waitakere Ranges,Waitakere Ranges,450000.0,3,0.0,0.0,1,Very Low,True,False,False,False,False,0,No elevated flag
park-1924,10490-B034-151,Toilet - Wtkc Bush camp,Waitakere Central Regional Park,Public Toilet,Building Level 3,Waitakere Ranges,Waitakere Ranges,450000.0,3,0.0,0.0,1,Very Low,True,False,False,False,False,0,No elevated flag
park-1925,10618-B002-151,Gallaher Park Public Toilet,Gallaher Park,Public Toilet,Building Level 3,Manurewa,Manurewa,450000.0,3,0.0,0.0,1,Damage Unlikely,True,False,False,False,False,0,No elevated flag
park-1926,10295-B003-151,Windmill park public toilets,Windmill Park,Public Toilet,Building Level 3,Albert-Eden,Albert-Eden,450000.0,3,0.0,0.0,1,Very Low,True,False,False,False,False,0,No elevated flag
park-1927,20615-B002-151,Toilet Wi24 Oneroa Permaloo,Oneroa Beach Reserve Accessway,Public Toilet,Building Level 3,Waiheke,Waiheke-Great Barrier,450000.0,3,0.0,0.0,1,Very Low,True,False,False,False,False,0,No elevated flag
park-1928,10489-B023-151,Falls Rd Upper Carpark Permaloo Toilet,Waitakere North Regional Park,Public Toilet,Building Level 3,Waitakere Ranges,Waitakere Ranges,450000.0,3,0.0,0.0,1,Very Low,True,False,False,False,False,0,No elevated flag
park-1929,22132-L100-230-EXW-001,PS_Playground (Whole)-,Te KÄwai,Unknown,Playground Location,Kaipatiki,Kaipatiki,300000.0,2,0.0,0.0,1,Very Low,True,False,False,False,False,0,No elevated flag
park-193,10493-B023-151,Mountain Bike Compost Toilet Waitawa,Waitawa Regional Park,Public Toilet,Building Level 3,Franklin,Franklin,450000.0,3,0.0,0.0,1,Very Low,True,False,False,False,False,0,No elevated flag
park-1930,10790-B005-101,Changing Rooms,Aorere Park,Changing Shed,Building Level 3,Otara-Papatoetoe,Otara-Papatoetoe,650000.0,2,0.0,0.0,1,Damage Unlikely,True,False,False,False,False,0,No elevated flag
park-1931,10751-B003-100,Toilet-David Lange Park,David Lange Park,Public Toilet,Building Level 3,Mangere-Otahuhu,Mangere-Otahuhu,450000.0,3,0.0,0.0,1,Damage Unlikely,True,False,False,False,False,0,No elevated flag
park-1932,10790-B005-100,Toilets,Aorere Park,Public Toilet,Building Level 3,Otara-Papatoetoe,Otara-Papatoetoe,450000.0,3,0.0,0.0,1,Damage Unlikely,True,False,False,False,False,0,No elevated flag
park-1935,10879-L100-230-EXW-003,PS_Courts,Hayman Park,Half Courts - Public Access,Playspace Location,Otara-Papatoetoe,Otara-Papatoetoe,250000.0,2,0.0,0.0,1,Damage Unlikely,True,False,False,False,False,0,No elevated flag
park-1936,10739-L100-230-EXW-001,PS_Fitness Station,Papatoetoe Recreation Grounds,Unknown,Fitness Location,Otara-Papatoetoe,Otara-Papatoetoe,300000.0,2,0.0,0.0,1,Damage Unlikely,True,False,False,False,False,0,No elevated flag
park-1938,21906-B001-151,Carribean Sportsfield public toilet,Unsworth & St Lucia Res / Caribbean Spts,Public Toilet,Building Level 3,Upper Harbour,Upper Harbour,450000.0,3,0.0,0.0,1,Very Low,True,False,False,False,False,0,No elevated flag
park-1940,10835-B016-100,Mangere Centre Park Playgrd Toilet,Mangere Centre Park,Public Toilet,Building Level 3,Mangere-Otahuhu,Mangere-Otahuhu,450000.0,3,0.0,0.0,1,Damage Unlikely,True,False,False,False,False,0,No elevated flag
park-1943,21785-B002-151,Toilet (Permaloo),Seddon Park,Public Toilet,Building Level 3,Franklin,Franklin,450000.0,3,0.0,0.0,1,Very Low,True,False,False,False,False,0,No elevated flag
park-1947,10790-L100-230-EXW-003,PS_Playground,Aorere Park,Unknown,Playground Location,Otara-Papatoetoe,Otara-Papatoetoe,300000.0,2,0.0,0.0,1,Damage Unlikely,True,False,False,False,False,0,No elevated flag
park-1948,10790-L100-230-EXW-002,PS_Fitness Station,Aorere Park,Unknown,Fitness Location,Otara-Papatoetoe,Otara-Papatoetoe,300000.0,2,0.0,0.0,1,Damage Unlikely,True,False,False,False,False,0,No elevated flag
park-1949,10879-L100-230-EXW-004,PS_Bump Track,Hayman Park,Bump Track,Playground Location,Otara-Papatoetoe,Otara-Papatoetoe,350000.0,2,0.0,0.0,1,Damage Unlikely,True,False,False,False,False,0,No elevated flag
park-195,10497-B020-151,Tainui Campsite Toilet Block-Waha,Waharau Regional Park,Public Toilet,Building Level 3,Franklin,Franklin,450000.0,3,0.0,0.0,0,Not mapped,False,False,False,False,False,0,No elevated flag
park-1950,20831-L100-230-EXW-001,PS_Playground-Gould Reserve,Gould Reserve,Unknown,Playground Location,Devonport-Takapuna,Devonport-Takapuna,300000.0,2,0.0,0.0,1,Damage Unlikely,True,False,False,False,False,0,No elevated flag
park-1951,35390-L100-230-EXW-001,PS_Playground (Whole)-,Te Ara Awataha,Unknown,Playground Location,Kaipatiki,Kaipatiki,300000.0,2,0.0,0.0,1,Very Low,True,False,False,False,False,0,No elevated flag
park-1952,10757-L100-230-EXW-003,PS_Pump Track,Moana-Nui-a-Kiwa Pool & Leisure Centre,Pump Track,Playground Location,Mangere-Otahuhu,Mangere-Otahuhu,500000.0,2,0.0,0.0,1,Damage Unlikely,True,False,False,False,False,0,No elevated flag
park-1954,21074-B100-151,Toilets-(Molley Green reserve),Molley Green Reserve,Public Toilet,Building Level 3,Puketapapa,Puketapapa,450000.0,3,0.0,0.0,1,Very Low,True,False,False,False,False,0,No elevated flag
park-1955,24810-B003-151,Composting Toilet - Crater Bay,Browns Island (Motukorea) Regional Park,Public Toilet,Building Level 3,Waiheke,Waiheke-Great Barrier,450000.0,3,0.0,0.0,1,Very Low,True,False,False,False,False,0,No elevated flag
park-1956,10099-B051-151,Toilet - Mercury Lane,Streetscape - Waitemata,Toilet/Changing,Building Level 3,Waitemata,Waitemata,800000.0,3,0.0,0.0,1,Damage Unlikely,True,False,False,False,False,0,No elevated flag
park-1957,10418-B001-151,Toilet - W12 (Riversdale Reserve),Riversdale Reserve,Public Toilet,Building Level 3,Whau,Whau,450000.0,3,0.0,0.0,1,Damage Unlikely,True,False,False,False,False,0,No elevated flag
park-1959,10383-B002-101,Murphy Park-Change Room,Murphy Park,Changing Shed,Building Level 3,Mangere-Otahuhu,Mangere-Otahuhu,650000.0,2,0.0,0.0,1,Very Low,True,False,False,False,False,0,No elevated flag
park-196,10493-B024-151,Shearing Shed Compost toilet-Waitawa,Waitawa Regional Park,Public Toilet,Building Level 3,Franklin,Franklin,450000.0,3,0.0,0.0,1,Damage Unlikely,True,False,False,False,False,0,No elevated flag
park-1960,21288-B002-151,Toilet - (Gardner reserve),Gardner Reserve,Public Toilet,Building Level 3,Whau,Whau,450000.0,3,0.0,0.0,1,Damage Unlikely,True,False,False,False,False,0,No elevated flag
park-1961,22977-B002-151,Toilet- Samuel Miller Park,Samuel Miller Park (Nelson St Reserve),Public Toilet,Building Level 3,Franklin,Franklin,450000.0,3,0.0,0.0,1,Very Low,True,False,False,False,False,0,No elevated flag
park-1962,10277-L100-230-EXW-002,NOT SUPPLIED FROM SAP,NOT SUPPLIED FROM SAP,Playspace - Public Access,Playspace Location,NOT SUPPLIED,Unmapped / not supplied,400000.0,2,0.0,0.0,1,Very Low,True,False,False,False,False,0,No elevated flag
park-1963,21136-B002-151,Toilet Block ( Green Bay domain),Green Bay Domain,Toilet/Changing,Building Level 3,Whau,Whau,800000.0,3,0.0,0.0,1,Very Low,True,False,False,False,False,0,No elevated flag
park-1965,10468-B047-151,Piggots Camp Composting Toilet,Hunua Ranges Regional Park,Public Toilet,Building Level 3,Franklin,Franklin,450000.0,3,0.0,0.0,0,Not mapped,False,False,False,False,False,0,No elevated flag
park-1966,10383-B002-100,Murphy Park-Toilet,Murphy Park,Public Toilet,Building Level 3,Mangere-Otahuhu,Mangere-Otahuhu,450000.0,3,0.0,0.0,1,Very Low,True,False,False,False,False,0,No elevated flag
park-1968,10950-B010-151,NSMP Lucas View Exeloo,North Shore Memorial Park,Public Toilet,Building Level 3,Upper Harbour,Upper Harbour,450000.0,3,0.0,0.0,1,Very Low,True,False,False,False,False,0,No elevated flag
park-1969,33464-B002-151,Te Kori Scott Point Public Toilet,Te Kori Scott Point,Public Toilet,Building Level 3,Upper Harbour,Upper Harbour,450000.0,3,0.0,0.0,1,Damage Unlikely,True,False,False,False,False,0,No elevated flag
park-197,10497-B028-101,Toilet - Waharau Hall,Waharau Regional Park,Public Toilet,Building Level 3,Franklin,Franklin,450000.0,3,0.0,0.0,0,Not mapped,False,False,False,False,False,0,No elevated flag
park-1970,11169-B001-153,Massey Park Event Toilets,Massey Park - Papakura,Public Toilet,Building Level 3,Papakura,Papakura,450000.0,3,0.0,0.0,1,Damage Unlikely,True,False,False,False,False,0,No elevated flag
park-1972,10950-B011-151,NSMP Lucas View West Exeloo,North Shore Memorial Park,Public Toilet,Building Level 3,Upper Harbour,Upper Harbour,450000.0,3,0.0,0.0,1,Damage Unlikely,True,False,False,False,False,0,No elevated flag
park-1975,35560-B001-151,Toilet - Te Rimutahi,Te Rimutahi,Public Toilet,Building Level 3,Waitemata,Waitemata,450000.0,3,0.0,0.0,1,Very Low,True,False,False,False,False,0,No elevated flag
park-1976,11379-B005-100,Titirangi Book Bus - Temporary Library,Titirangi War Memorial,Library,Building Level 3,Waitakere Ranges,Waitakere Ranges,15000000.0,5,0.0,0.0,1,Very Low,True,False,False,False,False,0,No elevated flag
park-1977,10807-B011-151,Toilets-Adjacent to wetland & play area,Barry Curtis Park,Public Toilet,Building Level 3,Howick,Howick,450000.0,3,0.0,0.0,1,Damage Unlikely,True,False,False,False,False,0,No elevated flag
park-1979,10931-B005-151,Toilet Exeloo (Rosedale Park carpark),Rosedale Park,Public Toilet,Building Level 3,Upper Harbour,Upper Harbour,450000.0,3,0.0,0.0,1,Damage Unlikely,True,False,False,False,False,0,No elevated flag
park-1983,10302-B005-151,Portacom Changing rooms,Onetangi Sports Park (Rangihoua),Toilet/Changing,Building Level 3,Waiheke,Waiheke-Great Barrier,800000.0,3,0.0,0.0,1,Very Low,True,False,False,False,False,0,No elevated flag
park-1986,11169-B004-151,Massey Park Event Toilets,Massey Park - Papakura,Public Toilet,Building Level 3,Papakura,Papakura,450000.0,3,0.0,0.0,1,Damage Unlikely,True,False,False,False,False,0,No elevated flag
park-1988,10464-B034-152,Botanic Gardens Library - Toilet,Botanic Gardens Regional Park,Toilet/Changing,Building Level 3,Manurewa,Manurewa,800000.0,3,0.0,0.0,1,Very Low,True,False,False,False,False,0,No elevated flag
park-1989,35661-L100-230-EXW-001,PS_Playground,Reporepo Park,Unknown,Playground Location,Mangere-Otahuhu,Mangere-Otahuhu,300000.0,2,0.0,0.0,1,Damage Unlikely,True,False,False,False,False,0,No elevated flag
park-1990,10740-L100-230-EXW-002,PS_Playground,Kimpton Park,Playground Location,Playground Location,Otara-Papatoetoe,Otara-Papatoetoe,300000.0,2,0.0,0.0,1,Damage Unlikely,True,False,False,False,False,0,No elevated flag
park-1991,10820-L100-230-EXW-004,PS_Playground_Main,Stadium Reserve - Papatoetoe,Playground - Public Access,Playground Location,Otara-Papatoetoe,Otara-Papatoetoe,300000.0,2,0.0,0.0,1,Damage Unlikely,True,False,False,False,False,0,No elevated flag
park-1992,10194-B008-100,Toilets-Restricted sports access,Waikaraka Park,Toilet/Changing,Building Level 3,Maungakiekie-Tamaki,Maungakiekie-Tamaki,800000.0,3,0.0,0.0,1,Very Low,True,False,False,False,False,0,No elevated flag
park-1994,11430-B001-152,Changing Rooms (Brains Park)-South Side,Brains Park,Changing Shed,Building Level 3,Whau,Whau,650000.0,2,0.0,0.0,1,Damage Unlikely,True,False,False,False,False,0,No elevated flag
park-1995,10560-B001-152,Toilet-(Clarks Beach Recreation Reserve),Clarks Beach Rec Res and Golf Club,Public Toilet,Building Level 3,Franklin,Franklin,450000.0,3,0.0,0.0,1,Damage Unlikely,True,False,False,False,False,0,No elevated flag
park-1996,10194-B009-151,Toilet-(Waikaraka pk Spdway maintained),Waikaraka Park,Toilet/Changing,Building Level 3,Maungakiekie-Tamaki,Maungakiekie-Tamaki,800000.0,3,0.0,0.0,1,Very Low,True,False,False,False,False,0,No elevated flag
park-1998,10020-B007-151,Toilet-Panmure Lagoon,Panmure Basin/Peterson Reserve,Public Toilet,Building Level 3,Maungakiekie-Tamaki,Maungakiekie-Tamaki,450000.0,3,0.0,0.0,1,Very Low,True,False,False,False,False,0,No elevated flag
park-1999,10117-B003-151,Point Chevalier Library,Point Chevalier Library,Library,Building Level 3,Albert-Eden,Albert-Eden,15000000.0,5,0.0,0.0,1,Very Low,True,False,False,False,False,0,No elevated flag
park-2,10011-B001-156,Auckland Central Library - Lv 03,Auckland Central Library,Library,Building Level 3,Waitemata,Waitemata,15000000.0,5,0.0,0.0,1,Very Low,True,False,False,False,False,0,No elevated flag
park-20,10069-B008-151,Toilet - T22 (Ellerslie War Memorial),Streetscape - Orakei,Public Toilet,Building Level 3,Orakei,Orakei,450000.0,3,0.0,0.0,1,Very Low,True,False,False,False,False,0,No elevated flag
park-200,10536-B001-151,Toilet-(Patumahoe Recreation),Patumahoe Recreation Reserve,Public Toilet,Building Level 3,Franklin,Franklin,450000.0,3,0.0,0.0,1,Very Low,True,False,False,False,False,0,No elevated flag
park-2000,21651-L100-230-EXW-001,PS_Playground-Lenore Rd,Boggust Park,Playspace - Public Access,Playspace Location,Mangere-Otahuhu,Mangere-Otahuhu,400000.0,2,0.0,0.0,1,Damage Unlikely,True,False,False,False,False,0,No elevated flag
park-2001,10875-B005-152,Toilets -Tirakau park,Ti Rakau Park,Public Toilet,Building Level 3,Howick,Howick,450000.0,3,0.0,0.0,1,Damage Unlikely,True,False,False,False,False,0,No elevated flag
park-2002,10875-B005-151,Changing rooms Ti Rakau Park,Ti Rakau Park,Toilet/Changing,Building Level 3,Howick,Howick,800000.0,3,0.0,0.0,1,Damage Unlikely,True,False,False,False,False,0,No elevated flag
park-2003,b3514c68-37b9-488f-b8df-18cee28f3773,,,Playground - Public Access,Playground Location,Unknown,Unmapped / not supplied,300000.0,2,0.0,0.0,1,Damage Unlikely,True,False,False,False,False,0,No elevated flag
park-2004,10820-L100-230-EXW-006,PS_Courts_Tavern Lane,Stadium Reserve - Papatoetoe,Half Court - Public Access,Playspace Location,Otara-Papatoetoe,Otara-Papatoetoe,250000.0,2,0.0,0.0,1,Damage Unlikely,True,False,False,False,False,0,No elevated flag
park-2006,22476-B001-151,Toilet-New toilet Murrary Jones Reserve,Murray Jones Reserve,Public Toilet,Building Level 3,Rodney,Rodney,450000.0,3,0.0,0.0,1,Very Low,True,False,False,False,False,0,No elevated flag
park-2007,20390-B002-100,Public Toilet - Adjacent to 32,Coronation Rd Walkway,Public Toilet,Building Level 3,Mangere-Otahuhu,Mangere-Otahuhu,450000.0,3,0.0,0.0,1,Very Low,True,False,False,False,False,0,No elevated flag
park-2008,23359-B002-102,Northcote Public Convenience,Northcote Town Centre,Public Toilet,Building Level 3,Kaipatiki,Kaipatiki,450000.0,3,0.0,0.0,1,Very Low,True,False,False,False,False,0,No elevated flag
park-201,10540-B003-151,Public Toilet,Glenbrook Beach Boat Ramp Reserve,Public Toilet,Building Level 3,Franklin,Franklin,450000.0,3,0.0,0.0,1,Very Low,True,False,False,False,False,0,No elevated flag
park-2010,23359-B002-101,Northcote Library,Northcote Town Centre,Library,Building Level 3,Kaipatiki,Kaipatiki,15000000.0,5,0.0,0.0,1,Very Low,True,False,False,False,False,0,No elevated flag
park-2011,21645-B001-151,Toilet - Macpherson Reserve,Macpherson Reserve,Public Toilet,Building Level 3,Orakei,Orakei,450000.0,3,0.0,0.0,0,Not mapped,False,False,False,False,False,0,No elevated flag
park-2012,10739-B009-101,Changing Rooms,Papatoetoe Recreation Grounds,Changing Shed,Building Level 3,Otara-Papatoetoe,Otara-Papatoetoe,650000.0,2,0.0,0.0,1,Damage Unlikely,True,False,False,False,False,0,No elevated flag
park-2013,10179-B013-151,Maungawhau Toilet Tahaki Reserve,Maungawhau/Mount Eden,Public Toilet,Building Level 3,Albert-Eden,Albert-Eden,450000.0,3,0.0,0.0,1,Very Low,True,False,False,False,False,0,No elevated flag
park-2014,11054-B018-151,Birkenhead War Mem Park Toilet Block,Birkenhead War Memorial Park,Toilet/Changing,Building Level 3,Kaipatiki,Kaipatiki,800000.0,3,0.0,0.0,1,Very Low,True,False,False,False,False,0,No elevated flag
park-2015,20894-B001-151,Toilet_Turners Reserve,Turner Reserve,Public Toilet,Building Level 3,Puketapapa,Puketapapa,450000.0,3,0.0,0.0,1,Very Low,True,False,False,False,False,0,No elevated flag
park-2016,10739-B009-100,Toilets,Papatoetoe Recreation Grounds,Public Toilet,Building Level 3,Otara-Papatoetoe,Otara-Papatoetoe,450000.0,3,0.0,0.0,1,Damage Unlikely,True,False,False,False,False,0,No elevated flag
park-2017,35662-B001-100,Ormiston SC Library (3rd party),Ormiston SC Library (3rd Party),Library,Building Level 3,Howick,Howick,15000000.0,5,0.0,0.0,1,Damage Unlikely,True,False,False,False,False,0,No elevated flag
park-202,10513-B001-151,Toilet - Water tank - Mens,"Hunua Hall, Tennis & Netball Courts",Public Toilet,Building Level 3,Franklin,Franklin,450000.0,3,0.0,0.0,1,Damage Unlikely,True,False,False,False,False,0,No elevated flag
park-2020,21651-L100-230-EXW-001,PS_Playground-Lenore Rd,Boggust Park,Playspace - Public Access,Playspace Location,Mangere-Otahuhu,Mangere-Otahuhu,400000.0,2,0.0,0.0,1,Damage Unlikely,True,False,False,False,False,0,No elevated flag
park-2021,33650-B001-151,Toilet-Toilet in the reserve,Dinning Rd Esplanade Reserve-Provisional,Public Toilet,Building Level 3,Rodney,Rodney,450000.0,3,0.0,0.0,1,Very Low,True,False,False,False,False,0,No elevated flag
park-2022,21651-L100-230-EXW-001,PS_Playground-Lenore Rd,Boggust Park,Playspace - Public Access,Playspace Location,Mangere-Otahuhu,Mangere-Otahuhu,400000.0,2,0.0,0.0,1,Damage Unlikely,True,False,False,False,False,0,No elevated flag
park-203,10519-B001-102,Pukekohe Library,Franklin: The Centre Grounds,Library,Building Level 3,Franklin,Franklin,15000000.0,5,0.0,0.0,1,Very Low,True,False,False,False,False,0,No elevated flag
park-204,10308-B005-151,Toilet - H14 (By Duck Pond),Auckland Domain,Public Toilet,Building Level 3,Waitemata,Waitemata,450000.0,3,0.0,0.0,1,Very Low,True,False,False,False,False,0,No elevated flag
park-205,10308-B039-151,Toilet - H15 (Upper Sports Field),Auckland Domain,Public Toilet,Building Level 3,Waitemata,Waitemata,450000.0,3,0.0,0.0,1,Very Low,True,False,False,False,False,0,No elevated flag
park-206,10571-B001-151,Toilet-Heights Park Cemetery,Heights Park Cemetery,Public Toilet,Building Level 3,Franklin,Franklin,450000.0,3,0.0,0.0,1,Very Low,True,False,False,False,False,0,No elevated flag
park-207,10588-B016-151,Toilet-Top Flat Block (Lloyd Elsmore),Lloyd Elsmore Park,Public Toilet,Building Level 3,Howick,Howick,450000.0,3,0.0,0.0,1,Damage Unlikely,True,False,False,False,False,0,No elevated flag
park-208,10597-B001-152,Changing room area,Shelly Bay Reserve,Changing Shed,Building Level 3,Franklin,Franklin,650000.0,2,0.0,0.0,1,Damage Unlikely,True,False,False,False,False,0,No elevated flag
park-21,10072-B002-151,Toilet - T44 (Onehunga Mall),Streetscape - Maungakiekie-Tamaki,Public Toilet,Building Level 3,Maungakiekie-Tamaki,Maungakiekie-Tamaki,450000.0,3,0.0,0.0,1,Very Low,True,False,False,False,False,0,No elevated flag
park-211,10588-B017-151,Toilet-Rugby Club And Gym(Lloyd Elsmore),Lloyd Elsmore Park,Public Toilet,Building Level 3,Howick,Howick,450000.0,3,0.0,0.0,1,Damage Unlikely,True,False,False,False,False,0,No elevated flag
park-212,10588-B017-153,Changing Rooms Pakuranga Rugby Club,Lloyd Elsmore Park,Changing Shed,Building Level 3,Howick,Howick,650000.0,2,0.0,0.0,1,Damage Unlikely,True,False,False,False,False,0,No elevated flag
park-213,10591-B008-151,Toilet-Manukau Sports Bowl-Concourse,Manukau Sports Bowl & Velodrome,Public Toilet,Building Level 3,Otara-Papatoetoe,Otara-Papatoetoe,450000.0,3,0.0,0.0,1,Damage Unlikely,True,False,False,False,False,0,No elevated flag
park-214,10596-B001-151,Toilet-(Leabank Park),Leabank Park,Public Toilet,Building Level 3,Manurewa,Manurewa,450000.0,3,0.0,0.0,1,Damage Unlikely,True,False,False,False,False,0,No elevated flag
park-215,10597-B001-151,Shelly Beach Reserve - Toilet,Shelly Bay Reserve,Public Toilet,Building Level 3,Franklin,Franklin,450000.0,3,0.0,0.0,1,Damage Unlikely,True,False,False,False,False,0,No elevated flag
park-217,10612-B001-151,Toilet- Car Park(Greers Road Foreshore),Hazards Road Foreshore,Public Toilet,Building Level 3,Manurewa,Manurewa,450000.0,3,0.0,0.0,0,Not mapped,False,False,False,False,False,0,No elevated flag
park-219,10619-B007-151,Toilets,Walter Massey Park,Public Toilet,Building Level 3,Mangere-Otahuhu,Mangere-Otahuhu,450000.0,3,0.0,0.0,1,Damage Unlikely,True,False,False,False,False,0,No elevated flag
park-22,10073-B001-151,Toilet-T45 (6 Hall Ave Otahuhu),Streetscape - Mangere-Otahuhu,Public Toilet,Building Level 3,Mangere-Otahuhu,Mangere-Otahuhu,450000.0,3,0.0,0.0,1,Very Low,True,False,False,False,False,0,No elevated flag
park-220,10619-B009-151,Mangere East Library (New),Walter Massey Park,Library,Building Level 3,Mangere-Otahuhu,Mangere-Otahuhu,15000000.0,5,0.0,0.0,1,Damage Unlikely,True,False,False,False,False,0,No elevated flag
park-221,10619-B013-151,Toilet Change-Walter Massey-Soccer Club,Walter Massey Park,Public Toilet,Building Level 3,Mangere-Otahuhu,Mangere-Otahuhu,450000.0,3,0.0,0.0,1,Damage Unlikely,True,False,False,False,False,0,No elevated flag
park-223,10628-B002-151,Toilet - Exeloo,Manurewa Netball Complex,Public Toilet,Building Level 3,Manurewa,Manurewa,450000.0,3,0.0,0.0,1,Damage Unlikely,True,False,False,False,False,0,No elevated flag
park-224,10343-B001-151,Toilet - E7 (Pollard Park),Pollard Park,Public Toilet,Building Level 3,Albert-Eden,Albert-Eden,450000.0,3,0.0,0.0,1,Very Low,True,False,False,False,False,0,No elevated flag
park-225,10563-B002-151,Toilet-On Kitchener Rd,Centennial Park - Waiuku,Public Toilet,Building Level 3,Franklin,Franklin,450000.0,3,0.0,0.0,0,Not mapped,False,False,False,False,False,0,No elevated flag
park-226,10351-B001-151,Toilet (Owairaka Park),Owairaka Park,Public Toilet,Building Level 3,Albert-Eden,Albert-Eden,450000.0,3,0.0,0.0,1,Very Low,True,False,False,False,False,0,No elevated flag
park-227,10366-B002-151,Avondale Community Library,Avondale Library - Community Centre,Library,Building Level 3,Whau,Whau,15000000.0,5,0.0,0.0,1,Very Low,True,False,False,False,False,0,No elevated flag
park-228,10367-B001-151,Toilet - E13 (Hillsborough Park),Hillsborough Park,Public Toilet,Building Level 3,Puketapapa,Puketapapa,450000.0,3,0.0,0.0,1,Very Low,True,False,False,False,False,0,No elevated flag
park-229,10368-B001-151,CLSD_Toilet-W6 BHB REC Res Rathlin St,Blockhouse Bay Recreation Res,Public Toilet,Building Level 3,Whau,Whau,450000.0,3,0.0,0.0,1,Very Low,True,False,False,False,False,0,No elevated flag
park-23,10082-B013-151,Toilet - Wi14 (Onetangi-The Strand),Streetscape - Waiheke,Public Toilet,Building Level 3,Waiheke,Waiheke-Great Barrier,450000.0,3,0.0,0.0,1,Very Low,True,False,False,False,False,0,No elevated flag
park-230,10368-B004-151,Toilet/Chng Rm-W8 BHB REC Res-Terry St,Blockhouse Bay Recreation Res,Public Toilet,Building Level 3,Whau,Whau,450000.0,3,0.0,0.0,1,Very Low,True,False,False,False,False,0,No elevated flag
park-231,10368-B005-151,Toilet/Chng Rm-BHB REC Res-Exminster,Blockhouse Bay Recreation Res,Public Toilet,Building Level 3,Whau,Whau,450000.0,3,0.0,0.0,1,Very Low,True,False,False,False,False,0,No elevated flag
park-232,10619-B012-151,Toilet Change-Walter Massey Park Hain Av,Walter Massey Park,Public Toilet,Building Level 3,Mangere-Otahuhu,Mangere-Otahuhu,450000.0,3,0.0,0.0,1,Damage Unlikely,True,False,False,False,False,0,No elevated flag
park-233,10635-B001-151,Toilet-James Watson Park,James Watson Park,Public Toilet,Building Level 3,Otara-Papatoetoe,Otara-Papatoetoe,450000.0,3,0.0,0.0,1,Damage Unlikely,True,False,False,False,False,0,No elevated flag
park-235,10647-B001-151,Manurewa Town Centre Toilet Block,Manurewa Library Complex Grounds,Public Toilet,Building Level 3,Manurewa,Manurewa,450000.0,3,0.0,0.0,1,Damage Unlikely,True,False,False,False,False,0,No elevated flag
park-236,10396-B004-151,Toilet - W21 (Rocketpark),Mt Albert War Memorial Reserve,Public Toilet,Building Level 3,Albert-Eden,Albert-Eden,450000.0,3,0.0,0.0,1,Very Low,True,False,False,False,False,0,No elevated flag
park-237,10408-B002-151,Toilet - H32 (Crossfield Reserve),Crossfield Reserve,Public Toilet,Building Level 3,Orakei,Orakei,450000.0,3,0.0,0.0,1,Very Low,True,False,False,False,False,0,No elevated flag
park-24,10082-B014-151,Toilet - Wi19 Stony Batter,Streetscape - Waiheke,Public Toilet,Building Level 3,Waiheke,Waiheke-Great Barrier,450000.0,3,0.0,0.0,1,Very Low,True,False,False,False,False,0,No elevated flag
park-240,10446-B001-151,Toilet - W5 (Gittos Domain),Gittos Domain,Public Toilet,Building Level 3,Whau,Whau,450000.0,3,0.0,0.0,1,Very Low,True,False,False,False,False,0,No elevated flag
park-242,10466-B012-151,Main Entrance Toilet,Atiu Creek Regional Park,Public Toilet,Building Level 3,Rodney,Rodney,450000.0,3,0.0,0.0,1,Very Low,True,False,False,False,False,0,No elevated flag
park-243,10652-B001-151,Craigs Beach (Omana)Toilet & Chge Block,Omana Esplanade,Public Toilet,Building Level 3,Franklin,Franklin,450000.0,3,0.0,0.0,1,Very Low,True,False,False,False,False,0,No elevated flag
park-244,10659-B001-101,Manurewa War Memorial Grandstand Toilets,Manurewa War Memorial Park,Public Toilet,Building Level 3,Manurewa,Manurewa,450000.0,3,0.0,0.0,1,Damage Unlikely,True,False,False,False,False,0,No elevated flag
park-245,10662-B001-151,Finlayson Avenue Toilets,Finlayson Ave Reserve,Public Toilet,Building Level 3,Manurewa,Manurewa,450000.0,3,0.0,0.0,1,Damage Unlikely,True,False,False,False,False,0,No elevated flag
park-246,10674-B001-151,Dawson Road Toilet Block,Dawson Road 112,Public Toilet,Building Level 3,Otara-Papatoetoe,Otara-Papatoetoe,450000.0,3,0.0,0.0,1,Damage Unlikely,True,False,False,False,False,0,No elevated flag
park-247,10687-B004-151,Mountfort Park Toilets,Mountfort Park,Public Toilet,Building Level 3,Manurewa,Manurewa,450000.0,3,0.0,0.0,1,Damage Unlikely,True,False,False,False,False,0,No elevated flag
park-248,10692-B002-151,Paparoa Park Toilets,Paparoa Park,Public Toilet,Building Level 3,Howick,Howick,450000.0,3,0.0,0.0,1,Very Low,True,False,False,False,False,0,No elevated flag
park-249,10702-B001-151,Toilet-(Waiomanu Reserve)Opposite Wharf.,Waiomanu Reserve (aka Magazine Bay),Public Toilet,Building Level 3,Franklin,Franklin,450000.0,3,0.0,0.0,1,Very Low,True,False,False,False,False,0,No elevated flag
park-25,10048-B002-151,Toilet (Heron Park ),Heron Park,Public Toilet,Building Level 3,Albert-Eden,Albert-Eden,450000.0,3,0.0,0.0,1,Very Low,True,False,False,False,False,0,No elevated flag
park-250,10714-B002-151,Ngati Otara Park Toilets,Ngati Otara Park,Public Toilet,Building Level 3,Otara-Papatoetoe,Otara-Papatoetoe,450000.0,3,0.0,0.0,1,Damage Unlikely,True,False,False,False,False,0,No elevated flag
park-251,10743-B001-151,Cashmore Bay Toilet/Chg Rms (Waiti Bay),Waiti Bay Reserve,Public Toilet,Building Level 3,Franklin,Franklin,450000.0,3,0.0,0.0,1,Very Low,True,False,False,False,False,0,No elevated flag
park-252,10745-B001-151,Toilet-(Jellicoe Park),Jellicoe Park,Public Toilet,Building Level 3,Manurewa,Manurewa,450000.0,3,0.0,0.0,1,Damage Unlikely,True,False,False,False,False,0,No elevated flag
park-254,10766-B004-103,Mangere Town Centre Library,Mangere Town Centre Grounds,Library,Building Level 3,Mangere-Otahuhu,Mangere-Otahuhu,15000000.0,5,0.0,0.0,1,Damage Unlikely,True,False,False,False,False,0,No elevated flag
park-257,10787-B002-151,Toilet-Prices Road-Puhinui Reserve,Puhinui Reserve,Public Toilet,Building Level 3,Otara-Papatoetoe,Otara-Papatoetoe,450000.0,3,0.0,0.0,1,Damage Unlikely,True,False,False,False,False,0,No elevated flag
park-26,10050-B002-151,Coyle Park Public Toilet,Coyle Park,Public Toilet,Building Level 3,Albert-Eden,Albert-Eden,450000.0,3,0.0,0.0,1,Very Low,True,False,False,False,False,0,No elevated flag
park-260,10800-B001-151,Pakuranga Library,Pakuranga Town Centre and Library,Library,Building Level 3,Howick,Howick,15000000.0,5,0.0,0.0,1,Damage Unlikely,True,False,False,False,False,0,No elevated flag
park-261,10800-B001-152,Pakuranga T/Ctr Toilet Block (Library),Pakuranga Town Centre and Library,Public Toilet,Building Level 3,Howick,Howick,450000.0,3,0.0,0.0,1,Damage Unlikely,True,False,False,False,False,0,No elevated flag
park-262,10817-B001-151,Grangers Point Toilet Block,Bucklands Beach,Public Toilet,Building Level 3,Howick,Howick,450000.0,3,0.0,0.0,1,Very Low,True,False,False,False,False,0,No elevated flag
park-265,10842-B001-151,Beachlands Library,Beachlands Library,Library Rural,Building Level 3,Franklin,Franklin,5000000.0,4,0.0,0.0,1,Damage Unlikely,True,False,False,False,False,0,No elevated flag
park-267,10870-B002-151,Level 1 Research Centre,Manukau Library - Third Party,Library,Building Level 3,Otara-Papatoetoe,Otara-Papatoetoe,15000000.0,5,0.0,0.0,1,Damage Unlikely,True,False,False,False,False,0,No elevated flag
park-268,10899-B002-151,Howick Library (New),Howick Library,Library,Building Level 3,Howick,Howick,15000000.0,5,0.0,0.0,1,Very Low,True,False,False,False,False,0,No elevated flag
park-27,10057-B001-101,Parnell Community Library,Jubilee Building - Third Party,Library,Building Level 3,Waitemata,Waitemata,15000000.0,5,0.0,0.0,1,Very Low,True,False,False,False,False,0,No elevated flag
park-270,10906-B001-153,Whitford Pavilion Hall - Ladies Toilet,Whitford War Memorial Domain,Public Toilet,Building Level 3,Franklin,Franklin,450000.0,3,0.0,0.0,1,Very Low,True,False,False,False,False,0,No elevated flag
park-271,10924-B002-151,Tui Park Public Toilets,Tui Park,Public Toilet,Building Level 3,Kaipatiki,Kaipatiki,450000.0,3,0.0,0.0,1,Very Low,True,False,False,False,False,0,No elevated flag
park-272,10925-B002-151,Stafford Park Public Toilets,Stafford Park,Public Toilet,Building Level 3,Kaipatiki,Kaipatiki,450000.0,3,0.0,0.0,1,Very Low,True,False,False,False,False,0,No elevated flag
park-273,10940-B001-156,Research Centre - Level 01,Takapuna Library/War Memorial Hall,Library,Building Level 3,Devonport-Takapuna,Devonport-Takapuna,15000000.0,5,0.0,0.0,1,Damage Unlikely,True,False,False,False,False,0,No elevated flag
park-274,10466-B017-151,Campground Toilet,Atiu Creek Regional Park,Public Toilet,Building Level 3,Rodney,Rodney,450000.0,3,0.0,0.0,1,Very Low,True,False,False,False,False,0,No elevated flag
park-275,10467-B009-151,Event Paddock Vault Toilet - Oman,O Manawatere Regional Park,Public Toilet,Building Level 3,Franklin,Franklin,450000.0,3,0.0,0.0,1,Very Low,True,False,False,False,False,0,No elevated flag
park-276,10468-B004-151,Kokako Lodge Toilets-Hunua,Hunua Ranges Regional Park,Public Toilet,Building Level 3,Franklin,Franklin,450000.0,3,0.0,0.0,1,Damage Unlikely,True,False,False,False,False,0,No elevated flag
park-277,10468-B011-151,Mangatawhiri Toilets,Hunua Ranges Regional Park,Public Toilet,Building Level 3,Franklin,Franklin,450000.0,3,0.0,0.0,0,Not mapped,False,False,False,False,False,0,No elevated flag
park-278,10468-B033-151,Compost Toilet Rptr Camp (Remote Site),Hunua Ranges Regional Park,Public Toilet,Building Level 3,Franklin,Franklin,450000.0,3,0.0,0.0,1,Very Low,True,False,False,False,False,0,No elevated flag
park-28,10062-B001-151,Toilet Wi21 - Espl Onetangi Homersham,Homersham Reserve,Public Toilet,Building Level 3,Waiheke,Waiheke-Great Barrier,450000.0,3,0.0,0.0,1,Very Low,True,False,False,False,False,0,No elevated flag
park-281,10470-B014-151,Main Carpark Toilet-Awhi,Awhitu Regional Park,Public Toilet,Building Level 3,Franklin,Franklin,450000.0,3,0.0,0.0,1,Very Low,True,False,False,False,False,0,No elevated flag
park-282,10472-B007-151,Entry Toilet Block-Whlm,Maungatauhoro/Wenderholm Regional Park,Public Toilet,Building Level 3,Rodney,Rodney,450000.0,3,0.0,0.0,1,Very Low,True,False,False,False,False,0,No elevated flag
park-283,10474-B014-151,Toilet Mita Bay Camp - Mahu,Mahurangi Regional Park,Public Toilet,Building Level 3,Rodney,Rodney,450000.0,3,0.0,0.0,1,Very Low,True,False,False,False,False,0,No elevated flag
park-284,10474-B019-151,Toilet Sullivans Main - Mahu,Mahurangi Regional Park,Public Toilet,Building Level 3,Rodney,Rodney,450000.0,3,0.0,0.0,1,Very Low,True,False,False,False,False,0,No elevated flag
park-285,10474-B020-151,Toilet Sullivans Camp - Mahu,Mahurangi Regional Park,Public Toilet,Building Level 3,Rodney,Rodney,450000.0,3,0.0,0.0,1,Very Low,True,False,False,False,False,0,No elevated flag
park-286,10950-B002-151,NSMP Public Toilets (Adj. Main Bldg),North Shore Memorial Park,Public Toilet,Building Level 3,Upper Harbour,Upper Harbour,450000.0,3,0.0,0.0,1,Damage Unlikely,True,False,False,False,False,0,No elevated flag
park-287,10476-B005-151,Toilet Block - Scan,Scandrett Regional Park,Public Toilet,Building Level 3,Rodney,Rodney,450000.0,3,0.0,0.0,1,Very Low,True,False,False,False,False,0,No elevated flag
park-288,10480-B001-151,Vault Toilet Camp Bay 2 - Tawh,Tawharanui Regional Park,Public Toilet,Building Level 3,Rodney,Rodney,450000.0,3,0.0,0.0,1,Very Low,True,False,False,False,False,0,No elevated flag
park-289,10480-B002-151,Vault Toilet Camp Bay 3 - Tawh,Tawharanui Regional Park,Public Toilet,Building Level 3,Rodney,Rodney,450000.0,3,0.0,0.0,1,Very Low,True,False,False,False,False,0,No elevated flag
park-29,10069-B009-151,Toilet - H48 (Clonbern Rd),Streetscape - Orakei,Public Toilet,Building Level 3,Orakei,Orakei,450000.0,3,0.0,0.0,1,Damage Unlikely,True,False,False,False,False,0,No elevated flag
park-290,10480-B004-151,Vault Toilet Camp Bay 5 - Tawh,Tawharanui Regional Park,Public Toilet,Building Level 3,Rodney,Rodney,450000.0,3,0.0,0.0,1,Very Low,True,False,False,False,False,0,No elevated flag
park-291,10480-B008-151,Vault Toilet Camp Bay 1 - Tawh,Tawharanui Regional Park,Public Toilet,Building Level 3,Rodney,Rodney,450000.0,3,0.0,0.0,1,Very Low,True,False,False,False,False,0,No elevated flag
park-293,11031-B001-153,Kaipatiki Library,"Glenfield Service Centre,Board Office,",Library,Building Level 3,Kaipatiki,Kaipatiki,15000000.0,5,0.0,0.0,1,Very Low,True,False,False,False,False,0,No elevated flag
park-294,11054-B009-151,Birkenhead War Mem Park Public Toilet,Birkenhead War Memorial Park,Public Toilet,Building Level 3,Kaipatiki,Kaipatiki,450000.0,3,0.0,0.0,1,Very Low,True,False,False,False,False,0,No elevated flag
park-295,11066-B001-151,Kennedy Park Exeloo,Kennedy Park,Public Toilet,Building Level 3,Devonport-Takapuna,Devonport-Takapuna,450000.0,3,0.0,0.0,1,Very Low,True,False,False,False,False,0,No elevated flag
park-297,11141-B002-151,Bayswater Park Exeloo,Bayswater Park,Public Toilet,Building Level 3,Devonport-Takapuna,Devonport-Takapuna,450000.0,3,0.0,0.0,1,Very Low,True,False,False,False,False,0,No elevated flag
park-299,11145-B004-100,Sir Edmund Hillary Library (Papakura),Papakura Library & Museum - Third Party,Library,Building Level 3,Papakura,Papakura,15000000.0,5,0.0,0.0,1,Damage Unlikely,True,False,False,False,False,0,No elevated flag
park-30,10070-B007-151,Toilet - E18 (366 Mt Albert Rd),Streetscape - Puketapapa,Public Toilet,Building Level 3,Puketapapa,Puketapapa,450000.0,3,0.0,0.0,1,Very Low,True,False,False,False,False,0,No elevated flag
park-300,10662-B001-152,Finlayson Avenue Change Rooms,Finlayson Ave Reserve,Changing Shed,Building Level 3,Manurewa,Manurewa,650000.0,2,0.0,0.0,1,Damage Unlikely,True,False,False,False,False,0,No elevated flag
park-301,10677-B002-151,"Toilets (Under Sea Rescue), Howick Beach",Howick Beach,Public Toilet,Building Level 3,Howick,Howick,450000.0,3,0.0,0.0,1,Very Low,True,False,False,False,False,0,No elevated flag
park-302,10679-B001-152,Elm Park Toilets,Elm Park,Changing Shed,Building Level 3,Howick,Howick,650000.0,2,0.0,0.0,1,Damage Unlikely,True,False,False,False,False,0,No elevated flag
park-303,11169-B001-152,Toilet within grandstand,Massey Park - Papakura,Public Toilet,Building Level 3,Papakura,Papakura,450000.0,3,0.0,0.0,1,Damage Unlikely,True,False,False,False,False,0,No elevated flag
park-304,11180-B008-151,Toilet-(Central Park Reserve),Central Park Reserve,Public Toilet,Building Level 3,Papakura,Papakura,450000.0,3,0.0,0.0,1,Damage Unlikely,True,False,False,False,False,0,No elevated flag
park-306,11187-B001-151,Toilet- (Drury Sports Complex),Drury Sports Complex,Public Toilet,Building Level 3,Papakura,Papakura,450000.0,3,0.0,0.0,1,Damage Unlikely,True,False,False,False,False,0,No elevated flag
park-307,11192-B001-152,Southern Park Changing Rooms,Southern Park,Changing Shed,Building Level 3,Papakura,Papakura,650000.0,2,0.0,0.0,1,Damage Unlikely,True,False,False,False,False,0,No elevated flag
park-308,11199-B001-151,Toilet-East of scout group building,Pahurehure Esplanade Reserve,Public Toilet,Building Level 3,Papakura,Papakura,450000.0,3,0.0,0.0,1,Damage Unlikely,True,False,False,False,False,0,No elevated flag
park-309,11201-B001-151,Toilet-Huapai Recreation Reserve,Huapai Recreation Reserve,Public Toilet,Building Level 3,Rodney,Rodney,450000.0,3,0.0,0.0,1,Damage Unlikely,True,False,False,False,False,0,No elevated flag
park-31,10072-B008-151,Toilet - T31(2-4 Campbell Rd),Streetscape - Maungakiekie-Tamaki,Public Toilet,Building Level 3,Maungakiekie-Tamaki,Maungakiekie-Tamaki,450000.0,3,0.0,0.0,1,Very Low,True,False,False,False,False,0,No elevated flag
park-310,11205-B001-151,Toilet-(Riverhead War Memorial Park),Riverhead War Memorial Park,Public Toilet,Building Level 3,Rodney,Rodney,450000.0,3,0.0,0.0,1,Damage Unlikely,True,False,False,False,False,0,No elevated flag
park-311,10691-B004-151,East Tamaki Reserve Toilets,East Tamaki Reserve,Public Toilet,Building Level 3,Otara-Papatoetoe,Otara-Papatoetoe,450000.0,3,0.0,0.0,1,Damage Unlikely,True,False,False,False,False,0,No elevated flag
park-312,10692-B002-153,Paparoa Park Change Rooms,Paparoa Park,Changing Shed,Building Level 3,Howick,Howick,650000.0,2,0.0,0.0,1,Very Low,True,False,False,False,False,0,No elevated flag
park-313,10701-B002-151,Moore Street Public Toilet,Moore Street 27 - Ex-Library,Public Toilet,Building Level 3,Howick,Howick,450000.0,3,0.0,0.0,1,Very Low,True,False,False,False,False,0,No elevated flag
park-314,10710-B003-152,Changing Rooms,Meadowland Park,Changing Shed,Building Level 3,Howick,Howick,650000.0,2,0.0,0.0,1,Damage Unlikely,True,False,False,False,False,0,No elevated flag
park-315,10715-B002-151,Clevedon Library,Clevedon Community Centre Grounds,Library Rural,Building Level 3,Franklin,Franklin,5000000.0,4,0.0,0.0,1,Damage Unlikely,True,False,False,False,False,0,No elevated flag
park-316,10729-B001-151,Toilet-Robert White Park,Robert White Park,Public Toilet,Building Level 3,Otara-Papatoetoe,Otara-Papatoetoe,450000.0,3,0.0,0.0,1,Damage Unlikely,True,False,False,False,False,0,No elevated flag
park-32,10082-B012-151,Toilet - Wi7 (Miami Ave),Streetscape - Waiheke,Public Toilet,Building Level 3,Waiheke,Waiheke-Great Barrier,450000.0,3,0.0,0.0,1,Very Low,True,False,False,False,False,0,No elevated flag
park-320,11225-B002-151,Toilet-S(Leigh Hall Grounds) South East,Leigh Hall Grounds,Public Toilet,Building Level 3,Rodney,Rodney,450000.0,3,0.0,0.0,1,Very Low,True,False,False,False,False,0,No elevated flag
park-322,11247-B001-102,Warkworth Main Library Area,Warkworth Service Centre & Library Grou.,Library,Building Level 3,Rodney,Rodney,15000000.0,5,0.0,0.0,1,Very Low,True,False,False,False,False,0,No elevated flag
park-323,10746-B001-151,Toilet-West end of main carpark,Jack Lachlan Drive Esplanade Reserve,Public Toilet,Building Level 3,Franklin,Franklin,450000.0,3,0.0,0.0,0,Not mapped,False,False,False,False,False,0,No elevated flag
park-324,10757-B007-151,Moana-Nui-a-Kiwa Toilets,Moana-Nui-a-Kiwa Pool & Leisure Centre,Public Toilet,Building Level 3,Mangere-Otahuhu,Mangere-Otahuhu,450000.0,3,0.0,0.0,1,Damage Unlikely,True,False,False,False,False,0,No elevated flag
park-325,10760-B002-151,Mangere Bridge Library,Swanson Park,Library,Building Level 3,Mangere-Otahuhu,Mangere-Otahuhu,15000000.0,5,0.0,0.0,1,Very Low,True,False,False,False,False,0,No elevated flag
park-326,10766-B003-151,Toilet-Mangere Town Centre,Mangere Town Centre Grounds,Public Toilet,Building Level 3,Mangere-Otahuhu,Mangere-Otahuhu,450000.0,3,0.0,0.0,1,Damage Unlikely,True,False,False,False,False,0,No elevated flag
park-327,10789-B002-151,Toilet-Manukau Memorial Gardens-By depot,Manukau Memorial Gardens,Public Toilet,Building Level 3,Otara-Papatoetoe,Otara-Papatoetoe,450000.0,3,0.0,0.0,1,Damage Unlikely,True,False,False,False,False,0,No elevated flag
park-328,10807-B009-151,Toilets - By Sthrn sports fields,Barry Curtis Park,Public Toilet,Building Level 3,Howick,Howick,450000.0,3,0.0,0.0,1,Damage Unlikely,True,False,False,False,False,0,No elevated flag
park-329,10822-B002-151,Toilet-Kohuora Park-Station Rd,Kohuora Park,Public Toilet,Building Level 3,Otara-Papatoetoe,Otara-Papatoetoe,450000.0,3,0.0,0.0,1,Very Low,True,False,False,False,False,0,No elevated flag
park-330,10874-B001-100,Toilet - Port-a-loo,Mangemangeroa Reserve,Public Toilet,Building Level 3,Howick,Howick,450000.0,3,0.0,0.0,1,Very Low,True,False,False,False,False,0,No elevated flag
park-333,10906-B001-152,Whitford Pavilion Hall - Mens Toilet,Whitford War Memorial Domain,Public Toilet,Building Level 3,Franklin,Franklin,450000.0,3,0.0,0.0,1,Very Low,True,False,False,False,False,0,No elevated flag
park-338,10930-B001-151,Toilet-Concrete Block (Wainoni Park Nth),Wainoni Park North,Public Toilet,Building Level 3,Upper Harbour,Upper Harbour,450000.0,3,0.0,0.0,1,Damage Unlikely,True,False,False,False,False,0,No elevated flag
park-339,10933-B001-151,Kell Park Public Toilets,Kell Park,Public Toilet,Building Level 3,Upper Harbour,Upper Harbour,450000.0,3,0.0,0.0,1,Damage Unlikely,True,False,False,False,False,0,No elevated flag
park-34,10004-B002-151,Toilet - W46 ( Walker Park),Walker Park,Public Toilet,Building Level 3,Albert-Eden,Albert-Eden,450000.0,3,0.0,0.0,1,Very Low,True,False,False,False,False,0,No elevated flag
park-340,10938-B001-151,Albany Domain Public Toilet,Albany Domain,Public Toilet,Building Level 3,Upper Harbour,Upper Harbour,450000.0,3,0.0,0.0,1,Damage Unlikely,True,False,False,False,False,0,No elevated flag
park-341,10941-B002-117,Birkenhead Library,Nell Fisher Reserve,Library,Building Level 3,Kaipatiki,Kaipatiki,15000000.0,5,0.0,0.0,1,Very Low,True,False,False,False,False,0,No elevated flag
park-342,11346-B001-100,Toilet-(Rene Shadbolt) facing carpark,Sister Rene Shadbolt Park,Public Toilet,Building Level 3,Whau,Whau,450000.0,3,0.0,0.0,1,Damage Unlikely,True,False,False,False,False,0,No elevated flag
park-343,11346-B001-101,Change Rm-(Rene Shadbolt) facing carpark,Sister Rene Shadbolt Park,Changing Shed,Building Level 3,Whau,Whau,650000.0,2,0.0,0.0,1,Damage Unlikely,True,False,False,False,False,0,No elevated flag
park-344,11370-B001-151,Waiatarua Library,Waiatarua Reserve - Waiatarua,Library Rural,Building Level 3,Waitakere Ranges,Waitakere Ranges,5000000.0,4,0.0,0.0,1,Very Low,True,False,False,False,False,0,No elevated flag
park-345,11374-B003-151,Toilet-(Triangle Park),Triangle Park,Public Toilet,Building Level 3,Henderson-Massey,Henderson-Massey,450000.0,3,0.0,0.0,1,Very Low,True,False,False,False,False,0,No elevated flag
park-347,10950-B001-151,NSMP Exeloo,North Shore Memorial Park,Public Toilet,Building Level 3,Upper Harbour,Upper Harbour,450000.0,3,0.0,0.0,1,Damage Unlikely,True,False,False,False,False,0,No elevated flag
park-348,11430-B001-151,Toilet-(Brains Park)- South Side,Brains Park,Public Toilet,Building Level 3,Whau,Whau,450000.0,3,0.0,0.0,1,Damage Unlikely,True,False,False,False,False,0,No elevated flag
park-35,10014-B001-151,Toilet - W54 45 Wingate Street,Wingate Reserve,Public Toilet,Building Level 3,Whau,Whau,450000.0,3,0.0,0.0,1,Damage Unlikely,True,False,False,False,False,0,No elevated flag
park-350,11455-B001-100,Barron Green Toilet/Storage,Barron Green,Public Toilet,Building Level 3,Whau,Whau,450000.0,3,0.0,0.0,1,Very Low,True,False,False,False,False,0,No elevated flag
park-351,11459-B003-152,Henderson Library - Level 02 Research C,Waitakere Lib Cpark Bldg & Cab,Library,Building Level 3,Henderson-Massey,Henderson-Massey,15000000.0,5,0.0,0.0,1,Damage Unlikely,True,False,False,False,False,0,No elevated flag
park-352,11459-B003-153,Henderson Library - Level 03 Research C,Waitakere Lib Cpark Bldg & Cab,Library,Building Level 3,Henderson-Massey,Henderson-Massey,15000000.0,5,0.0,0.0,1,Damage Unlikely,True,False,False,False,False,0,No elevated flag
park-353,11469-B002-151,Toilet-(Harold Moody Reserve),Harold Moody Reserve Duck Park,Public Toilet,Building Level 3,Waitakere Ranges,Waitakere Ranges,450000.0,3,0.0,0.0,1,Damage Unlikely,True,False,False,False,False,0,No elevated flag
park-356,21147-B001-151,Takapuna Rose Gardens Toilets - Exeloo,Takapuna Rose Gardens - Potters,Public Toilet,Building Level 3,Devonport-Takapuna,Devonport-Takapuna,450000.0,3,0.0,0.0,1,Very Low,True,False,False,False,False,0,No elevated flag
park-357,20023-B002-151,Toilet- (Matakawau Point Reserve),Matakawau Point Reserve,Public Toilet,Building Level 3,Franklin,Franklin,450000.0,3,0.0,0.0,1,Very Low,True,False,False,False,False,0,No elevated flag
park-358,20026-B001-151,Bath Street Public Toilets,Bath Street Reserve,Public Toilet,Building Level 3,Devonport-Takapuna,Devonport-Takapuna,450000.0,3,0.0,0.0,1,Very Low,True,False,False,False,False,0,No elevated flag
park-359,20033-B001-151,Roseland Toilets,Roseland Toilets,Public Toilet,Building Level 3,Papakura,Papakura,450000.0,3,0.0,0.0,1,Damage Unlikely,True,False,False,False,False,0,No elevated flag
park-360,20055-B001-151,Hall Street Beach Public Toilets,Halls Beach - Northcote Point,Public Toilet,Building Level 3,Kaipatiki,Kaipatiki,450000.0,3,0.0,0.0,1,Very Low,True,False,False,False,False,0,No elevated flag
park-361,20114-B101-151,Northcote Shops Kilham Avenue Exeloo,Streetscape - Kaipatiki,Public Toilet,Building Level 3,Kaipatiki,Kaipatiki,450000.0,3,0.0,0.0,1,Very Low,True,False,False,False,False,0,No elevated flag
park-362,20120-B001-151,Jack Hinton Drive - Exeloo (Toilet),Streetscape - Upper Harbour,Public Toilet,Building Level 3,Upper Harbour,Upper Harbour,450000.0,3,0.0,0.0,1,Damage Unlikely,True,False,False,False,False,0,No elevated flag
park-363,20224-B001-152,Changing room area,Waiuku Sports Park,Changing Shed,Building Level 3,Franklin,Franklin,650000.0,2,0.0,0.0,1,Damage Unlikely,True,False,False,False,False,0,No elevated flag
park-365,20452-B001-151,Toilet - G14 (Okupu Beach Esplanade Rese,Okupu Reserve 1,Public Toilet,Building Level 3,Aotea/Great Barrier,Waiheke-Great Barrier,450000.0,3,0.0,0.0,1,Very Low,True,False,False,False,False,0,No elevated flag
park-366,20594-B001-151,Toilet-To Left Of Carpark.,Greenmount Park,Public Toilet,Building Level 3,Howick,Howick,450000.0,3,0.0,0.0,1,Very Low,True,False,False,False,False,0,No elevated flag
park-367,20611-B002-151,Toilet - Wi3 (Oneroa Village),Oneroa Beach Reserve,Public Toilet,Building Level 3,Waiheke,Waiheke-Great Barrier,450000.0,3,0.0,0.0,1,Very Low,True,False,False,False,False,0,No elevated flag
park-371,20853-B001-151,Toilet-Adj To S End Of Carpark,Luckens Reserve,Public Toilet,Building Level 3,Upper Harbour,Upper Harbour,450000.0,3,0.0,0.0,1,Damage Unlikely,True,False,False,False,False,0,No elevated flag
park-374,21507-B001-151,Toilet- (Pioneer Park),Pioneer Park,Public Toilet,Building Level 3,Henderson-Massey,Henderson-Massey,450000.0,3,0.0,0.0,1,Damage Unlikely,True,False,False,False,False,0,No elevated flag
park-375,21624-B001-151,Toilet-Avondale Racecourse Ash Street,Avondale Racecourse - Third Party,Public Toilet,Building Level 3,Whau,Whau,450000.0,3,0.0,0.0,1,Damage Unlikely,True,False,False,False,False,0,No elevated flag
park-376,21734-B001-151,Ray Small Park Toilet by Car Park,Ray Small Park,Public Toilet,Building Level 3,Papakura,Papakura,450000.0,3,0.0,0.0,1,Damage Unlikely,True,False,False,False,False,0,No elevated flag
park-38,10037-B002-151,Toilet - H45 (Gladstone Park),Gladstone Park,Public Toilet,Building Level 3,Waitemata,Waitemata,450000.0,3,0.0,0.0,1,Very Low,True,False,False,False,False,0,No elevated flag
park-382,22161-B001-151,Lynn Reserve Exeloo Toilets,Lynn Reserve,Public Toilet,Building Level 3,Kaipatiki,Kaipatiki,450000.0,3,0.0,0.0,1,Damage Unlikely,True,False,False,False,False,0,No elevated flag
park-386,22297-B001-151,Toilet&Changeroom-Ashley Reserve,Ashley Reserve,Public Toilet,Building Level 3,Hibiscus and Bays,Hibiscus and Bays,450000.0,3,0.0,0.0,1,Very Low,True,False,False,False,False,0,No elevated flag
park-387,22308-B004-151,Public Toilet (Mahurangi Rugby Club),Warkworth Showgrounds,Public Toilet,Building Level 3,Rodney,Rodney,450000.0,3,0.0,0.0,1,Very Low,True,False,False,False,False,0,No elevated flag
park-389,22364-B001-151,Toilet-Next To Carpark 50m From,Mangakura Reserve,Public Toilet,Building Level 3,Rodney,Rodney,450000.0,3,0.0,0.0,1,Very Low,True,False,False,False,False,0,No elevated flag
park-39,10050-B002-152,Coyle Park Public Changing Rooms,Coyle Park,Changing Shed,Building Level 3,Albert-Eden,Albert-Eden,650000.0,2,0.0,0.0,1,Very Low,True,False,False,False,False,0,No elevated flag
park-390,22398-B151-100,Helensville Library,Helensville Civic Centre Grounds,Library,Building Level 3,Rodney,Rodney,15000000.0,5,0.0,0.0,1,Damage Unlikely,True,False,False,False,False,0,No elevated flag
park-395,22553-B001-151,Toilet- (Te Atatu South Park),Te Atatu South Park,Public Toilet,Building Level 3,Henderson-Massey,Henderson-Massey,450000.0,3,0.0,0.0,1,Damage Unlikely,True,False,False,False,False,0,No elevated flag
park-396,22725-B001-151,Keri Downs Toilets,Keri Downs Park,Public Toilet,Building Level 3,Papakura,Papakura,450000.0,3,0.0,0.0,1,Very Low,True,False,False,False,False,0,No elevated flag
park-399,10482-B014-151,Seaview Campground Toilet-Tapa,Tapapakanga Regional Park,Public Toilet,Building Level 3,Franklin,Franklin,450000.0,3,0.0,0.0,1,Damage Unlikely,True,False,False,False,False,0,No elevated flag
park-40,10055-B002-101,Mount Roskill Community Library,"Three Kings Resv, incl Fickling,Metrowat",Library,Building Level 3,Puketapapa,Puketapapa,15000000.0,5,0.0,0.0,1,Very Low,True,False,False,False,False,0,No elevated flag
park-401,10484-B012-151,Maukatia/Maori Bay Womens,Muriwai Regional Park,Public Toilet,Building Level 3,Rodney,Rodney,450000.0,3,0.0,0.0,1,Very Low,True,False,False,False,False,0,No elevated flag
park-404,10485-B025-151,Vault Toilet Anawhata Rd End - Wtkw,Waitakere West Regional Park,Public Toilet,Building Level 3,Waitakere Ranges,Waitakere Ranges,450000.0,3,0.0,0.0,1,Very Low,True,False,False,False,False,0,No elevated flag
park-405,10485-B028-151,Vault Toilet Mc Creadies Pdk - Wtkw,Waitakere West Regional Park,Public Toilet,Building Level 3,Waitakere Ranges,Waitakere Ranges,450000.0,3,0.0,0.0,1,Very Low,True,False,False,False,False,0,No elevated flag
park-406,10485-B033-151,Vault Toilet - Craw Homestead -Wtkw,Waitakere West Regional Park,Public Toilet,Building Level 3,Waitakere Ranges,Waitakere Ranges,450000.0,3,0.0,0.0,1,Very Low,True,False,False,False,False,0,No elevated flag
park-407,10488-B003-151,Composting Toilet Tunnel Point - Wtks,Waitakere South Regional Park,Public Toilet,Building Level 3,Waitakere Ranges,Waitakere Ranges,450000.0,3,0.0,0.0,1,Very Low,True,False,False,False,False,0,No elevated flag
park-409,10490-B020-151,Vault Toilet Rose Hellaby House - Wtkc,Waitakere Central Regional Park,Public Toilet,Building Level 3,Waitakere Ranges,Waitakere Ranges,450000.0,3,0.0,0.0,1,Very Low,True,False,False,False,False,0,No elevated flag
park-410,10493-B021-151,Toilet Haybarn Compost Toilet-Wtwa,Waitawa Regional Park,Public Toilet,Building Level 3,Franklin,Franklin,450000.0,3,0.0,0.0,1,Damage Unlikely,True,False,False,False,False,0,No elevated flag
park-411,10495-B008-151,Whakatiwai Composting Toilet,Whakatiwai Regional Park,Public Toilet,Building Level 3,Franklin,Franklin,450000.0,3,0.0,0.0,0,Not mapped,False,False,False,False,False,0,No elevated flag
park-413,10497-B014-151,Toilet-Waharau Blckberry Flat,Waharau Regional Park,Public Toilet,Building Level 3,Franklin,Franklin,450000.0,3,0.0,0.0,0,Not mapped,False,False,False,False,False,0,No elevated flag
park-415,10527-B001-151,Toilet,Waiuku Cemetery,Public Toilet,Building Level 3,Franklin,Franklin,450000.0,3,0.0,0.0,1,Very Low,True,False,False,False,False,0,No elevated flag
park-416,10532-B001-151,Toilet - (Colin Lawrie Fields),Colin Lawrie Fields,Public Toilet,Building Level 3,Franklin,Franklin,450000.0,3,0.0,0.0,1,Very Low,True,False,False,False,False,0,No elevated flag
park-417,10534-B001-151,Toilet- (Karaka Sportsground)Sw Corner,Karaka Sports Park & Karaka Hall,Public Toilet,Building Level 3,Franklin,Franklin,450000.0,3,0.0,0.0,1,Damage Unlikely,True,False,False,False,False,0,No elevated flag
park-418,10534-B002-151,Toilet-NE cnr of sports field-Linwood Rd,Karaka Sports Park & Karaka Hall,Public Toilet,Building Level 3,Franklin,Franklin,450000.0,3,0.0,0.0,1,Damage Unlikely,True,False,False,False,False,0,No elevated flag
park-419,10535-B001-151,Massey Park Exeloo,Massey Park - Waiuku,Public Toilet,Building Level 3,Franklin,Franklin,450000.0,3,0.0,0.0,1,Damage Unlikely,True,False,False,False,False,0,No elevated flag
park-42,10099-B017-151,Toilet - 62 High Street,Streetscape - Waitemata,Public Toilet,Building Level 3,Waitemata,Waitemata,450000.0,3,0.0,0.0,1,Very Low,True,False,False,False,False,0,No elevated flag
park-420,10535-B003-151,Toilet- (Massey Park - Waiuku)Ladies,Massey Park - Waiuku,Public Toilet,Building Level 3,Franklin,Franklin,450000.0,3,0.0,0.0,1,Damage Unlikely,True,False,False,False,False,0,No elevated flag
park-421,10537-B001-151,Toilet,Puni Recreation Reserve,Public Toilet,Building Level 3,Franklin,Franklin,450000.0,3,0.0,0.0,1,Very Low,True,False,False,False,False,0,No elevated flag
park-422,10539-B001-151,Toilet-(Waiau Pa Domain)At Thefront Edge,Waiau Pa Domain,Public Toilet,Building Level 3,Franklin,Franklin,450000.0,3,0.0,0.0,1,Damage Unlikely,True,False,False,False,False,0,No elevated flag
park-423,10588-B016-152,Changing Rooms-Top Flat,Lloyd Elsmore Park,Changing Shed,Building Level 3,Howick,Howick,650000.0,2,0.0,0.0,1,Damage Unlikely,True,False,False,False,False,0,No elevated flag
park-424,10615-B001-151,Toilet-Allenby Park-Manukau,Allenby Park - Manukau,Public Toilet,Building Level 3,Otara-Papatoetoe,Otara-Papatoetoe,450000.0,3,0.0,0.0,1,Damage Unlikely,True,False,False,False,False,0,No elevated flag
park-425,10623-B001-151,Tupu Library (Dawson Road Library),Fergusson Oaks Reserve,Library,Building Level 3,Otara-Papatoetoe,Otara-Papatoetoe,15000000.0,5,0.0,0.0,1,Damage Unlikely,True,False,False,False,False,0,No elevated flag
park-426,10648-B001-151,Highland Park Library,Highland Park Library,Library,Building Level 3,Howick,Howick,15000000.0,5,0.0,0.0,1,Very Low,True,False,False,False,False,0,No elevated flag
park-427,10663-B001-151,Toilet-(Laurie Gibbons Memorial Park),Laurie Gibbons Memorial Park,Public Toilet,Building Level 3,Manurewa,Manurewa,450000.0,3,0.0,0.0,1,Damage Unlikely,True,False,False,False,False,0,No elevated flag
park-428,10687-B007-151,Manurewa Sport Centre Toilet,Mountfort Park,Public Toilet,Building Level 3,Manurewa,Manurewa,450000.0,3,0.0,0.0,1,Damage Unlikely,True,False,False,False,False,0,No elevated flag
park-429,10687-B010-151,Manurewa Aquatic Cen.Pub.Toilets (Ext),Mountfort Park,Public Toilet,Building Level 3,Manurewa,Manurewa,450000.0,3,0.0,0.0,1,Damage Unlikely,True,False,False,False,False,0,No elevated flag
park-430,10687-B010-152,Manurewa Aquatic Cen. Change Rooms(Ext),Mountfort Park,Changing Shed,Building Level 3,Manurewa,Manurewa,650000.0,2,0.0,0.0,1,Damage Unlikely,True,False,False,False,False,0,No elevated flag
park-431,10711-B002-151,Clevedon Pony Club Toilet B. (backflow),Clevedon Showgrounds Reserve,Public Toilet,Building Level 3,Franklin,Franklin,450000.0,3,0.0,0.0,1,Damage Unlikely,True,False,False,False,False,0,No elevated flag
park-432,10716-B001-151,Tiraumea Park Toilets,Tiraumea Park,Public Toilet,Building Level 3,Howick,Howick,450000.0,3,0.0,0.0,0,Not mapped,False,False,False,False,False,0,No elevated flag
park-433,10759-B001-151,Maraetai North Toilet,Maraetai Park,Public Toilet,Building Level 3,Franklin,Franklin,450000.0,3,0.0,0.0,1,Very Low,True,False,False,False,False,0,No elevated flag
park-434,10779-B001-151,Camp Sladdin Toilet Block (Clevedon),Clevedon Scenic Reserve,Public Toilet,Building Level 3,Franklin,Franklin,450000.0,3,0.0,0.0,1,Damage Unlikely,True,False,False,False,False,0,No elevated flag
park-435,10789-B005-151,Manukau Memorial Grdn West toilet bl new,Manukau Memorial Gardens,Public Toilet,Building Level 3,Otara-Papatoetoe,Otara-Papatoetoe,450000.0,3,0.0,0.0,1,Damage Unlikely,True,False,False,False,False,0,No elevated flag
park-436,10807-B008-101,Ormiston Activity Centre - Toilets,Barry Curtis Park,Public Toilet,Building Level 3,Howick,Howick,450000.0,3,0.0,0.0,1,Damage Unlikely,True,False,False,False,False,0,No elevated flag
park-438,10870-B002-152,Manukau Library,Manukau Library - Third Party,Library,Building Level 3,Otara-Papatoetoe,Otara-Papatoetoe,15000000.0,5,0.0,0.0,1,Damage Unlikely,True,False,False,False,False,0,No elevated flag
park-44,10099-B007-151,Toilet - W44 (594 Gt North Rd),Streetscape - Waitemata,Public Toilet,Building Level 3,Waitemata,Waitemata,450000.0,3,0.0,0.0,1,Very Low,True,False,False,False,False,0,No elevated flag
park-441,10926-B003-151,Toilet-Concrete Block (Shepherds Park),Shepherds Park,Public Toilet,Building Level 3,Kaipatiki,Kaipatiki,450000.0,3,0.0,0.0,1,Very Low,True,False,False,False,False,0,No elevated flag
park-443,10935-B001-151,Greenhithe Domain Public Toilet,Greenhithe War Memorial Park,Public Toilet,Building Level 3,Upper Harbour,Upper Harbour,450000.0,3,0.0,0.0,1,Damage Unlikely,True,False,False,False,False,0,No elevated flag
park-444,10956-B003-152,The Pumphouse (Toilet),Killarney Park,Public Toilet,Building Level 3,Devonport-Takapuna,Devonport-Takapuna,450000.0,3,0.0,0.0,1,Very Low,True,False,False,False,False,0,No elevated flag
park-445,10963-B001-151,Toilet - (Hauraki Rd Takapuna Beach),Takapuna Beach,Public Toilet,Building Level 3,Devonport-Takapuna,Devonport-Takapuna,450000.0,3,0.0,0.0,1,Damage Unlikely,True,False,False,False,False,0,No elevated flag
park-446,11027-B006-151,Toilet SE of Sthn most Heritage House,Chelsea Estate Heritage Park,Public Toilet,Building Level 3,Kaipatiki,Kaipatiki,450000.0,3,0.0,0.0,1,Very Low,True,False,False,False,False,0,No elevated flag
park-45,10099-B008-151,Toilet - W34 (Francis St Grey Lynn),Streetscape - Waitemata,Public Toilet,Building Level 3,Waitemata,Waitemata,450000.0,3,0.0,0.0,1,Very Low,True,False,False,False,False,0,No elevated flag
park-451,11073-B001-151,Sylvan Park Public Toilets,Sylvan Park,Public Toilet,Building Level 3,Devonport-Takapuna,Devonport-Takapuna,450000.0,3,0.0,0.0,1,Very Low,True,False,False,False,False,0,No elevated flag
park-452,11096-B001-151,Toilet (Marlborough Park) Archers Rd,Marlborough Park,Public Toilet,Building Level 3,Kaipatiki,Kaipatiki,450000.0,3,0.0,0.0,1,Damage Unlikely,True,False,False,False,False,0,No elevated flag
park-453,11096-B002-151,Toilet (Marlborough Park) near Carpark,Marlborough Park,Public Toilet,Building Level 3,Kaipatiki,Kaipatiki,450000.0,3,0.0,0.0,1,Damage Unlikely,True,False,False,False,False,0,No elevated flag
park-455,11157-B001-151,Prince Edward Park Toilets & changerooms,Prince Edward Park,Public Toilet,Building Level 3,Papakura,Papakura,450000.0,3,0.0,0.0,1,Damage Unlikely,True,False,False,False,False,0,No elevated flag
park-456,11161-B004-151,Mclennan Toilets 3&4-Furthest frm carprk,Mclennan Park,Public Toilet,Building Level 3,Papakura,Papakura,450000.0,3,0.0,0.0,1,Damage Unlikely,True,False,False,False,False,0,No elevated flag
park-457,11169-B003-151,Massey Pk. toilets-Rugby clubrooms,Massey Park - Papakura,Public Toilet,Building Level 3,Papakura,Papakura,450000.0,3,0.0,0.0,1,Damage Unlikely,True,False,False,False,False,0,No elevated flag
park-458,11185-B002-151,Toilet,Papakura Cemetery,Public Toilet,Building Level 3,Papakura,Papakura,450000.0,3,0.0,0.0,1,Damage Unlikely,True,False,False,False,False,0,No elevated flag
park-459,11211-B001-151,Toilet-(Wellsford Centennial Park) S.End,Wellsford Centennial Park,Public Toilet,Building Level 3,Rodney,Rodney,450000.0,3,0.0,0.0,1,Very Low,True,False,False,False,False,0,No elevated flag
park-46,10099-B044-151,Toilet - (Fort Street),Streetscape - Waitemata,Public Toilet,Building Level 3,Waitemata,Waitemata,450000.0,3,0.0,0.0,1,Very Low,True,False,False,False,False,0,No elevated flag
park-460,11229-B002-151,Change Rm-Adj to Carpark Macky Rd,Sinclair Park,Public Toilet,Building Level 3,Rodney,Rodney,450000.0,3,0.0,0.0,1,Damage Unlikely,True,False,False,False,False,0,No elevated flag
park-461,11232-B001-151,Toilet-(Algies Bay Reserve)Main Entrance,Algies Bay Reserve,Public Toilet,Building Level 3,Rodney,Rodney,450000.0,3,0.0,0.0,1,Very Low,True,False,False,False,False,0,No elevated flag
park-462,11233-B001-151,Toilet-(Parry Kauri Park)Southern End,Parry Kauri Park,Public Toilet,Building Level 3,Rodney,Rodney,450000.0,3,0.0,0.0,1,Very Low,True,False,False,False,False,0,No elevated flag
park-463,11247-B001-104,Public Toilets(Warkworth Service Cen,Warkworth Service Centre & Library Grou.,Public Toilet,Building Level 3,Rodney,Rodney,450000.0,3,0.0,0.0,1,Very Low,True,False,False,False,False,0,No elevated flag
park-464,11276-B001-100,Leigh Library Main Area,Leigh Library and Grounds,Library Rural,Building Level 3,Rodney,Rodney,5000000.0,4,0.0,0.0,1,Very Low,True,False,False,False,False,0,No elevated flag
park-465,10995-B001-151,Hauraki Shops Public Toilets,Hauraki Shops Public Toilets,Public Toilet,Building Level 3,Devonport-Takapuna,Devonport-Takapuna,450000.0,3,0.0,0.0,1,Very Low,True,False,False,False,False,0,No elevated flag
park-466,11011-B002-101,R 35-41 Birkenhead Ave - Public Toilet,Le Roys Bush Reserve,Public Toilet,Building Level 3,Kaipatiki,Kaipatiki,450000.0,3,0.0,0.0,1,Very Low,True,False,False,False,False,0,No elevated flag
park-467,11051-B002-151,North Harbour Stadium Public Toilet,QBE Stadium,Public Toilet,Building Level 3,Upper Harbour,Upper Harbour,450000.0,3,0.0,0.0,1,Damage Unlikely,True,False,False,False,False,0,No elevated flag
park-468,11111-B001-151,Fernglen Gardens Public Toilets,Fernglen Reserve,Public Toilet,Building Level 3,Kaipatiki,Kaipatiki,450000.0,3,0.0,0.0,1,Very Low,True,False,False,False,False,0,No elevated flag
park-47,10113-B002-100,Grey Lynn Library,Grey Lynn Library and Hall,Library,Building Level 3,Waitemata,Waitemata,15000000.0,5,0.0,0.0,1,Very Low,True,False,False,False,False,0,No elevated flag
park-470,11161-B002-151,Mclennan-Toilets 1&2-Closest to carpark,Mclennan Park,Public Toilet,Building Level 3,Papakura,Papakura,450000.0,3,0.0,0.0,1,Damage Unlikely,True,False,False,False,False,0,No elevated flag
park-471,11291-B151-101,Mahurangi East Library,Goodall Reserve,Library,Building Level 3,Rodney,Rodney,15000000.0,5,0.0,0.0,1,Very Low,True,False,False,False,False,0,No elevated flag
park-474,11335-B004-100,Toilet-S of playground Parrs Cross Rd,Parrs Park,Public Toilet,Building Level 3,Waitakere Ranges,Waitakere Ranges,450000.0,3,0.0,0.0,1,Damage Unlikely,True,False,False,False,False,0,No elevated flag
park-476,11340-B001-151,Toilet-(Ramlea Park) West Side Of Park,Ramlea Park,Public Toilet,Building Level 3,Henderson-Massey,Henderson-Massey,450000.0,3,0.0,0.0,1,Damage Unlikely,True,False,False,False,False,0,No elevated flag
park-477,11346-B001-103,Change Rm-(Rene Shadbolt) facing fields,Sister Rene Shadbolt Park,Changing Shed,Building Level 3,Whau,Whau,650000.0,2,0.0,0.0,1,Damage Unlikely,True,False,False,False,False,0,No elevated flag
park-478,11366-B002-151,Toilet-(Ken Maunder Park)At Carpark,Ken Maunder Park,Public Toilet,Building Level 3,Whau,Whau,450000.0,3,0.0,0.0,1,Damage Unlikely,True,False,False,False,False,0,No elevated flag
park-479,11375-B006-151,Toilet-(Te Rangi Hiroa/Birdwood Winery),Te Rangi Hiroa/Birdwood Winery,Public Toilet,Building Level 3,Henderson-Massey,Henderson-Massey,450000.0,3,0.0,0.0,1,Very Low,True,False,False,False,False,0,No elevated flag
park-48,10055-B005-151,Toilet - E35 (Three Kings Reserve),"Three Kings Resv, incl Fickling,Metrowat",Public Toilet,Building Level 3,Puketapapa,Puketapapa,450000.0,3,0.0,0.0,1,Very Low,True,False,False,False,False,0,No elevated flag
park-480,11192-B001-151,Southern Park Toilet,Southern Park,Public Toilet,Building Level 3,Papakura,Papakura,450000.0,3,0.0,0.0,1,Damage Unlikely,True,False,False,False,False,0,No elevated flag
park-481,11194-B002-151,Toilet- (Papakura South Cemetery),Papakura South Cemetery,Public Toilet,Building Level 3,Papakura,Papakura,450000.0,3,0.0,0.0,1,Damage Unlikely,True,False,False,False,False,0,No elevated flag
park-484,11210-B002-151,Toilet-(Shoesmith Domain Recreation Res),Shoesmith Domain Recreation Reserve,Public Toilet,Building Level 3,Rodney,Rodney,450000.0,3,0.0,0.0,1,Very Low,True,False,False,False,False,0,No elevated flag
park-485,11211-B002-151,Toilet-(Wellsford Centennial Park)S Side,Wellsford Centennial Park,Public Toilet,Building Level 3,Rodney,Rodney,450000.0,3,0.0,0.0,1,Very Low,True,False,False,False,False,0,No elevated flag
park-486,11229-B001-151,Toilet-(Sinclair Park) North West,Sinclair Park,Public Toilet,Building Level 3,Rodney,Rodney,450000.0,3,0.0,0.0,1,Damage Unlikely,True,False,False,False,False,0,No elevated flag
park-489,11287-B004-151,Toilet-Western Reserve Carpark,Western Reserve,Public Toilet,Building Level 3,Hibiscus and Bays,Hibiscus and Bays,450000.0,3,0.0,0.0,0,Not mapped,False,False,False,False,False,0,No elevated flag
park-49,10065-B001-151,Public Toilets-E33( Murray Halberg Park),Murray Halberg Park,Public Toilet,Building Level 3,Albert-Eden,Albert-Eden,450000.0,3,0.0,0.0,1,Very Low,True,False,False,False,False,0,No elevated flag
park-490,11290-B001-151,Wellsford War Memorial Library,Wellsford War Memorial Park,Library,Building Level 3,Rodney,Rodney,15000000.0,5,0.0,0.0,1,Very Low,True,False,False,False,False,0,No elevated flag
park-495,11335-B002-151,Toilet-W Side of Cricket Nets,Parrs Park,Public Toilet,Building Level 3,Waitakere Ranges,Waitakere Ranges,450000.0,3,0.0,0.0,1,Damage Unlikely,True,False,False,False,False,0,No elevated flag
park-496,11341-B001-100,Changing Room 1/2,Ranui Domain,Changing Shed,Building Level 3,Henderson-Massey,Henderson-Massey,650000.0,2,0.0,0.0,1,Damage Unlikely,True,False,False,False,False,0,No elevated flag
park-497,11344-B001-151,Toilet-(Royal Reserve),Royal Reserve,Public Toilet,Building Level 3,Henderson-Massey,Henderson-Massey,450000.0,3,0.0,0.0,1,Very Low,True,False,False,False,False,0,No elevated flag
park-499,11379-B002-102,Titirangi Library,Titirangi War Memorial,Library,Building Level 3,Waitakere Ranges,Waitakere Ranges,15000000.0,5,0.0,0.0,1,Very Low,True,False,False,False,False,0,No elevated flag
park-50,10069-B007-151,Toilet - H43 (539 Remuera Rd),Streetscape - Orakei,Public Toilet,Building Level 3,Orakei,Orakei,450000.0,3,0.0,0.0,1,Very Low,True,False,False,False,False,0,No elevated flag
park-501,11428-B003-151,Toilet-(Trusts Arena) South,Trusts Arena,Public Toilet,Building Level 3,Henderson-Massey,Henderson-Massey,450000.0,3,0.0,0.0,1,Damage Unlikely,True,False,False,False,False,0,No elevated flag
park-504,11437-B003-151,Toilet (Harbourview - Orangihina),Harbourview - Orangihina,Public Toilet,Building Level 3,Henderson-Massey,Henderson-Massey,450000.0,3,0.0,0.0,1,Damage Unlikely,True,False,False,False,False,0,No elevated flag
park-505,11392-B002-151,Toilet- (Herald Island Domain),Herald Island Domain,Public Toilet,Building Level 3,Upper Harbour,Upper Harbour,450000.0,3,0.0,0.0,1,Very Low,True,False,False,False,False,0,No elevated flag
park-506,11395-B002-151,Toilet-(Corban Reserve),Corban Reserve,Public Toilet,Building Level 3,Henderson-Massey,Henderson-Massey,450000.0,3,0.0,0.0,1,Damage Unlikely,True,False,False,False,False,0,No elevated flag
park-507,11420-B001-151,Toilet-(Starling Park),Starling Park,Public Toilet,Building Level 3,Henderson-Massey,Henderson-Massey,450000.0,3,0.0,0.0,1,Damage Unlikely,True,False,False,False,False,0,No elevated flag
park-508,11427-B002-151,Toilet-(Chapman Strand)-Chapman Road,Chapman Strand,Public Toilet,Building Level 3,Henderson-Massey,Henderson-Massey,450000.0,3,0.0,0.0,1,Very Low,True,False,False,False,False,0,No elevated flag
park-509,11428-B002-151,Toilet-(Trusts Arena) East,Trusts Arena,Public Toilet,Building Level 3,Henderson-Massey,Henderson-Massey,450000.0,3,0.0,0.0,1,Damage Unlikely,True,False,False,False,False,0,No elevated flag
park-51,10071-B001-151,Toilet - T34 (583 Manukau Rd),Streetscape - Albert-Eden,Public Toilet,Building Level 3,Albert-Eden,Albert-Eden,450000.0,3,0.0,0.0,1,Very Low,True,False,False,False,False,0,No elevated flag
park-510,11435-B001-151,Toilet-(Te Atatu Peninsula Park) East,Te Atatu Peninsula Park,Public Toilet,Building Level 3,Henderson-Massey,Henderson-Massey,450000.0,3,0.0,0.0,1,Damage Unlikely,True,False,False,False,False,0,No elevated flag
park-511,11444-B004-100,Te Atatu Peninsula C.Cen. & Lib.-Lib.,Jack Pringle Village Green,Library,Building Level 3,Henderson-Massey,Henderson-Massey,15000000.0,5,0.0,0.0,1,Damage Unlikely,True,False,False,False,False,0,No elevated flag
park-512,11459-B003-151,Henderson Library - Level 01,Waitakere Lib Cpark Bldg & Cab,Library,Building Level 3,Henderson-Massey,Henderson-Massey,15000000.0,5,0.0,0.0,1,Damage Unlikely,True,False,False,False,False,0,No elevated flag
park-513,11460-B008-151,Toilet-(Tui Glen Reserve),Tui Glen Reserve,Public Toilet,Building Level 3,Henderson-Massey,Henderson-Massey,450000.0,3,0.0,0.0,1,Damage Unlikely,True,False,False,False,False,0,No elevated flag
park-514,11469-B003-151,Toilet- (Harold Moody Reserve) North,Harold Moody Reserve Duck Park,Public Toilet,Building Level 3,Waitakere Ranges,Waitakere Ranges,450000.0,3,0.0,0.0,1,Damage Unlikely,True,False,False,False,False,0,No elevated flag
park-515,11482-B001-151,Toilet-(Olympic Park)S End Portage Rd,Olympic Park,Public Toilet,Building Level 3,Whau,Whau,450000.0,3,0.0,0.0,1,Damage Unlikely,True,False,False,False,False,0,No elevated flag
park-516,11482-B002-151,Toilet-(Olympic Park)S End Eastern,Olympic Park,Public Toilet,Building Level 3,Whau,Whau,450000.0,3,0.0,0.0,1,Damage Unlikely,True,False,False,False,False,0,No elevated flag
park-517,11488-B001-151,Toilet-(McLeod Park)Adj To Road Front,McLeod Park,Public Toilet,Building Level 3,Henderson-Massey,Henderson-Massey,450000.0,3,0.0,0.0,1,Damage Unlikely,True,False,False,False,False,0,No elevated flag
park-518,12942-B001-151,Beach Haven Wharf Public Toilet,Hilders Park,Public Toilet,Building Level 3,Kaipatiki,Kaipatiki,450000.0,3,0.0,0.0,1,Very Low,True,False,False,False,False,0,No elevated flag
park-519,12975-B001-104,Botany Library,Botany Town Centre - Third Party,Library,Building Level 3,Howick,Howick,15000000.0,5,0.0,0.0,1,Damage Unlikely,True,False,False,False,False,0,No elevated flag
park-52,10071-B002-151,Toilet -W17 (Balmoral 464 New North Rd),Streetscape - Albert-Eden,Public Toilet,Building Level 3,Albert-Eden,Albert-Eden,450000.0,3,0.0,0.0,1,Very Low,True,False,False,False,False,0,No elevated flag
park-522,11444-B003-151,Toilet- (Jack Pringle Village Green),Jack Pringle Village Green,Public Toilet,Building Level 3,Henderson-Massey,Henderson-Massey,450000.0,3,0.0,0.0,1,Damage Unlikely,True,False,False,False,False,0,No elevated flag
park-523,20051-B001-151,Campbells Bay Public Toilet,Huntly Road Reserve,Public Toilet,Building Level 3,Hibiscus and Bays,Hibiscus and Bays,450000.0,3,0.0,0.0,1,Damage Unlikely,True,False,False,False,False,0,No elevated flag
park-524,20057-B001-151,Island Bay Reserve Public Toilet,Island Bay Reserve,Public Toilet,Building Level 3,Kaipatiki,Kaipatiki,450000.0,3,0.0,0.0,0,Not mapped,False,False,False,False,False,0,No elevated flag
park-526,20076-B001-151,Hooten Reserve Exeloo,Hooton/Oteha Valley/Gills/Anaharta Resv,Public Toilet,Building Level 3,Upper Harbour,Upper Harbour,450000.0,3,0.0,0.0,1,Damage Unlikely,True,False,False,False,False,0,No elevated flag
park-527,20111-B004-151,Toilet - Cnr Silverdale St & Agency Lane,Streetscape - Hibiscus and Bays,Public Toilet,Building Level 3,Hibiscus and Bays,Hibiscus and Bays,450000.0,3,0.0,0.0,1,Very Low,True,False,False,False,False,0,No elevated flag
park-528,20115-B001-151,Toilet-171R Great South Rd (Northcrest),Streetscape - Manurewa,Public Toilet,Building Level 3,Manurewa,Manurewa,450000.0,3,0.0,0.0,1,Damage Unlikely,True,False,False,False,False,0,No elevated flag
park-529,20117-B002-151,Public Toilet (Exeloo) - Ron Keat Drive,Streetscape - Papakura,Public Toilet,Building Level 3,Papakura,Papakura,450000.0,3,0.0,0.0,1,Damage Unlikely,True,False,False,False,False,0,No elevated flag
park-53,10071-B003-151,Toilet - T24 (Greenlane Rd West),Streetscape - Albert-Eden,Public Toilet,Building Level 3,Albert-Eden,Albert-Eden,450000.0,3,0.0,0.0,1,Very Low,True,False,False,False,False,0,No elevated flag
park-530,20121-B002-151,Toilet-In Carpark East Of #37-39,Streetscape - Waitakere Ranges,Public Toilet,Building Level 3,Waitakere Ranges,Waitakere Ranges,450000.0,3,0.0,0.0,1,Very Low,True,False,False,False,False,0,No elevated flag
park-531,20224-B001-151,Waiuku Sports Park - Toilet,Waiuku Sports Park,Public Toilet,Building Level 3,Franklin,Franklin,450000.0,3,0.0,0.0,1,Damage Unlikely,True,False,False,False,False,0,No elevated flag
park-532,20461-B001-151,Toilet W43 (Sentinel Rd Reserve),Sentinel Road Reserve,Public Toilet,Building Level 3,Waitemata,Waitemata,450000.0,3,0.0,0.0,1,Very Low,True,False,False,False,False,0,No elevated flag
park-533,20514-B001-151,Clive Howe Toilet,Clive Howe Rd Recreation Reserve,Public Toilet,Building Level 3,Franklin,Franklin,450000.0,3,0.0,0.0,1,Very Low,True,False,False,False,False,0,No elevated flag
park-534,20514-B001-152,Clive Howe Changeroom,Clive Howe Rd Recreation Reserve,Changing Shed,Building Level 3,Franklin,Franklin,650000.0,2,0.0,0.0,1,Very Low,True,False,False,False,False,0,No elevated flag
park-538,20688-B001-151,Toilet - G4 (Pa Beach),Pa Point Reserve,Public Toilet,Building Level 3,Aotea/Great Barrier,Waiheke-Great Barrier,450000.0,3,0.0,0.0,1,Very Low,True,False,False,False,False,0,No elevated flag
park-54,10071-B012-151,Toilet - E1 (Bellwood Ave),Streetscape - Albert-Eden,Public Toilet,Building Level 3,Albert-Eden,Albert-Eden,450000.0,3,0.0,0.0,1,Very Low,True,False,False,False,False,0,No elevated flag
park-542,20831-B002-151,Toilet- Gould Res Takapuna Beach,Gould Reserve,Public Toilet,Building Level 3,Devonport-Takapuna,Devonport-Takapuna,450000.0,3,0.0,0.0,1,Damage Unlikely,True,False,False,False,False,0,No elevated flag
park-543,20952-B001-151,Toilet-Exeloo At Western End Of Park,Ranui Station Park,Public Toilet,Building Level 3,Henderson-Massey,Henderson-Massey,450000.0,3,0.0,0.0,1,Damage Unlikely,True,False,False,False,False,0,No elevated flag
park-545,21102-B001-151,Toilet - Wi11 (Kennedy Point),Kennedy Point Reserve,Public Toilet,Building Level 3,Waiheke,Waiheke-Great Barrier,450000.0,3,0.0,0.0,1,Very Low,True,False,False,False,False,0,No elevated flag
park-546,21282-B003-151,Toilet block,Smiths Reserve,Public Toilet,Building Level 3,Papakura,Papakura,450000.0,3,0.0,0.0,1,Damage Unlikely,True,False,False,False,False,0,No elevated flag
park-548,21535-B001-151,McManus Park Toilet - T4,McManus Park,Public Toilet,Building Level 3,Maungakiekie-Tamaki,Maungakiekie-Tamaki,450000.0,3,0.0,0.0,1,Very Low,True,False,False,False,False,0,No elevated flag
park-549,21543-B001-151,Toilet - Wairaki Stream Reserve,Wairaki Stream Reserve,Public Toilet,Building Level 3,Puketapapa,Puketapapa,450000.0,3,0.0,0.0,1,Very Low,True,False,False,False,False,0,No elevated flag
park-55,10071-B013-151,Toilet - E5 (Stokes Rd),Streetscape - Albert-Eden,Public Toilet,Building Level 3,Albert-Eden,Albert-Eden,450000.0,3,0.0,0.0,1,Very Low,True,False,False,False,False,0,No elevated flag
park-550,21734-B002-151,Ray Small Park Toilet by Ray Small Drive,Ray Small Park,Public Toilet,Building Level 3,Papakura,Papakura,450000.0,3,0.0,0.0,1,Damage Unlikely,True,False,False,False,False,0,No elevated flag
park-552,21787-B001-151,Bradley Res toilet - North,Bradley Reserve,Public Toilet,Building Level 3,Franklin,Franklin,450000.0,3,0.0,0.0,1,Damage Unlikely,True,False,False,False,False,0,No elevated flag
park-555,21894-B001-151,Toilet-(Roulston Park & cottage),Roulston Park & Pioneer Cottage,Public Toilet,Building Level 3,Franklin,Franklin,450000.0,3,0.0,0.0,1,Very Low,True,False,False,False,False,0,No elevated flag
park-557,22240-B001-151,Toilet- (Matakana Wharf Reserve),Matakana Wharf Reserve,Public Toilet,Building Level 3,Rodney,Rodney,450000.0,3,0.0,0.0,1,Damage Unlikely,True,False,False,False,False,0,No elevated flag
park-56,10082-B015-151,"Toilet Wi23 - Church Bay Road, Waiheke",Streetscape - Waiheke,Public Toilet,Building Level 3,Waiheke,Waiheke-Great Barrier,450000.0,3,0.0,0.0,1,Very Low,True,False,False,False,False,0,No elevated flag
park-560,22389-B151-100,Whangaparaoa Library - Basement,Whangaparaoa Community Centre,Library,Building Level 3,Hibiscus and Bays,Hibiscus and Bays,15000000.0,5,0.0,0.0,1,Very Low,True,False,False,False,False,0,No elevated flag
park-563,22469-B001-151,Toilet- (Omeru Scenic Reserve),Omeru Scenic Reserve,Public Toilet,Building Level 3,Rodney,Rodney,450000.0,3,0.0,0.0,1,Very Low,True,False,False,False,False,0,No elevated flag
park-565,22673-B001-151,Toilet- (Alex Jenkins Memorial),Alex Jenkins Memorial,Public Toilet,Building Level 3,Waitakere Ranges,Waitakere Ranges,450000.0,3,0.0,0.0,1,Very Low,True,False,False,False,False,0,No elevated flag
park-568,22987-B003-151,Toilet-Norana Park-Exeloo E bdry carpark,Norana Park,Public Toilet,Building Level 3,Mangere-Otahuhu,Mangere-Otahuhu,450000.0,3,0.0,0.0,1,Damage Unlikely,True,False,False,False,False,0,No elevated flag
park-569,23021-B001-151,"Pukekohe Town Square, Novaloo Toilet",Pukekohe Town Centre Grnds,Public Toilet,Building Level 3,Franklin,Franklin,450000.0,3,0.0,0.0,1,Very Low,True,False,False,False,False,0,No elevated flag
park-570,23407-B001-151,Pollok Wharf Toilet,Pollok Wharf Road Reserve,Public Toilet,Building Level 3,Franklin,Franklin,450000.0,3,0.0,0.0,1,Very Low,True,False,False,False,False,0,No elevated flag
park-571,23473-B001-100,Sir Woolf Fisher Park - Public Toilet,Sir Woolf Fisher Park,Public Toilet,Building Level 3,Maungakiekie-Tamaki,Maungakiekie-Tamaki,450000.0,3,0.0,0.0,1,Very Low,True,False,False,False,False,0,No elevated flag
park-572,26521-B001-100,Toilet-Te Hauauru Park-Tawhia Dr ent,Te Hauauru Park,Public Toilet,Building Level 3,Henderson-Massey,Henderson-Massey,450000.0,3,0.0,0.0,1,Damage Unlikely,True,False,False,False,False,0,No elevated flag
park-573,32921-B001-151,Ridgeline Park Toilet,Ridgeline Park,Public Toilet,Building Level 3,Hibiscus and Bays,Hibiscus and Bays,450000.0,3,0.0,0.0,1,Very Low,True,False,False,False,False,0,No elevated flag
park-574,11467-B001-101,Glen Eden Library,Glen Eden Library,Library,Building Level 3,Waitakere Ranges,Waitakere Ranges,15000000.0,5,0.0,0.0,1,Very Low,True,False,False,False,False,0,No elevated flag
park-575,11471-B001-101,Toilet - Ceramco Park - Ground Level,Ceramco Park,Public Toilet,Building Level 3,Waitakere Ranges,Waitakere Ranges,450000.0,3,0.0,0.0,1,Damage Unlikely,True,False,False,False,False,0,No elevated flag
park-576,11487-B002-100,New Lynn Library,Memorial Square,Library,Building Level 3,Whau,Whau,15000000.0,5,0.0,0.0,1,Damage Unlikely,True,False,False,False,False,0,No elevated flag
park-577,11490-B001-151,Toilet-(Mason Park)At Sw Cor. Of Carpark,Mason Park,Public Toilet,Building Level 3,Whau,Whau,450000.0,3,0.0,0.0,1,Damage Unlikely,True,False,False,False,False,0,No elevated flag
park-578,11491-B006-151,Waikumete Cemetery -Pub Toilets (Acmena),Waikumete Cemetery,Public Toilet,Building Level 3,Waitakere Ranges,Waitakere Ranges,450000.0,3,0.0,0.0,1,Very Low,True,False,False,False,False,0,No elevated flag
park-579,11491-B016-151,Toilet -nrChapelofFaithinOak,Waikumete Cemetery,Public Toilet,Building Level 3,Waitakere Ranges,Waitakere Ranges,450000.0,3,0.0,0.0,1,Very Low,True,False,False,False,False,0,No elevated flag
park-58,10134-B006-151,Toilet - G13 (Whangaparapara Road Hot Sp,Streetscape - Great Barrier,Public Toilet,Building Level 3,Aotea/Great Barrier,Waiheke-Great Barrier,450000.0,3,0.0,0.0,1,Very Low,True,False,False,False,False,0,No elevated flag
park-583,20075-B001-151,Manuka Reserve Exeloo,Manuka Reserve,Public Toilet,Building Level 3,Kaipatiki,Kaipatiki,450000.0,3,0.0,0.0,1,Very Low,True,False,False,False,False,0,No elevated flag
park-584,20078-B002-151,"Toilet-Greenslade Reserve, Te Kaitaka","Greenslade Reserve, Te Kaitaka",Public Toilet,Building Level 3,Kaipatiki,Kaipatiki,450000.0,3,0.0,0.0,1,Damage Unlikely,True,False,False,False,False,0,No elevated flag
park-585,20099-B003-151,Toilet-Constable Road Public Toilet,Streetscape - Franklin,Public Toilet,Building Level 3,Franklin,Franklin,450000.0,3,0.0,0.0,1,Damage Unlikely,True,False,False,False,False,0,No elevated flag
park-586,20111-B102-151,Torbay Shops Exeloo Number 1,Streetscape - Hibiscus and Bays,Public Toilet,Building Level 3,Hibiscus and Bays,Hibiscus and Bays,450000.0,3,0.0,0.0,1,Very Low,True,False,False,False,False,0,No elevated flag
park-587,20114-B001-151,Toilet(Northcote Town Centre),Streetscape - Kaipatiki,Public Toilet,Building Level 3,Kaipatiki,Kaipatiki,450000.0,3,0.0,0.0,1,Damage Unlikely,True,False,False,False,False,0,No elevated flag
park-588,20119-B003-151,Goat Island Public Toilet,Streetscape - Rodney,Public Toilet,Building Level 3,Rodney,Rodney,450000.0,3,0.0,0.0,1,Very Low,True,False,False,False,False,0,No elevated flag
park-59,10134-B023-151,Toilet - G16 - Windy Canyon. Gt Barrier,Streetscape - Great Barrier,Public Toilet,Building Level 3,Aotea/Great Barrier,Waiheke-Great Barrier,450000.0,3,0.0,0.0,1,Very Low,True,False,False,False,False,0,No elevated flag
park-591,20515-B001-151,Toilet- (Little Manly Beach Reserve),Little Manly Beach Reserve,Public Toilet,Building Level 3,Hibiscus and Bays,Hibiscus and Bays,450000.0,3,0.0,0.0,1,Very Low,True,False,False,False,False,0,No elevated flag
park-593,20611-B001-151,Toilet - Wi2 (Oneroa Beach),Oneroa Beach Reserve,Public Toilet,Building Level 3,Waiheke,Waiheke-Great Barrier,450000.0,3,0.0,0.0,1,Very Low,True,False,False,False,False,0,No elevated flag
park-598,21154-B001-151,Toilet (Maungarei Springs Wetland),Maungarei Springs Wetland,Public Toilet,Building Level 3,Orakei,Orakei,450000.0,3,0.0,0.0,1,Very Low,True,False,False,False,False,0,No elevated flag
park-599,21697-B002-151,Valonia Reserve Toilet/Changing Rooms,Valonia Reserve,Toilet/Changing,Building Level 3,Whau,Whau,800000.0,3,0.0,0.0,1,Very Low,True,False,False,False,False,0,No elevated flag
park-600,21760-B001-151,Toilet-End Of A/W Through Park At End,Bottletop Bay Esplanade,Public Toilet,Building Level 3,Papakura,Papakura,450000.0,3,0.0,0.0,1,Damage Unlikely,True,False,False,False,False,0,No elevated flag
park-601,21787-B002-100,Bradley Res toilet - South,Bradley Reserve,Public Toilet,Building Level 3,Franklin,Franklin,450000.0,3,0.0,0.0,1,Damage Unlikely,True,False,False,False,False,0,No elevated flag
park-605,21998-B001-151,Toilet-(Swanson Cemetery),Swanson Cemetery,Public Toilet,Building Level 3,Waitakere Ranges,Waitakere Ranges,450000.0,3,0.0,0.0,1,Very Low,True,False,False,False,False,0,No elevated flag
park-609,22370-B001-151,Toilet-Above Carpark On Side Of,Ti Point Walkway,Public Toilet,Building Level 3,Rodney,Rodney,450000.0,3,0.0,0.0,1,Very Low,True,False,False,False,False,0,No elevated flag
park-61,10155-B001-152,Toilet-W35-(by the Paddling Pool),Grey Lynn Park,Public Toilet,Building Level 3,Waitemata,Waitemata,450000.0,3,0.0,0.0,1,Very Low,True,False,False,False,False,0,No elevated flag
park-610,22405-B001-151,Toilet-(Lea Reserve),Cooper - Lea Reserve,Public Toilet,Building Level 3,Hibiscus and Bays,Hibiscus and Bays,450000.0,3,0.0,0.0,1,Very Low,True,False,False,False,False,0,No elevated flag
park-611,22419-B001-151,Toilet-At Entrance To Reserve,Buster Elliot Memorial Landing Reserve,Public Toilet,Building Level 3,Hibiscus and Bays,Hibiscus and Bays,450000.0,3,0.0,0.0,0,Not mapped,False,False,False,False,False,0,No elevated flag
park-612,22639-B001-151,Toilet- (Bridge Avenue Reserve),Bridge Avenue Reserve,Public Toilet,Building Level 3,Henderson-Massey,Henderson-Massey,450000.0,3,0.0,0.0,1,Very Low,True,False,False,False,False,0,No elevated flag
park-613,22649-B001-151,Toilet-Sw Corner Of Park Adj To E,Bill Moir Reserve,Public Toilet,Building Level 3,Upper Harbour,Upper Harbour,450000.0,3,0.0,0.0,1,Damage Unlikely,True,False,False,False,False,0,No elevated flag
park-615,22677-B001-151,Toilet- (Archibald Park) Carpark.,Archibald Park,Public Toilet,Building Level 3,Whau,Whau,450000.0,3,0.0,0.0,1,Damage Unlikely,True,False,False,False,False,0,No elevated flag
park-616,22823-B001-152,Change area-(Maraetai Dressing Shed Res),Maraetai Dressing Sheds Reserve,Changing Shed,Building Level 3,Franklin,Franklin,650000.0,2,0.0,0.0,1,Very Low,True,False,False,False,False,0,No elevated flag
park-617,22943-B002-151,Toilet-Miami St Reserve-Exeloo,Miami Street Reserve,Public Toilet,Building Level 3,Mangere-Otahuhu,Mangere-Otahuhu,450000.0,3,0.0,0.0,1,Damage Unlikely,True,False,False,False,False,0,No elevated flag
park-618,22987-B002-151,Toilet-Norana Park-near playgrnd,Norana Park,Public Toilet,Building Level 3,Mangere-Otahuhu,Mangere-Otahuhu,450000.0,3,0.0,0.0,1,Damage Unlikely,True,False,False,False,False,0,No elevated flag
park-619,23028-B001-151,Monte Cecilia Park - Toilet,Monte Cecilia Park,Public Toilet,Building Level 3,Puketapapa,Puketapapa,450000.0,3,0.0,0.0,1,Very Low,True,False,False,False,False,0,No elevated flag
park-62,10157-B001-151,Remuera Community Library,Remuera Community Library,Library,Building Level 3,Orakei,Orakei,15000000.0,5,0.0,0.0,1,Damage Unlikely,True,False,False,False,False,0,No elevated flag
park-620,24858-B158-151,Hurstmere Road Shops Public Toilets,Northcote Town Centre,Public Toilet,Building Level 3,Devonport-Takapuna,Devonport-Takapuna,450000.0,3,0.0,0.0,1,Very Low,True,False,False,False,False,0,No elevated flag
park-621,10056-B002-151,Toilet - T21 (Ellerslie Domain),Ellerslie Domain,Public Toilet,Building Level 3,Orakei,Orakei,450000.0,3,0.0,0.0,1,Very Low,True,False,False,False,False,0,No elevated flag
park-622,10068-B001-151,Toilet - H33 (Dingle Dell Reserve),Dingle Dell Reserve,Public Toilet,Building Level 3,Orakei,Orakei,450000.0,3,0.0,0.0,1,Very Low,True,False,False,False,False,0,No elevated flag
park-623,10070-B006-151,Toilet - E19 (Three Kings Reserve),Streetscape - Puketapapa,Public Toilet,Building Level 3,Puketapapa,Puketapapa,450000.0,3,0.0,0.0,1,Very Low,True,False,False,False,False,0,No elevated flag
park-624,10071-B004-151,Toilet - W18 (915 New North Rd),Streetscape - Albert-Eden,Public Toilet,Building Level 3,Albert-Eden,Albert-Eden,450000.0,3,0.0,0.0,1,Very Low,True,False,False,False,False,0,No elevated flag
park-625,10072-B001-151,Toilet - T2 (Mayfair Plce),Streetscape - Maungakiekie-Tamaki,Public Toilet,Building Level 3,Maungakiekie-Tamaki,Maungakiekie-Tamaki,450000.0,3,0.0,0.0,1,Damage Unlikely,True,False,False,False,False,0,No elevated flag
park-626,10072-B011-151,Toilet-T41 (Upper Municipal Place),Streetscape - Maungakiekie-Tamaki,Public Toilet,Building Level 3,Maungakiekie-Tamaki,Maungakiekie-Tamaki,450000.0,3,0.0,0.0,1,Very Low,True,False,False,False,False,0,No elevated flag
park-627,10082-B004-151,Toilet - Wi16 (Orapiu Wharf),Streetscape - Waiheke,Public Toilet,Building Level 3,Waiheke,Waiheke-Great Barrier,450000.0,3,0.0,0.0,0,Not mapped,False,False,False,False,False,0,No elevated flag
park-628,10082-B011-151,Sandy Bay Toilet Wi5(121 Grt.Barrier Rd),Streetscape - Waiheke,Public Toilet,Building Level 3,Waiheke,Waiheke-Great Barrier,450000.0,3,0.0,0.0,1,Very Low,True,False,False,False,False,0,No elevated flag
park-630,10099-B042-151,Toilet - H10 (226 Symonds St),Streetscape - Waitemata,Public Toilet,Building Level 3,Waitemata,Waitemata,450000.0,3,0.0,0.0,1,Very Low,True,False,False,False,False,0,No elevated flag
park-631,10107-B004-151,Changing Rooms Eastdale Reserve,Eastdale Reserve,Changing Shed,Building Level 3,Whau,Whau,650000.0,2,0.0,0.0,1,Damage Unlikely,True,False,False,False,False,0,No elevated flag
park-632,10134-B002-151,Toilet - G8 (Whangaparapara),Streetscape - Great Barrier,Public Toilet,Building Level 3,Aotea/Great Barrier,Waiheke-Great Barrier,450000.0,3,0.0,0.0,0,Not mapped,False,False,False,False,False,0,No elevated flag
park-633,10134-B009-151,Toilet - G10 (Motairehe),Streetscape - Great Barrier,Public Toilet,Building Level 3,Aotea/Great Barrier,Waiheke-Great Barrier,450000.0,3,0.0,0.0,1,Very Low,True,False,False,False,False,0,No elevated flag
park-635,10147-B003-100,Onehunga Library,Onehunga Library And Community Centre,Library,Building Level 3,Maungakiekie-Tamaki,Maungakiekie-Tamaki,15000000.0,5,0.0,0.0,1,Very Low,True,False,False,False,False,0,No elevated flag
park-636,10151-B001-151,Toilet - W19 11 Central Avenue,Nixon Park,Public Toilet,Building Level 3,Albert-Eden,Albert-Eden,450000.0,3,0.0,0.0,1,Very Low,True,False,False,False,False,0,No elevated flag
park-637,10155-B006-151,Toilet - W61(Grey Lynn Park),Grey Lynn Park,Public Toilet,Building Level 3,Waitemata,Waitemata,450000.0,3,0.0,0.0,1,Very Low,True,False,False,False,False,0,No elevated flag
park-638,10158-B002-151,Toilet-T15 (Seaside Park)-By playground,Seaside Park,Public Toilet,Building Level 3,Mangere-Otahuhu,Mangere-Otahuhu,450000.0,3,0.0,0.0,1,Damage Unlikely,True,False,False,False,False,0,No elevated flag
park-64,10168-B002-151,Panmure Library Meeting Room,Panmure Library-Community Hall,Library,Building Level 3,Maungakiekie-Tamaki,Maungakiekie-Tamaki,15000000.0,5,0.0,0.0,1,Very Low,True,False,False,False,False,0,No elevated flag
park-640,10168-B002-103,Panmure Library,Panmure Library-Community Hall,Library,Building Level 3,Maungakiekie-Tamaki,Maungakiekie-Tamaki,15000000.0,5,0.0,0.0,1,Very Low,True,False,False,False,False,0,No elevated flag
park-641,10178-B001-151,Toilet - E2 (Centennial Park),Centennial Park,Public Toilet,Building Level 3,Albert-Eden,Albert-Eden,450000.0,3,0.0,0.0,1,Very Low,True,False,False,False,False,0,No elevated flag
park-642,10257-B001-151,Toilet - Wi4 (Little Oneroa),Little Oneroa Reserve,Public Toilet,Building Level 3,Waiheke,Waiheke-Great Barrier,450000.0,3,0.0,0.0,1,Very Low,True,False,False,False,False,0,No elevated flag
park-644,10286-B002-151,Toilet - E6 (Potters Park),Potters Park,Public Toilet,Building Level 3,Albert-Eden,Albert-Eden,450000.0,3,0.0,0.0,1,Very Low,True,False,False,False,False,0,No elevated flag
park-645,10302-B001-100,Toilet Wi22 Rangihoua Sports Pavillion,Onetangi Sports Park (Rangihoua),Public Toilet,Building Level 3,Waiheke,Waiheke-Great Barrier,450000.0,3,0.0,0.0,1,Very Low,True,False,False,False,False,0,No elevated flag
park-646,10310-B006-151,Waiheke Library,Waiheke Island Artworks,Library,Building Level 3,Waiheke,Waiheke-Great Barrier,15000000.0,5,0.0,0.0,1,Very Low,True,False,False,False,False,0,No elevated flag
park-647,10326-B001-100,Toilet - H26 (Outhwaite Park),Outhwaite Park,Public Toilet,Building Level 3,Waitemata,Waitemata,450000.0,3,0.0,0.0,1,Very Low,True,False,False,False,False,0,No elevated flag
park-648,10356-B002-151,Toilet - W47 (Western Park),Western Park - Freemans Bay,Public Toilet,Building Level 3,Waitemata,Waitemata,450000.0,3,0.0,0.0,1,Very Low,True,False,False,False,False,0,No elevated flag
park-651,10381-B001-151,Toilet - E12 (Margaret Griffen Park),Margaret Griffen Park,Public Toilet,Building Level 3,Puketapapa,Puketapapa,450000.0,3,0.0,0.0,1,Damage Unlikely,True,False,False,False,False,0,No elevated flag
park-652,10387-B002-151,Point Erin Park Toilet,Te Oka / Point Erin Park,Public Toilet,Building Level 3,Waitemata,Waitemata,450000.0,3,0.0,0.0,1,Very Low,True,False,False,False,False,0,No elevated flag
park-653,10389-B003-151,Toilet - Gribblehirst Park,Gribblehirst Park,Public Toilet,Building Level 3,Albert-Eden,Albert-Eden,450000.0,3,0.0,0.0,1,Very Low,True,False,False,False,False,0,No elevated flag
park-654,10446-B002-151,Blockhouse Bay Community Library,Gittos Domain,Library,Building Level 3,Whau,Whau,15000000.0,5,0.0,0.0,1,Very Low,True,False,False,False,False,0,No elevated flag
park-655,10464-B043-151,Children's Garden Toilet - Btga,Botanic Gardens Regional Park,Public Toilet,Building Level 3,Manurewa,Manurewa,450000.0,3,0.0,0.0,1,Very Low,True,False,False,False,False,0,No elevated flag
park-656,10467-B018-151,Sheepyards Vault Toilet - Oman,O Manawatere Regional Park,Public Toilet,Building Level 3,Franklin,Franklin,450000.0,3,0.0,0.0,1,Very Low,True,False,False,False,False,0,No elevated flag
park-657,10468-B009-151,Lower Mangatawhiri Campgrd Long Drop 2,Hunua Ranges Regional Park,Public Toilet,Building Level 3,Franklin,Franklin,450000.0,3,0.0,0.0,0,Not mapped,False,False,False,False,False,0,No elevated flag
park-658,10468-B034-151,Old Longddrop Adams Lkout (Remote Site),Hunua Ranges Regional Park,Public Toilet,Building Level 3,Franklin,Franklin,450000.0,3,0.0,0.0,1,Very Low,True,False,False,False,False,0,No elevated flag
park-659,10468-B037-151,Workman Camp Compst Toilet (Remote Site),Hunua Ranges Regional Park,Public Toilet,Building Level 3,Franklin,Franklin,450000.0,3,0.0,0.0,0,Not mapped,False,False,False,False,False,0,No elevated flag
park-66,10099-B019-151,Toilet - 120 Old Mill Rd,Streetscape - Waitemata,Public Toilet,Building Level 3,Waitemata,Waitemata,450000.0,3,0.0,0.0,1,Very Low,True,False,False,False,False,0,No elevated flag
park-660,10468-B038-151,Mangatangi trig composting (Remote Site),Hunua Ranges Regional Park,Public Toilet,Building Level 3,Franklin,Franklin,450000.0,3,0.0,0.0,0,Not mapped,False,False,False,False,False,0,No elevated flag
park-661,10468-B039-151,Thousand Acre Clearing (Remote Site),Hunua Ranges Regional Park,Public Toilet,Building Level 3,Franklin,Franklin,450000.0,3,0.0,0.0,0,Not mapped,False,False,False,False,False,0,No elevated flag
park-662,10468-B040-151,Pit toilet Piggots,Hunua Ranges Regional Park,Public Toilet,Building Level 3,Franklin,Franklin,450000.0,3,0.0,0.0,0,Not mapped,False,False,False,False,False,0,No elevated flag
park-663,10470-B013-151,Brook Homestead Long Drop-Awhi,Awhitu Regional Park,Public Toilet,Building Level 3,Franklin,Franklin,450000.0,3,0.0,0.0,1,Very Low,True,False,False,False,False,0,No elevated flag
park-664,10471-B006-151,Ambury Park Camp Toilet,Te Ara i Tautahi/Ambury Regional Park,Public Toilet,Building Level 3,Mangere-Otahuhu,Mangere-Otahuhu,450000.0,3,0.0,0.0,1,Very Low,True,False,False,False,False,0,No elevated flag
park-665,10474-B017-151,Toilet Big Bay East Block - Mahu,Mahurangi Regional Park,Public Toilet,Building Level 3,Rodney,Rodney,450000.0,3,0.0,0.0,1,Very Low,True,False,False,False,False,0,No elevated flag
park-666,10474-B028-151,Toilet Lagoon Bay East Block - Mahu,Mahurangi Regional Park,Public Toilet,Building Level 3,Rodney,Rodney,450000.0,3,0.0,0.0,1,Very Low,True,False,False,False,False,0,No elevated flag
park-67,10107-B004-152,Toilet - W10 (Eastdale Reserve),Eastdale Reserve,Public Toilet,Building Level 3,Whau,Whau,450000.0,3,0.0,0.0,1,Damage Unlikely,True,False,False,False,False,0,No elevated flag
park-670,10481-B001-151,"Composting Toilet - 149 Bays Road, Orere",Orere Point Regional Park,Public Toilet,Building Level 3,Franklin,Franklin,450000.0,3,0.0,0.0,1,Very Low,True,False,False,False,False,0,No elevated flag
park-672,10485-B030-151,Long Drop Toilet Odlins Camp - Wtkw,Waitakere West Regional Park,Public Toilet,Building Level 3,Waitakere Ranges,Waitakere Ranges,450000.0,3,0.0,0.0,1,Very Low,True,False,False,False,False,0,No elevated flag
park-673,10485-B034-151,Toilet Block Piha Mill Camp-Stedfast Prk,Waitakere West Regional Park,Public Toilet,Building Level 3,Waitakere Ranges,Waitakere Ranges,450000.0,3,0.0,0.0,1,Very Low,True,False,False,False,False,0,No elevated flag
park-675,10488-B007-151,Composting Toilet Barn Pdk - Wtks,Waitakere South Regional Park,Public Toilet,Building Level 3,Waitakere Ranges,Waitakere Ranges,450000.0,3,0.0,0.0,1,Very Low,True,False,False,False,False,0,No elevated flag
park-676,10488-B019-151,Vault Toilet Kaitarakihi - Wtks,Waitakere South Regional Park,Public Toilet,Building Level 3,Waitakere Ranges,Waitakere Ranges,450000.0,3,0.0,0.0,1,Very Low,True,False,False,False,False,0,No elevated flag
park-677,10488-B035-151,Composting Toilet Karamatura - Wtks,Waitakere South Regional Park,Public Toilet,Building Level 3,Waitakere Ranges,Waitakere Ranges,450000.0,3,0.0,0.0,1,Very Low,True,False,False,False,False,0,No elevated flag
park-68,10129-B002-151,Toilet-T7 (84 Atkinson Ave),Otahuhu Community Centre/Office,Public Toilet,Building Level 3,Mangere-Otahuhu,Mangere-Otahuhu,450000.0,3,0.0,0.0,1,Very Low,True,False,False,False,False,0,No elevated flag
park-680,10493-B019-151,Toilet - Mataitai Bay-Beach Front,Waitawa Regional Park,Public Toilet,Building Level 3,Franklin,Franklin,450000.0,3,0.0,0.0,1,Very Low,True,False,False,False,False,0,No elevated flag
park-681,10493-B022-151,Horse Riders CompostToilet Waitawa,Waitawa Regional Park,Public Toilet,Building Level 3,Franklin,Franklin,450000.0,3,0.0,0.0,1,Very Low,True,False,False,False,False,0,No elevated flag
park-682,10497-B019-151,Inner Carpark Toilet-Waha,Waharau Regional Park,Public Toilet,Building Level 3,Franklin,Franklin,450000.0,3,0.0,0.0,0,Not mapped,False,False,False,False,False,0,No elevated flag
park-684,10501-B001-151,Toilet- (Matakawau Recreation Reserve),Matakawau Recreation Reserve,Public Toilet,Building Level 3,Franklin,Franklin,450000.0,3,0.0,0.0,1,Very Low,True,False,False,False,False,0,No elevated flag
park-685,10515-B001-100,Waiuku Lib & Comm Hall & Service Centre,Waiuku Library,Library,Building Level 3,Franklin,Franklin,15000000.0,5,0.0,0.0,1,Damage Unlikely,True,False,False,False,False,0,No elevated flag
park-686,10525-B001-151,Toilet- (Pukekohe Cemetery)Center Of Cem,Pukekohe Cemetery,Public Toilet,Building Level 3,Franklin,Franklin,450000.0,3,0.0,0.0,1,Very Low,True,False,False,False,False,0,No elevated flag
park-687,10535-B002-151,Toilet- (Massey Park - Waiuku)Gents,Massey Park - Waiuku,Public Toilet,Building Level 3,Franklin,Franklin,450000.0,3,0.0,0.0,1,Damage Unlikely,True,False,False,False,False,0,No elevated flag
park-688,10538-B001-151,Toilet-(Rosa Birch Park),Rosa Birch Park,Public Toilet,Building Level 3,Franklin,Franklin,450000.0,3,0.0,0.0,1,Very Low,True,False,False,False,False,0,No elevated flag
park-689,10544-B001-151,Toilet- Entrance To Karioitahi Reserve,Karioitahi Reserve,Public Toilet,Building Level 3,Franklin,Franklin,450000.0,3,0.0,0.0,1,Damage Unlikely,True,False,False,False,False,0,No elevated flag
park-692,10588-B013-151,Toilet-Baseball Block (Lloyd Elsmore),Lloyd Elsmore Park,Public Toilet,Building Level 3,Howick,Howick,450000.0,3,0.0,0.0,1,Damage Unlikely,True,False,False,False,False,0,No elevated flag
park-693,10647-B002-155,Manurewa Lib - Local Brd Room- Shop 03,Manurewa Library Complex Grounds,Library,Building Level 3,Manurewa,Manurewa,15000000.0,5,0.0,0.0,1,Damage Unlikely,True,False,False,False,False,0,No elevated flag
park-694,10659-B004-151,Manurewa War Memorial Park Toilet,Manurewa War Memorial Park,Public Toilet,Building Level 3,Manurewa,Manurewa,450000.0,3,0.0,0.0,1,Damage Unlikely,True,False,False,False,False,0,No elevated flag
park-695,10679-B001-151,Elm Park Change Rooms,Elm Park,Public Toilet,Building Level 3,Howick,Howick,450000.0,3,0.0,0.0,1,Damage Unlikely,True,False,False,False,False,0,No elevated flag
park-696,10687-B007-152,Manurewa Sport Centre Changing Rooms,Mountfort Park,Changing Shed,Building Level 3,Manurewa,Manurewa,650000.0,2,0.0,0.0,1,Damage Unlikely,True,False,False,False,False,0,No elevated flag
park-697,10698-B001-151,Murphys Bush Reserve Toilet Block,Murphys Bush Reserve,Public Toilet,Building Level 3,Howick,Howick,450000.0,3,0.0,0.0,1,Damage Unlikely,True,False,False,False,False,0,No elevated flag
park-698,10710-B003-151,Meadowland Park Toilet Block,Meadowland Park,Public Toilet,Building Level 3,Howick,Howick,450000.0,3,0.0,0.0,1,Damage Unlikely,True,False,False,False,False,0,No elevated flag
park-699,10711-B001-151,Toilet-(Clevedon Showgrounds) AMP block,Clevedon Showgrounds Reserve,Public Toilet,Building Level 3,Franklin,Franklin,450000.0,3,0.0,0.0,1,Damage Unlikely,True,False,False,False,False,0,No elevated flag
park-7,10011-B001-153,Auckland Central Library - Ground,Auckland Central Library,Library,Building Level 3,Waitemata,Waitemata,15000000.0,5,0.0,0.0,1,Very Low,True,False,False,False,False,0,No elevated flag
park-70,10139-B004-151,Toilets-Tamaki Dr(The Landing)-West End,Tamaki Drive (The Landing),Public Toilet,Building Level 3,Orakei,Orakei,450000.0,3,0.0,0.0,1,Very Low,True,False,False,False,False,0,No elevated flag
park-700,10717-B001-151,Te Matariki Clendon Library,Clendon Community Centre Reserve,Library,Building Level 3,Manurewa,Manurewa,15000000.0,5,0.0,0.0,1,Damage Unlikely,True,False,False,False,False,0,No elevated flag
park-701,10719-B003-151,William Green Domain Toilet/Change Rms,William Green Domain,Public Toilet,Building Level 3,Howick,Howick,450000.0,3,0.0,0.0,1,Very Low,True,False,False,False,False,0,No elevated flag
park-702,10738-B002-151,House Park Toilets,House Park,Public Toilet,Building Level 3,Mangere-Otahuhu,Mangere-Otahuhu,450000.0,3,0.0,0.0,1,Damage Unlikely,True,False,False,False,False,0,No elevated flag
park-703,10756-B001-151,Millhouse Park Toilets,Millhouse Park,Public Toilet,Building Level 3,Howick,Howick,450000.0,3,0.0,0.0,1,Damage Unlikely,True,False,False,False,False,0,No elevated flag
park-704,10756-B001-152,Changing Rooms,Millhouse Park,Changing Shed,Building Level 3,Howick,Howick,650000.0,2,0.0,0.0,1,Damage Unlikely,True,False,False,False,False,0,No elevated flag
park-705,10757-B007-152,Moana-Nui-a-Kiwa Changing Rooms,Moana-Nui-a-Kiwa Pool & Leisure Centre,Changing Shed,Building Level 3,Mangere-Otahuhu,Mangere-Otahuhu,650000.0,2,0.0,0.0,1,Damage Unlikely,True,False,False,False,False,0,No elevated flag
park-706,10758-B003-151,Maraetai Library,Maraetai Library Reserve,Library Rural,Building Level 3,Franklin,Franklin,5000000.0,4,0.0,0.0,1,Very Low,True,False,False,False,False,0,No elevated flag
park-707,10759-B001-152,Maraetai North - changing room area,Maraetai Park,Changing Shed,Building Level 3,Franklin,Franklin,650000.0,2,0.0,0.0,1,Very Low,True,False,False,False,False,0,No elevated flag
park-708,10807-B009-100,Toilets - Temporary-Sthrn sports fields,Barry Curtis Park,Public Toilet,Building Level 3,Howick,Howick,450000.0,3,0.0,0.0,1,Damage Unlikely,True,False,False,False,False,0,No elevated flag
park-709,10891-B001-151,Papatoetoe Library,Papatoetoe Library,Library,Building Level 3,Otara-Papatoetoe,Otara-Papatoetoe,15000000.0,5,0.0,0.0,1,Damage Unlikely,True,False,False,False,False,0,No elevated flag
park-710,10936-B001-151,Collins Park Exeloo,Collins Park,Public Toilet,Building Level 3,Upper Harbour,Upper Harbour,450000.0,3,0.0,0.0,1,Damage Unlikely,True,False,False,False,False,0,No elevated flag
park-711,10940-B001-100,Archives Storage,Takapuna Library/War Memorial Hall,Library,Building Level 3,Devonport-Takapuna,Devonport-Takapuna,15000000.0,5,0.0,0.0,1,Damage Unlikely,True,False,False,False,False,0,No elevated flag
park-712,10940-B001-157,Takapuna Library - Ground,Takapuna Library/War Memorial Hall,Library,Building Level 3,Devonport-Takapuna,Devonport-Takapuna,15000000.0,5,0.0,0.0,1,Damage Unlikely,True,False,False,False,False,0,No elevated flag
park-713,10940-B001-158,Takapuna Library - Level 01,Takapuna Library/War Memorial Hall,Library,Building Level 3,Devonport-Takapuna,Devonport-Takapuna,15000000.0,5,0.0,0.0,1,Damage Unlikely,True,False,False,False,False,0,No elevated flag
park-715,10996-B001-151,Toilet - Public Toilets Milford Shops,Milford Shops Public Toilets,Public Toilet,Building Level 3,Devonport-Takapuna,Devonport-Takapuna,450000.0,3,0.0,0.0,1,Very Low,True,False,False,False,False,0,No elevated flag
park-72,10166-B002-100,Mount Albert Library,Mount Albert Community Library,Library,Building Level 3,Albert-Eden,Albert-Eden,15000000.0,5,0.0,0.0,1,Very Low,True,False,False,False,False,0,No elevated flag
park-720,11104-B001-151,Hinemoa Street Public Toilets,Hinemoa Park,Public Toilet,Building Level 3,Kaipatiki,Kaipatiki,450000.0,3,0.0,0.0,1,Very Low,True,False,False,False,False,0,No elevated flag
park-722,11138-B001-151,Kaipatiki Park Exeloo,Kaipatiki Park,Public Toilet,Building Level 3,Kaipatiki,Kaipatiki,450000.0,3,0.0,0.0,1,Very Low,True,False,False,False,False,0,No elevated flag
park-723,11156-B001-151,Drury Domain Public Toilets,Drury Domain,Public Toilet,Building Level 3,Papakura,Papakura,450000.0,3,0.0,0.0,1,Damage Unlikely,True,False,False,False,False,0,No elevated flag
park-725,11341-B001-151,Toilet-(Ranui Domain)North Of Entrance,Ranui Domain,Public Toilet,Building Level 3,Henderson-Massey,Henderson-Massey,450000.0,3,0.0,0.0,1,Damage Unlikely,True,False,False,False,False,0,No elevated flag
park-727,11346-B001-102,Toilet-(Rene Shadbolt) facing fields,Sister Rene Shadbolt Park,Public Toilet,Building Level 3,Whau,Whau,450000.0,3,0.0,0.0,1,Damage Unlikely,True,False,False,False,False,0,No elevated flag
park-728,11376-B002-151,Toilet-(Te Pai Park),Te Pai Park,Public Toilet,Building Level 3,Henderson-Massey,Henderson-Massey,450000.0,3,0.0,0.0,1,Damage Unlikely,True,False,False,False,False,0,No elevated flag
park-729,11390-B001-151,Toilet- (Hobsonville War Memorial),Hobsonville War Memorial,Public Toilet,Building Level 3,Upper Harbour,Upper Harbour,450000.0,3,0.0,0.0,1,Damage Unlikely,True,False,False,False,False,0,No elevated flag
park-73,10194-B002-151,Toilet - T35 (Waikaraka Park),Waikaraka Park,Public Toilet,Building Level 3,Maungakiekie-Tamaki,Maungakiekie-Tamaki,450000.0,3,0.0,0.0,1,Very Low,True,False,False,False,False,0,No elevated flag
park-731,11417-B001-151,Toilet- (La Rosa Garden Reserve),La Rosa Garden Reserve,Public Toilet,Building Level 3,Whau,Whau,450000.0,3,0.0,0.0,1,Very Low,True,False,False,False,False,0,No elevated flag
park-732,11436-B005-151,Toilet-(Lloyd Morgan Lions Club Park),Lloyd Morgan Lions Club Park,Public Toilet,Building Level 3,Henderson-Massey,Henderson-Massey,450000.0,3,0.0,0.0,1,Damage Unlikely,True,False,False,False,False,0,No elevated flag
park-733,11480-B001-151,Toilet-Massey Domain,Massey Domain,Public Toilet,Building Level 3,Henderson-Massey,Henderson-Massey,450000.0,3,0.0,0.0,1,Very Low,True,False,False,False,False,0,No elevated flag
park-734,11486-B003-151,Toilet-(Moire Park)Appr 130m Along Drive,Moire Park,Public Toilet,Building Level 3,Henderson-Massey,Henderson-Massey,450000.0,3,0.0,0.0,1,Damage Unlikely,True,False,False,False,False,0,No elevated flag
park-735,11491-B005-151,Waitakere View Toilet,Waikumete Cemetery,Public Toilet,Building Level 3,Waitakere Ranges,Waitakere Ranges,450000.0,3,0.0,0.0,1,Very Low,True,False,False,False,False,0,No elevated flag
park-736,20001-B002-151,Toilet- (Reserve - Adj Papakura Ser Ctr),Village Green (Papakura Service Centre),Public Toilet,Building Level 3,Papakura,Papakura,450000.0,3,0.0,0.0,1,Damage Unlikely,True,False,False,False,False,0,No elevated flag
park-737,20006-B001-151,Normanton Reserve Toilets,Normanton Reserve,Public Toilet,Building Level 3,Kaipatiki,Kaipatiki,450000.0,3,0.0,0.0,1,Very Low,True,False,False,False,False,0,No elevated flag
park-739,20015-B001-151,Bayswater Marina Public Toilet (North),Bayswater Marina Public Toilets,Public Toilet,Building Level 3,Devonport-Takapuna,Devonport-Takapuna,450000.0,3,0.0,0.0,0,Not mapped,False,False,False,False,False,0,No elevated flag
park-74,10198-B001-151,Toilet - E11 (Fearon Park),Fearon Park,Public Toilet,Building Level 3,Puketapapa,Puketapapa,450000.0,3,0.0,0.0,1,Very Low,True,False,False,False,False,0,No elevated flag
park-741,20024-B002-151,Toilet- (Silverdale War Memorial Park),Silverdale War Memorial Park,Public Toilet,Building Level 3,Hibiscus and Bays,Hibiscus and Bays,450000.0,3,0.0,0.0,1,Damage Unlikely,True,False,False,False,False,0,No elevated flag
park-742,20028-B001-151,Beach Haven Shops Public Toilets,Beach Haven Shops Public Toilets,Public Toilet,Building Level 3,Kaipatiki,Kaipatiki,450000.0,3,0.0,0.0,1,Very Low,True,False,False,False,False,0,No elevated flag
park-743,20050-B001-151,Belmont Shops Public Toilet,Belmont Shops Public Toilets,Public Toilet,Building Level 3,Devonport-Takapuna,Devonport-Takapuna,450000.0,3,0.0,0.0,1,Very Low,True,False,False,False,False,0,No elevated flag
park-744,20111-B001-151,Toilet-Beside Leal Place Parking Area,Streetscape - Hibiscus and Bays,Public Toilet,Building Level 3,Hibiscus and Bays,Hibiscus and Bays,450000.0,3,0.0,0.0,1,Very Low,True,False,False,False,False,0,No elevated flag
park-746,20111-B103-151,Torbay Shops Exeloo Number 2,Streetscape - Hibiscus and Bays,Public Toilet,Building Level 3,Hibiscus and Bays,Hibiscus and Bays,450000.0,3,0.0,0.0,1,Very Low,True,False,False,False,False,0,No elevated flag
park-748,20119-B005-151,"Toilet - 10 Hamatana Road, Snells Beach",Streetscape - Rodney,Public Toilet,Building Level 3,Rodney,Rodney,450000.0,3,0.0,0.0,1,Very Low,True,False,False,False,False,0,No elevated flag
park-75,10218-B001-151,Toilet - H34 (Glover Park),Glover Park,Public Toilet,Building Level 3,Orakei,Orakei,450000.0,3,0.0,0.0,1,Very Low,True,False,False,False,False,0,No elevated flag
park-750,20454-B001-151,Toilet-Back Corner Of Parking Area,Hingaia Reserve,Public Toilet,Building Level 3,Papakura,Papakura,450000.0,3,0.0,0.0,0,Not mapped,False,False,False,False,False,0,No elevated flag
park-754,20619-B001-151,Toilet (Whenua Rangatira),Whenua Rangatira,Public Toilet,Building Level 3,Orakei,Orakei,450000.0,3,0.0,0.0,1,Very Low,True,False,False,False,False,0,No elevated flag
park-755,20627-B001-151,Toilet-Cnr Silvedale St & Wainui Rd,Silverdale Reserve,Public Toilet,Building Level 3,Hibiscus and Bays,Hibiscus and Bays,450000.0,3,0.0,0.0,1,Very Low,True,False,False,False,False,0,No elevated flag
park-756,20672-B001-151,Toilet - G3 (Mulberry Grove),Mulberry Grove Reserve & School,Public Toilet,Building Level 3,Aotea/Great Barrier,Waiheke-Great Barrier,450000.0,3,0.0,0.0,1,Very Low,True,False,False,False,False,0,No elevated flag
park-759,21048-B001-151,Toilet- (Waima Reserve)At NE Corner,Waima Reserve,Public Toilet,Building Level 3,Waitakere Ranges,Waitakere Ranges,450000.0,3,0.0,0.0,1,Very Low,True,False,False,False,False,0,No elevated flag
park-760,21119-B001-151,Rewi Alley Reserve Toilet,Rewi Alley Reserve,Public Toilet,Building Level 3,Kaipatiki,Kaipatiki,450000.0,3,0.0,0.0,1,Very Low,True,False,False,False,False,0,No elevated flag
park-761,21132-B001-151,Toilet- (Green Bay Beach)East End,Green Bay Beach,Public Toilet,Building Level 3,Whau,Whau,450000.0,3,0.0,0.0,1,Very Low,True,False,False,False,False,0,No elevated flag
park-762,21368-B001-151,Hobsonville Point Park Toilet,Hobsonville Point Park,Public Toilet,Building Level 3,Upper Harbour,Upper Harbour,450000.0,3,0.0,0.0,1,Damage Unlikely,True,False,False,False,False,0,No elevated flag
park-763,21383-B001-151,Toilet Kuaka Park,Kuaka Park,Public Toilet,Building Level 3,Albert-Eden,Albert-Eden,450000.0,3,0.0,0.0,1,Very Low,True,False,False,False,False,0,No elevated flag
park-764,21411-B001-151,Toilet- (Sturges Park & Ride)SW Corner,Sturges Park & Ride,Public Toilet,Building Level 3,Henderson-Massey,Henderson-Massey,450000.0,3,0.0,0.0,1,Damage Unlikely,True,False,False,False,False,0,No elevated flag
park-767,21535-B001-152,Changing Rooms,McManus Park,Changing Shed,Building Level 3,Maungakiekie-Tamaki,Maungakiekie-Tamaki,650000.0,2,0.0,0.0,1,Very Low,True,False,False,False,False,0,No elevated flag
park-768,21720-B001-151,Toilet- (Pahiki Reserve)Twin Wharf Road,Pahiki Reserve,Public Toilet,Building Level 3,Upper Harbour,Upper Harbour,450000.0,3,0.0,0.0,0,Not mapped,False,False,False,False,False,0,No elevated flag
park-77,10174-B001-151,Toilet - Wi20 (Shelly Beach Norski),Putiki Reserve,Public Toilet,Building Level 3,Waiheke,Waiheke-Great Barrier,450000.0,3,0.0,0.0,1,Very Low,True,False,False,False,False,0,No elevated flag
park-771,21852-B001-151,Toilet- (Northall Park)On E Park,Northall Park,Public Toilet,Building Level 3,Whau,Whau,450000.0,3,0.0,0.0,1,Very Low,True,False,False,False,False,0,No elevated flag
park-774,22222-B001-151,Toilet- (Leigh Wharf Reserve),Leigh Wharf Reserve,Public Toilet,Building Level 3,Rodney,Rodney,450000.0,3,0.0,0.0,1,Very Low,True,False,False,False,False,0,No elevated flag
park-776,22287-B002-151,Toilet (Kowhai Park)-Car Park,Kowhai Park,Public Toilet,Building Level 3,Rodney,Rodney,450000.0,3,0.0,0.0,1,Very Low,True,False,False,False,False,0,No elevated flag
park-778,22389-B151-102,Whangaparaoa Library - Ground,Whangaparaoa Community Centre,Library,Building Level 3,Hibiscus and Bays,Hibiscus and Bays,15000000.0,5,0.0,0.0,1,Very Low,True,False,False,False,False,0,No elevated flag
park-779,22402-B001-151,Toilet-At End Next To Boat Ramp,Hardley Avenue Beach Accessway,Public Toilet,Building Level 3,Hibiscus and Bays,Hibiscus and Bays,450000.0,3,0.0,0.0,1,Very Low,True,False,False,False,False,0,No elevated flag
park-78,10174-B002-151,Toilet - Wi17 (End Shelly Beach Road),Putiki Reserve,Public Toilet,Building Level 3,Waiheke,Waiheke-Great Barrier,450000.0,3,0.0,0.0,0,Not mapped,False,False,False,False,False,0,No elevated flag
park-780,22446-B001-151,Toilet-Top Of Reserve,Brick Bay Drive - Puriri Place Reserve,Public Toilet,Building Level 3,Rodney,Rodney,450000.0,3,0.0,0.0,1,Very Low,True,False,False,False,False,0,No elevated flag
park-784,22823-B001-151,Toilet-(Maraetai Dressing Sheds Res),Maraetai Dressing Sheds Reserve,Public Toilet,Building Level 3,Franklin,Franklin,450000.0,3,0.0,0.0,1,Very Low,True,False,False,False,False,0,No elevated flag
park-785,23222-B001-151,Toilet-Otara TC-Male-N Bairds Rd pgrd,Otara Town Centre,Public Toilet,Building Level 3,Otara-Papatoetoe,Otara-Papatoetoe,450000.0,3,0.0,0.0,1,Damage Unlikely,True,False,False,False,False,0,No elevated flag
park-786,23222-B002-151,Toilet-Otara TC-Female-N Bairds Rd pgrd,Otara Town Centre,Public Toilet,Building Level 3,Otara-Papatoetoe,Otara-Papatoetoe,450000.0,3,0.0,0.0,1,Damage Unlikely,True,False,False,False,False,0,No elevated flag
park-788,23877-B001-151,"Ranui Library-431 Swanson Road,Ranui","Ranui Library-431 Swanson Road, Ranui",Library,Building Level 3,Henderson-Massey,Henderson-Massey,15000000.0,5,0.0,0.0,1,Damage Unlikely,True,False,False,False,False,0,No elevated flag
park-789,10745-B001-152,Changing rooms,Jellicoe Park,Changing Shed,Building Level 3,Manurewa,Manurewa,650000.0,2,0.0,0.0,1,Damage Unlikely,True,False,False,False,False,0,No elevated flag
park-79,10189-B003-100,"Leys Institute, Library",Leys Institute Community Library & Hall,Library,Building Level 3,Waitemata,Waitemata,15000000.0,5,0.0,0.0,1,Very Low,True,False,False,False,False,0,No elevated flag
park-790,10593-B001-152,ÅŒhuiarangi Changing Rooms,Ohuiarangi/Pigeon Mountain,Changing Shed,Building Level 3,Howick,Howick,650000.0,2,0.0,0.0,1,Very Low,True,False,False,False,False,0,No elevated flag
park-791,10591-B005-153,MSB Grandstand Changerooms,Manukau Sports Bowl & Velodrome,Changing Shed,Building Level 3,Otara-Papatoetoe,Otara-Papatoetoe,650000.0,2,0.0,0.0,1,Damage Unlikely,True,False,False,False,False,0,No elevated flag
park-793,10180-B001-151,ZZZ_Toilet (novaloo)-Cnr Mt Eden Rd/Duke,Te Tatua a Riukiuta/Big King,Public Toilet,Building Level 3,Puketapapa,Puketapapa,450000.0,3,0.0,0.0,1,Very Low,True,False,False,False,False,0,No elevated flag
park-794,10471-B010-102,Farm Display Centre Changerooms,Te Ara i Tautahi/Ambury Regional Park,Changing Shed,Building Level 3,Mangere-Otahuhu,Mangere-Otahuhu,650000.0,2,0.0,0.0,1,Very Low,True,False,False,False,False,0,No elevated flag
park-795,10591-B005-152,Velodrome Toilet,Manukau Sports Bowl & Velodrome,Public Toilet,Building Level 3,Otara-Papatoetoe,Otara-Papatoetoe,450000.0,3,0.0,0.0,1,Damage Unlikely,True,False,False,False,False,0,No elevated flag
park-796,22940-B004-102,Te Pane-o-Mataaho/Mangere Toilet-Soccer,Te Pane-o-Mataaho/Mangere Mountain,Public Toilet,Building Level 3,Mangere-Otahuhu,Mangere-Otahuhu,450000.0,3,0.0,0.0,1,Very Low,True,False,False,False,False,0,No elevated flag
park-797,10362-B004-151,Toilet near playground,Maungakiekie/One Tree Hill,Public Toilet,Building Level 3,Maungakiekie-Tamaki,Maungakiekie-Tamaki,450000.0,3,0.0,0.0,1,Very Low,True,False,False,False,False,0,No elevated flag
park-798,10659-B001-152,Changing rooms-(Manurewa WMP),Manurewa War Memorial Park,Changing Shed,Building Level 3,Manurewa,Manurewa,650000.0,2,0.0,0.0,1,Damage Unlikely,True,False,False,False,False,0,No elevated flag
park-799,33448-B001-105,Public Toilets - Level 01,Te Manawa,Public Toilet,Building Level 3,Henderson-Massey,Henderson-Massey,450000.0,3,0.0,0.0,1,Damage Unlikely,True,False,False,False,False,0,No elevated flag
park-8,10011-B001-154,Auckland Central Library - Basement Low,Auckland Central Library,Library,Building Level 3,Waitemata,Waitemata,15000000.0,5,0.0,0.0,1,Very Low,True,False,False,False,False,0,No elevated flag
park-800,10940-B001-160,Takapuna Library - Basement,Takapuna Library/War Memorial Hall,Library,Building Level 3,Devonport-Takapuna,Devonport-Takapuna,15000000.0,5,0.0,0.0,1,Damage Unlikely,True,False,False,False,False,0,No elevated flag
park-801,10471-B010-152,Ambury Park Toilets Farm Display Centre,Te Ara i Tautahi/Ambury Regional Park,Public Toilet,Building Level 3,Mangere-Otahuhu,Mangere-Otahuhu,450000.0,3,0.0,0.0,1,Very Low,True,False,False,False,False,0,No elevated flag
park-803,10691-B004-152,East Tamaki Change Rooms,East Tamaki Reserve,Changing Shed,Building Level 3,Otara-Papatoetoe,Otara-Papatoetoe,650000.0,2,0.0,0.0,1,Damage Unlikely,True,False,False,False,False,0,No elevated flag
park-804,21277-B001-100,Changing Room - (French Bay Esplanade),French Bay Esplanade,Changing Shed,Building Level 3,Waitakere Ranges,Waitakere Ranges,650000.0,2,0.0,0.0,1,Very Low,True,False,False,False,False,0,No elevated flag
park-805,10878-B002-100,Toilet-Yates Road,Yates Road 10,Public Toilet,Building Level 3,Mangere-Otahuhu,Mangere-Otahuhu,450000.0,3,0.0,0.0,1,Damage Unlikely,True,False,False,False,False,0,No elevated flag
park-807,22987-B002-152,Changing Rms-Norana Park-near playgrnd,Norana Park,Changing Shed,Building Level 3,Mangere-Otahuhu,Mangere-Otahuhu,650000.0,2,0.0,0.0,1,Damage Unlikely,True,False,False,False,False,0,No elevated flag
park-808,23222-B161-161,Toilet-East Tamaki Bus Shelter,Otara Town Centre,Public Toilet,Building Level 3,Otara-Papatoetoe,Otara-Papatoetoe,450000.0,3,0.0,0.0,1,Damage Unlikely,True,False,False,False,False,0,No elevated flag
park-809,21734-B002-152,Changing rooms,Ray Small Park,Changing Shed,Building Level 3,Papakura,Papakura,650000.0,2,0.0,0.0,1,Damage Unlikely,True,False,False,False,False,0,No elevated flag
park-810,11161-B004-152,Mclennan Chngrms 3&4-Furthest frm carprk,Mclennan Park,Changing Shed,Building Level 3,Papakura,Papakura,650000.0,2,0.0,0.0,1,Damage Unlikely,True,False,False,False,False,0,No elevated flag
park-811,11021-B001-152,Toilet-(on side of Cafe),Caravan Park (The Promenade),Public Toilet,Building Level 3,Devonport-Takapuna,Devonport-Takapuna,450000.0,3,0.0,0.0,1,Very Low,True,False,False,False,False,0,No elevated flag
park-812,10714-B002-152,Ngati Otara Changing Rooms,Ngati Otara Park,Changing Shed,Building Level 3,Otara-Papatoetoe,Otara-Papatoetoe,650000.0,2,0.0,0.0,1,Damage Unlikely,True,False,False,False,False,0,No elevated flag
park-813,11211-B002-100,Changing Room,Wellsford Centennial Park,Changing Shed,Building Level 3,Rodney,Rodney,650000.0,2,0.0,0.0,1,Very Low,True,False,False,False,False,0,No elevated flag
park-814,10627-B001-153,Omana Park Changerooms,Omana Park,Changing Shed,Building Level 3,Otara-Papatoetoe,Otara-Papatoetoe,650000.0,2,0.0,0.0,1,Damage Unlikely,True,False,False,False,False,0,No elevated flag
park-815,10179-B004-151,Toilet - Cnr Mt Eden Rd and Summit Dr,Maungawhau/Mount Eden,Public Toilet,Building Level 3,Albert-Eden,Albert-Eden,450000.0,3,0.0,0.0,1,Very Low,True,False,False,False,False,0,No elevated flag
park-816,10362-B002-151,Toilet -T42 (One Tree Hill Domain),Maungakiekie/One Tree Hill,Public Toilet,Building Level 3,Maungakiekie-Tamaki,Maungakiekie-Tamaki,450000.0,3,0.0,0.0,1,Very Low,True,False,False,False,False,0,No elevated flag
park-817,10444-B007-151,Nicholson Park Toilet by Courts,Nicholson Park,Public Toilet,Building Level 3,Albert-Eden,Albert-Eden,450000.0,3,0.0,0.0,1,Very Low,True,False,False,False,False,0,No elevated flag
park-818,21650-B001-152,Rongomai Sports Centre -Toilet,Rongomai Park,Public Toilet,Building Level 3,Otara-Papatoetoe,Otara-Papatoetoe,450000.0,3,0.0,0.0,1,Damage Unlikely,True,False,False,False,False,0,No elevated flag
park-819,10593-B001-151,ÅŒhuiarangi Toilets - next to sportsfield,Ohuiarangi/Pigeon Mountain,Public Toilet,Building Level 3,Howick,Howick,450000.0,3,0.0,0.0,1,Very Low,True,False,False,False,False,0,No elevated flag
park-821,11344-B001-100,Changing Rm-(Royal Reserve),Royal Reserve,Changing Shed,Building Level 3,Henderson-Massey,Henderson-Massey,650000.0,2,0.0,0.0,1,Very Low,True,False,False,False,False,0,No elevated flag
park-822,10544-B001-152,Changing room area,Karioitahi Reserve,Changing Shed,Building Level 3,Franklin,Franklin,650000.0,2,0.0,0.0,1,Damage Unlikely,True,False,False,False,False,0,No elevated flag
park-824,10479-B050-151,Portacom-toilet facility,Te Haruhi/Shakespear Regional Park,Public Toilet,Building Level 3,Hibiscus and Bays,Hibiscus and Bays,450000.0,3,0.0,0.0,1,Very Low,True,False,False,False,False,0,No elevated flag
park-825,22725-B001-152,Keri Downs Changerooms,Keri Downs Park,Changing Shed,Building Level 3,Papakura,Papakura,650000.0,2,0.0,0.0,1,Very Low,True,False,False,False,False,0,No elevated flag
park-826,21282-B001-100,Toilets-Community Hall/Clubrooms,Smiths Reserve,Public Toilet,Building Level 3,Papakura,Papakura,450000.0,3,0.0,0.0,1,Damage Unlikely,True,False,False,False,False,0,No elevated flag
park-827,20594-B002-152,Greenmount Park Changing Rooms,Greenmount Park,Changing Shed,Building Level 3,Howick,Howick,650000.0,2,0.0,0.0,1,Very Low,True,False,False,False,False,0,No elevated flag
park-828,10627-B001-152,Omana Park Toilet,Omana Park,Public Toilet,Building Level 3,Otara-Papatoetoe,Otara-Papatoetoe,450000.0,3,0.0,0.0,1,Damage Unlikely,True,False,False,False,False,0,No elevated flag
park-829,21277-B001-151,Toilet- (French Bay Esplanade),French Bay Esplanade,Public Toilet,Building Level 3,Waitakere Ranges,Waitakere Ranges,450000.0,3,0.0,0.0,1,Very Low,True,False,False,False,False,0,No elevated flag
park-83,10117-B002-151,Toilet-(Point Chevalier Library),Point Chevalier Library,Public Toilet,Building Level 3,Albert-Eden,Albert-Eden,450000.0,3,0.0,0.0,1,Very Low,True,False,False,False,False,0,No elevated flag
park-831,33448-B001-100,Te Manawa Library - Level 01,Te Manawa,Library,Building Level 3,Henderson-Massey,Henderson-Massey,15000000.0,5,0.0,0.0,1,Damage Unlikely,True,False,False,False,False,0,No elevated flag
park-832,10168-B004-151,Toilet - Panmure Library (T12),Panmure Library-Community Hall,Public Toilet,Building Level 3,Maungakiekie-Tamaki,Maungakiekie-Tamaki,450000.0,3,0.0,0.0,1,Very Low,True,False,False,False,False,0,No elevated flag
park-833,10738-B002-152,House Park Change Rooms,House Park,Changing Shed,Building Level 3,Mangere-Otahuhu,Mangere-Otahuhu,650000.0,2,0.0,0.0,1,Damage Unlikely,True,False,False,False,False,0,No elevated flag
park-836,10596-B001-152,Changing rooms-(Leabank Park),Leabank Park,Changing Shed,Building Level 3,Manurewa,Manurewa,650000.0,2,0.0,0.0,1,Damage Unlikely,True,False,False,False,False,0,No elevated flag
park-837,22940-B004-101,Mangere Mountain Changing Rooms (Soccer),Te Pane-o-Mataaho/Mangere Mountain,Changing Shed,Building Level 3,Mangere-Otahuhu,Mangere-Otahuhu,650000.0,2,0.0,0.0,1,Very Low,True,False,False,False,False,0,No elevated flag
park-838,11161-B002-152,Mclennan Chngrms1&2-Closest to carprk,Mclennan Park,Changing Shed,Building Level 3,Papakura,Papakura,650000.0,2,0.0,0.0,1,Damage Unlikely,True,False,False,False,False,0,No elevated flag
park-839,11210-B002-100,Changing Room,Shoesmith Domain Recreation Reserve,Changing Shed,Building Level 3,Rodney,Rodney,650000.0,2,0.0,0.0,1,Very Low,True,False,False,False,False,0,No elevated flag
park-840,33448-B001-101,Te Manawa Library - Level 02,Te Manawa,Library,Building Level 3,Henderson-Massey,Henderson-Massey,15000000.0,5,0.0,0.0,1,Damage Unlikely,True,False,False,False,False,0,No elevated flag
park-841,20015-B002-151,Bayswater Marina Public Toilet (South),Bayswater Marina Public Toilets,Public Toilet,Building Level 3,Devonport-Takapuna,Devonport-Takapuna,450000.0,3,0.0,0.0,0,Not mapped,False,False,False,False,False,0,No elevated flag
park-842,10711-B001-152,Changing rooms (Clevedon Shwgrnds) AMP,Clevedon Showgrounds Reserve,Changing Shed,Building Level 3,Franklin,Franklin,650000.0,2,0.0,0.0,1,Damage Unlikely,True,False,False,False,False,0,No elevated flag
park-843,10619-B007-152,Changerooms,Walter Massey Park,Changing Shed,Building Level 3,Mangere-Otahuhu,Mangere-Otahuhu,650000.0,2,0.0,0.0,1,Damage Unlikely,True,False,False,False,False,0,No elevated flag
park-844,10663-B001-152,Changing rooms,Laurie Gibbons Memorial Park,Changing Shed,Building Level 3,Manurewa,Manurewa,650000.0,2,0.0,0.0,1,Damage Unlikely,True,False,False,False,False,0,No elevated flag
park-845,11025-B001-152,Claystore Toilets,Devonport Recycling Centres,Toilet/Changing,Building Level 3,Devonport-Takapuna,Devonport-Takapuna,800000.0,3,0.0,0.0,1,Very Low,True,False,False,False,False,0,No elevated flag
park-846,21650-B001-153,Rongomai Sports Centre-Changing Rooms,Rongomai Park,Changing Shed,Building Level 3,Otara-Papatoetoe,Otara-Papatoetoe,650000.0,2,0.0,0.0,1,Damage Unlikely,True,False,False,False,False,0,No elevated flag
park-847,11199-B001-152,Toilet-Sandbrook Reserve-close to PG,Pahurehure Esplanade Reserve,Public Toilet,Building Level 3,Papakura,Papakura,450000.0,3,0.0,0.0,1,Damage Unlikely,True,False,False,False,False,0,No elevated flag
park-848,11394-B005-152,Toilet-Corban Estate,Corban Estate,Toilet/Changing,Building Level 3,Henderson-Massey,Henderson-Massey,800000.0,3,0.0,0.0,1,Damage Unlikely,True,False,False,False,False,0,No elevated flag
park-849,10739-B006-101,Kolmar Public Toilets,Papatoetoe Recreation Grounds,Public Toilet,Building Level 3,Otara-Papatoetoe,Otara-Papatoetoe,450000.0,3,0.0,0.0,1,Damage Unlikely,True,False,False,False,False,0,No elevated flag
park-85,10134-B010-151,Toilet - G11 (Port Fitzroy),Streetscape - Great Barrier,Public Toilet,Building Level 3,Aotea/Great Barrier,Waiheke-Great Barrier,450000.0,3,0.0,0.0,1,Very Low,True,False,False,False,False,0,No elevated flag
park-850,10766-B008-151,AT Metro Toilet near bus shelter,Mangere Town Centre Grounds,Public Toilet,Building Level 3,Mangere-Otahuhu,Mangere-Otahuhu,450000.0,3,0.0,0.0,1,Damage Unlikely,True,False,False,False,False,0,No elevated flag
park-851,10513-B003-100,Toilet - Water tank - Ladies,"Hunua Hall, Tennis & Netball Courts",Public Toilet,Building Level 3,Franklin,Franklin,450000.0,3,0.0,0.0,1,Damage Unlikely,True,False,False,False,False,0,No elevated flag
park-855,23294-B002-151,Bonair Crescent Exeloo Toilet,Bonair Crescent Stormwater Pond,Public Toilet,Building Level 3,Hibiscus and Bays,Hibiscus and Bays,450000.0,3,0.0,0.0,1,Very Low,True,False,False,False,False,0,No elevated flag
park-857,21968-B001-153,Sanders Reserve Public Toilet,Sanders Reserve,Public Toilet,Building Level 3,Upper Harbour,Upper Harbour,450000.0,3,0.0,0.0,1,Very Low,True,False,False,False,False,0,No elevated flag
park-858,10835-B003-152,CLSD_Toilet-(Mangere Centre Park)Inside,Mangere Centre Park,Toilet/Changing,Building Level 3,Mangere-Otahuhu,Mangere-Otahuhu,800000.0,3,0.0,0.0,1,Damage Unlikely,True,False,False,False,False,0,No elevated flag
park-860,22167-B001-151,Monarch Park Exeloo,Monarch Park,Toilet/Changing,Building Level 3,Kaipatiki,Kaipatiki,800000.0,3,0.0,0.0,1,Very Low,True,False,False,False,False,0,No elevated flag
park-861,10272-B001-100,Toilet (Exeloo) - Mountain Rd Carpark,Maungarei/Mt Wellington,Public Toilet,Building Level 3,Maungakiekie-Tamaki,Maungakiekie-Tamaki,450000.0,3,0.0,0.0,1,Very Low,True,False,False,False,False,0,No elevated flag
park-862,20986-B029-151,Main Public Toilets-South Battery,Maungauika/North Head,Toilet/Changing,Building Level 3,Devonport-Takapuna,Devonport-Takapuna,800000.0,3,0.0,0.0,1,Very Low,True,False,False,False,False,0,No elevated flag
park-863,22847-B001-100,Toilet-Otamariki Park-Exeloo,Otamariki Park,Public Toilet,Building Level 3,Otara-Papatoetoe,Otara-Papatoetoe,450000.0,3,0.0,0.0,1,Damage Unlikely,True,False,False,False,False,0,No elevated flag
park-864,20986-B033-151,Toilet - near Stone Kitchen/Barracks,Maungauika/North Head,Toilet/Changing,Building Level 3,Devonport-Takapuna,Devonport-Takapuna,800000.0,3,0.0,0.0,1,Very Low,True,False,False,False,False,0,No elevated flag
park-865,11350-B001-151,Toilet-(Swanson Station Park),Swanson Station Park,Public Toilet,Building Level 3,Waitakere Ranges,Waitakere Ranges,450000.0,3,0.0,0.0,1,Damage Unlikely,True,False,False,False,False,0,No elevated flag
park-866,21244-B001-151,Toilet-Top Of Reserve,Te Toro Recreation Reserve,Public Toilet,Building Level 3,Franklin,Franklin,450000.0,3,0.0,0.0,1,Very Low,True,False,False,False,False,0,No elevated flag
park-867,21244-B001-152,Changing room area,Te Toro Recreation Reserve,Changing Shed,Building Level 3,Franklin,Franklin,650000.0,2,0.0,0.0,1,Very Low,True,False,False,False,False,0,No elevated flag
park-869,22396-B001-151,Toilet-Excloo Creek Lane,Creek Lane,Public Toilet,Building Level 3,Rodney,Rodney,450000.0,3,0.0,0.0,1,Damage Unlikely,True,False,False,False,False,0,No elevated flag
park-870,10537-B002-151,Toilet-(Puni Rec Reserve) attached to RC,Puni Recreation Reserve,Public Toilet,Building Level 3,Franklin,Franklin,450000.0,3,0.0,0.0,1,Very Low,True,False,False,False,False,0,No elevated flag
park-871,21848-B001-151,Toilet-In Parking Area By Picnic Table,Signal Station Reserve,Public Toilet,Building Level 3,Franklin,Franklin,450000.0,3,0.0,0.0,1,Damage Unlikely,True,False,False,False,False,0,No elevated flag
park-874,11175-B001-151,Drury Library,Drury Library & Hall,Library Rural,Building Level 3,Papakura,Papakura,5000000.0,4,0.0,0.0,1,Damage Unlikely,True,False,False,False,False,0,No elevated flag
park-875,20119-B001-151,Toilet-Long Drop NE Side Of Lake Ototoa,Streetscape - Rodney,Public Toilet,Building Level 3,Rodney,Rodney,450000.0,3,0.0,0.0,1,Very Low,True,False,False,False,False,0,No elevated flag
park-878,10443-B004-151,"Toilet - R3, Rakino Island",Rakino Island Community Hall & Toilets,Public Toilet,Building Level 3,Waiheke,Waiheke-Great Barrier,450000.0,3,0.0,0.0,1,Very Low,True,False,False,False,False,0,No elevated flag
park-879,10489-B014-151,Composting Toilet Pae O Te Rangi - Wtkn,Waitakere North Regional Park,Public Toilet,Building Level 3,Waitakere Ranges,Waitakere Ranges,450000.0,3,0.0,0.0,1,Very Low,True,False,False,False,False,0,No elevated flag
park-88,10167-B002-100,Toia Otahuhu Pataka Korero Library,Fairburn Reserve,Library,Building Level 3,Mangere-Otahuhu,Mangere-Otahuhu,15000000.0,5,0.0,0.0,1,Very Low,True,False,False,False,False,0,No elevated flag
park-882,20110-B002-151,Toilet-Building - Behind Glendene,Streetscape - Henderson-Massey,Public Toilet,Building Level 3,Henderson-Massey,Henderson-Massey,450000.0,3,0.0,0.0,1,Very Low,True,False,False,False,False,0,No elevated flag
park-883,10623-B001-152,Tupu Youth Library Community Space,Fergusson Oaks Reserve,Library,Building Level 3,Otara-Papatoetoe,Otara-Papatoetoe,15000000.0,5,0.0,0.0,1,Damage Unlikely,True,False,False,False,False,0,No elevated flag
park-884,10179-B009-151,Toilet Block - below Kiosk,Maungawhau/Mount Eden,Public Toilet,Building Level 3,Albert-Eden,Albert-Eden,450000.0,3,0.0,0.0,1,Very Low,True,False,False,False,False,0,No elevated flag
park-887,10167-B002-152,Meeting room A Venue for hire,Fairburn Reserve,Library,Building Level 3,Mangere-Otahuhu,Mangere-Otahuhu,15000000.0,5,0.0,0.0,1,Very Low,True,False,False,False,False,0,No elevated flag
park-888,10879-B006-152,Toilet-Hayman Park-5 Unisex,Hayman Park,Public Toilet,Building Level 3,Otara-Papatoetoe,Otara-Papatoetoe,450000.0,3,0.0,0.0,1,Damage Unlikely,True,False,False,False,False,0,No elevated flag
park-89,10239-B001-151,Toilet - T37 (Thompson Park),Thompson Park,Public Toilet,Building Level 3,Maungakiekie-Tamaki,Maungakiekie-Tamaki,450000.0,3,0.0,0.0,1,Very Low,True,False,False,False,False,0,No elevated flag
park-890,10892-B012-101,Totara Park Toilet Blk (Pool Complex),Totara Park,Public Toilet,Building Level 3,Manurewa,Manurewa,450000.0,3,0.0,0.0,1,Very Low,True,False,False,False,False,0,No elevated flag
park-891,10479-B020-152,Woolshed Toilet,Te Haruhi/Shakespear Regional Park,Public Toilet,Building Level 3,Hibiscus and Bays,Hibiscus and Bays,450000.0,3,0.0,0.0,1,Very Low,True,False,False,False,False,0,No elevated flag
park-893,10647-B002-157,Manurewa Library - Community Room,Manurewa Library Complex Grounds,Library,Building Level 3,Manurewa,Manurewa,15000000.0,5,0.0,0.0,1,Damage Unlikely,True,False,False,False,False,0,No elevated flag
park-894,10870-B002-153,meeting room Venue for hire,Manukau Library - Third Party,Library,Building Level 3,Otara-Papatoetoe,Otara-Papatoetoe,15000000.0,5,0.0,0.0,1,Damage Unlikely,True,False,False,False,False,0,No elevated flag
park-895,22130-B001-151,Deep Creek Reserve Toilets,Deep Creek Reserve,Public Toilet,Building Level 3,Hibiscus and Bays,Hibiscus and Bays,450000.0,3,0.0,0.0,1,Very Low,True,False,False,False,False,0,No elevated flag
park-896,23435-B155-101,Toilet-Old Papatoetoe Mall cprk-Exeloo,Old Papatoetoe Mall & Hall Grounds,Public Toilet,Building Level 3,Otara-Papatoetoe,Otara-Papatoetoe,450000.0,3,0.0,0.0,1,Damage Unlikely,True,False,False,False,False,0,No elevated flag
park-897,23222-B003-105,Otara Library,Otara Town Centre,Library,Building Level 3,Otara-Papatoetoe,Otara-Papatoetoe,15000000.0,5,0.0,0.0,1,Damage Unlikely,True,False,False,False,False,0,No elevated flag
park-898,10478-B016-151,Toilet Te Muri Beach Front - Mahu,Te Muri Regional Park,Public Toilet,Building Level 3,Rodney,Rodney,450000.0,3,0.0,0.0,0,Not mapped,False,False,False,False,False,0,No elevated flag
park-899,11053-B001-151,Bay City Park Public Toilets,Bay City Park,Public Toilet,Building Level 3,Upper Harbour,Upper Harbour,450000.0,3,0.0,0.0,1,Very Low,True,False,False,False,False,0,No elevated flag
park-90,10241-B002-151,Toilet - T26 (Konini Reserve),Konini Reserve,Public Toilet,Building Level 3,Maungakiekie-Tamaki,Maungakiekie-Tamaki,450000.0,3,0.0,0.0,1,Very Low,True,False,False,False,False,0,No elevated flag
park-900,20888-B001-151,Jean Sampson Public Toilets,Jean Sampson Reserve,Public Toilet,Building Level 3,Kaipatiki,Kaipatiki,450000.0,3,0.0,0.0,1,Very Low,True,False,False,False,False,0,No elevated flag
park-901,21651-B002-151,Toilet-Boggust Park-Exeloo,Boggust Park,Public Toilet,Building Level 3,Mangere-Otahuhu,Mangere-Otahuhu,450000.0,3,0.0,0.0,1,Damage Unlikely,True,False,False,False,False,0,No elevated flag
park-902,10378-B005-151,Toilet - Summit Drive Entrance,Owairaka/Mount Albert,Public Toilet,Building Level 3,Albert-Eden,Albert-Eden,450000.0,3,0.0,0.0,1,Very Low,True,False,False,False,False,0,No elevated flag
park-903,10838-B003-151,Keith Park Toilet Block - Exeloo,Keith Park,Public Toilet,Building Level 3,Manurewa,Manurewa,450000.0,3,0.0,0.0,1,Damage Unlikely,True,False,False,False,False,0,No elevated flag
park-904,11395-L100-230-EXW-001,PS_Dog Agility Course,Corban Reserve,Dog Agility Course,Dog Agility,Henderson-Massey,Henderson-Massey,120000.0,2,0.0,0.0,1,Damage Unlikely,True,False,False,False,False,0,No elevated flag
park-905,10348-B006-151,Toilet - W49-R (Western Springs),Western Springs Lakeside,Public Toilet,Building Level 3,Waitemata,Waitemata,450000.0,3,0.0,0.0,1,Very Low,True,False,False,False,False,0,No elevated flag
park-906,10586-B006-151,Beachlands Domain Exeloo Toilet/Change,Beachlands Domain,Toilet/Changing,Building Level 3,Franklin,Franklin,800000.0,3,0.0,0.0,1,Damage Unlikely,True,False,False,False,False,0,No elevated flag
park-908,10155-B010-151,Public Toilets,Grey Lynn Park,Public Toilet,Building Level 3,Waitemata,Waitemata,450000.0,3,0.0,0.0,1,Very Low,True,False,False,False,False,0,No elevated flag
park-909,22308-B004-101,Changing Rooms,Warkworth Showgrounds,Changing Shed,Building Level 3,Rodney,Rodney,650000.0,2,0.0,0.0,1,Very Low,True,False,False,False,False,0,No elevated flag
park-910,24365-B001-151,Toilet-(Opaheke Sports Park)Clubhouse,Opaheke Sports Park,Public Toilet,Building Level 3,Papakura,Papakura,450000.0,3,0.0,0.0,1,Damage Unlikely,True,False,False,False,False,0,No elevated flag
park-912,10407-B003-151,Toilet - near Playground,Mt Wellington War Memorial Reserve,Public Toilet,Building Level 3,Maungakiekie-Tamaki,Maungakiekie-Tamaki,450000.0,3,0.0,0.0,1,Very Low,True,False,False,False,False,0,No elevated flag
park-913,10211-B002-151,Toilet Exeloo 3-Pan Orbit Lynfield Res,Lynfield Reserve,Public Toilet,Building Level 3,Puketapapa,Puketapapa,450000.0,3,0.0,0.0,1,Very Low,True,False,False,False,False,0,No elevated flag
park-914,10656-B004-151,Sunkist Bay New Toilet / Change rooms,Sunkist Bay Reserve,Public Toilet,Building Level 3,Franklin,Franklin,450000.0,3,0.0,0.0,1,Damage Unlikely,True,False,False,False,False,0,No elevated flag
park-915,24858-B031-104,"Ernie Mays St, 1, Northcote - Library",Northcote Town Centre,Library,Building Level 3,Kaipatiki,Kaipatiki,15000000.0,5,0.0,0.0,1,Very Low,True,False,False,False,False,0,No elevated flag
park-916,20054-B002-151,Greville Reserve Toilet/Changeroom,Greville Reserve,Public Toilet,Building Level 3,Devonport-Takapuna,Devonport-Takapuna,450000.0,3,0.0,0.0,1,Very Low,True,False,False,False,False,0,No elevated flag
park-917,10656-B005-151,Toilet - By Beachlands Log Cabin,Sunkist Bay Reserve,Public Toilet,Building Level 3,Franklin,Franklin,450000.0,3,0.0,0.0,1,Damage Unlikely,True,False,False,False,False,0,No elevated flag
park-92,10250-B001-151,Waikowhai Park Unisex Toilet T46,Waikowhai Park,Public Toilet,Building Level 3,Puketapapa,Puketapapa,450000.0,3,0.0,0.0,1,Very Low,True,False,False,False,False,0,No elevated flag
park-920,21270-L100-230-EXW-002,PS_Playground,Wai-O-Taiki Nature Reserve,Playground - Public Access,Playground Location,Maungakiekie-Tamaki,Maungakiekie-Tamaki,300000.0,2,0.0,0.0,1,Very Low,True,False,False,False,False,0,No elevated flag
park-921,32921-L100-230-EXW-001,PS_Playground (Whole)-,Ridgeline Park,Playground - Public Access,Playground Location,Hibiscus and Bays,Hibiscus and Bays,300000.0,2,0.0,0.0,1,Very Low,True,False,False,False,False,0,No elevated flag
park-922,10538-L100-230-EXW-001,PS_Playground - By Soccer Fields,Rosa Birch Park,Playground - Public Access,Playground Location,Franklin,Franklin,300000.0,2,0.0,0.0,1,Very Low,True,False,False,False,False,0,No elevated flag
park-924,23294-L100-230-EXW-001,PS_Playground (Whole),Bonair Crescent Stormwater Pond,Playground - Public Access,Playground Location,Hibiscus and Bays,Hibiscus and Bays,300000.0,2,0.0,0.0,1,Very Low,True,False,False,False,False,0,No elevated flag
park-928,20280-L100-230-EXW-001,PS_Playground,Constellation Park,Playground - Public Access,Playground Location,Franklin,Franklin,300000.0,2,0.0,0.0,1,Very Low,True,False,False,False,False,0,No elevated flag
park-929,10659-L100-230-EXW-002,PS_Playground,Manurewa War Memorial Park,Playground - Public Access,Playground Location,Manurewa,Manurewa,300000.0,2,0.0,0.0,1,Damage Unlikely,True,False,False,False,False,0,No elevated flag
park-93,10252-B001-151,Toilet - E20 (Richardson Rd Carpark),Carpark - Richardson Road,Public Toilet,Building Level 3,Puketapapa,Puketapapa,450000.0,3,0.0,0.0,1,Very Low,True,False,False,False,False,0,No elevated flag
park-930,33515-L100-230-EXW-L01,PS_Playground,Parkland at Arrowsmith Drive 43 - Temp,Playground - Public Access,Playground Location,Howick,Howick,300000.0,2,0.0,0.0,1,Very Low,True,False,False,False,False,0,No elevated flag
park-931,33364-L100-230-EXW-001,PS_Playground,Eugenia Rise Development,Playground - Public Access,Playground Location,Manurewa,Manurewa,300000.0,2,0.0,0.0,1,Very Low,True,False,False,False,False,0,No elevated flag
park-932,33437-L100-230-EXW-L01,PS_Playground,Papa Takaro Reserve,Playground - Public Access,Playground Location,Papakura,Papakura,300000.0,2,0.0,0.0,1,Damage Unlikely,True,False,False,False,False,0,No elevated flag
park-934,33584-L100-230-EXW-001,PS_Playground (Whole)-,Harrier Point Park-TEMP,Playground - Public Access,Playground Location,Upper Harbour,Upper Harbour,300000.0,2,0.0,0.0,1,Very Low,True,False,False,False,False,0,No elevated flag
park-936,23515-L100-230-EXW-001,PS_Playground (Whole)-,Alexander Recreation Reserve,Playground - Public Access,Playground Location,Rodney,Rodney,300000.0,2,0.0,0.0,1,Very Low,True,False,False,False,False,0,No elevated flag
park-937,20233-L100-230-EXW-001,PS_Playground,Derrimore Park,Playground - Public Access,Playground Location,Otara-Papatoetoe,Otara-Papatoetoe,300000.0,2,0.0,0.0,1,Very Low,True,False,False,False,False,0,No elevated flag
park-938,22487-L100-230-EXW-001,PS_Playground,Dalmatia Green,Playground - Public Access,Playground Location,Henderson-Massey,Henderson-Massey,300000.0,2,0.0,0.0,1,Damage Unlikely,True,False,False,False,False,0,No elevated flag
park-939,10942-L100-230-EXW-001,PS_Playground - Kauri Kids,Takapuna Aquatic Centre Building,Playground - Exclusive Access,Playground Location,Devonport-Takapuna,Devonport-Takapuna,300000.0,2,0.0,0.0,1,Very Low,True,False,False,False,False,0,No elevated flag
park-940,10926-L100-230-EXW-002,PS_Playground - Kauri Kids,Shepherds Park,Playground - Exclusive Access,Playground Location,Kaipatiki,Kaipatiki,300000.0,2,0.0,0.0,1,Very Low,True,False,False,False,False,0,No elevated flag
park-942,10953-L100-230-EXW-001,PS_Playground - Kauri Kids,Birkdale Community House and Kauri Kids,Playground - Exclusive Access,Playground Location,Kaipatiki,Kaipatiki,300000.0,2,0.0,0.0,1,Very Low,True,False,False,False,False,0,No elevated flag
park-943,20057-L100-230-EXW-001,PS_Playground (Whole)-,Island Bay Reserve,Playground - Public Access,Playground Location,Kaipatiki,Kaipatiki,300000.0,2,0.0,0.0,0,Not mapped,False,False,False,False,False,0,No elevated flag
park-946,22216-L100-230-EXW-001,PS_Playground (Whole)-,Cumberland Street Reserve,Playground - Public Access,Playground Location,Rodney,Rodney,300000.0,2,0.0,0.0,1,Very Low,True,False,False,False,False,0,No elevated flag
park-947,22731-L100-230-EXW-001,PS_Playground,Keryn Reserve,Playground - Public Access,Playground Location,Papakura,Papakura,300000.0,2,0.0,0.0,1,Damage Unlikely,True,False,False,False,False,0,No elevated flag
park-949,11180-L100-230-EXW-001,PS_Playground,Central Park Reserve,Playground - Public Access,Playground Location,Papakura,Papakura,300000.0,2,0.0,0.0,1,Damage Unlikely,True,False,False,False,False,0,No elevated flag
park-95,10199-B001-151,Toilet - E21(Seymour Park),Seymour Park,Public Toilet,Building Level 3,Puketapapa,Puketapapa,450000.0,3,0.0,0.0,1,Very Low,True,False,False,False,False,0,No elevated flag
park-950,21686-L100-230-EXW-001,PS_Playground,Caithness Park,Playground - Public Access,Playground Location,Howick,Howick,300000.0,2,0.0,0.0,1,Very Low,True,False,False,False,False,0,No elevated flag
park-951,22338-L100-230-EXW-001,PS_Playground (Whole)-,Worthington Road Reserve,Playground - Public Access,Playground Location,Rodney,Rodney,300000.0,2,0.0,0.0,1,Very Low,True,False,False,False,False,0,No elevated flag
park-952,21073-L100-230-EXW-001,PS_Playground (Whole)-,Linwood Reserve,Playground - Public Access,Playground Location,Devonport-Takapuna,Devonport-Takapuna,300000.0,2,0.0,0.0,1,Very Low,True,False,False,False,False,0,No elevated flag
park-953,22821-L100-230-EXW-001,PS_Playground,Finlayson Park (Maplesden Drive),Playground - Public Access,Playground Location,Manurewa,Manurewa,300000.0,2,0.0,0.0,1,Damage Unlikely,True,False,False,False,False,0,No elevated flag
park-954,11033-L100-230-EXW-001,PS_Playground (Whole)-,"Lindisfarne Park, NgÄ KÅrari",Playground - Public Access,Playground Location,Kaipatiki,Kaipatiki,300000.0,2,0.0,0.0,1,Damage Unlikely,True,False,False,False,False,0,No elevated flag
park-955,20853-L100-230-EXW-001,PS_Playground (Whole)-,Luckens Reserve,Playground - Public Access,Playground Location,Upper Harbour,Upper Harbour,300000.0,2,0.0,0.0,1,Damage Unlikely,True,False,False,False,False,0,No elevated flag
park-956,20220-L100-230-EXW-001,PS_Playground,Waitoa Reserve,Playground - Public Access,Playground Location,Franklin,Franklin,300000.0,2,0.0,0.0,1,Damage Unlikely,True,False,False,False,False,0,No elevated flag
park-957,22308-L100-230-EXW-001,PS_Playground (Whole)-,Warkworth Showgrounds,Playground - Public Access,Playground Location,Rodney,Rodney,300000.0,2,0.0,0.0,1,Very Low,True,False,False,False,False,0,No elevated flag
park-958,23654-L100-230-EXW-001,PS_Playground (Whole)-,Major Henry Greens,Playground - Public Access,Playground Location,Hibiscus and Bays,Hibiscus and Bays,300000.0,2,0.0,0.0,1,Very Low,True,False,False,False,False,0,No elevated flag
park-959,21220-L100-230-EXW-001,PS_Playground,Emerald Valley Park,Playground - Public Access,Playground Location,Henderson-Massey,Henderson-Massey,300000.0,2,0.0,0.0,1,Very Low,True,False,False,False,False,0,No elevated flag
park-96,10199-B002-151,Toilet - E28 - Changing Rooms,Seymour Park,Toilet/Changing,Building Level 3,Puketapapa,Puketapapa,800000.0,3,0.0,0.0,1,Very Low,True,False,False,False,False,0,No elevated flag
park-960,21644-L100-230-EXW-001,PS_Playground,Dickey Reserve,Playground - Public Access,Playground Location,Whau,Whau,300000.0,2,0.0,0.0,1,Very Low,True,False,False,False,False,0,No elevated flag
park-961,11374-L100-230-EXW-001,PS_Playground,Triangle Park,Playground - Public Access,Playground Location,Henderson-Massey,Henderson-Massey,300000.0,2,0.0,0.0,1,Very Low,True,False,False,False,False,0,No elevated flag
park-963,10396-L100-230-EXW-002,PS_Playground Flying Fox,Mt Albert War Memorial Reserve,Playground - Public Access,Playground Location,Albert-Eden,Albert-Eden,300000.0,2,0.0,0.0,1,Very Low,True,False,False,False,False,0,No elevated flag
park-964,20812-L100-230-EXW-001,PS_Playground,Arline Schutz Park (Halver Park),Playground - Public Access,Playground Location,Manurewa,Manurewa,300000.0,2,0.0,0.0,1,Damage Unlikely,True,False,False,False,False,0,No elevated flag
park-965,22223-L100-230-EXW-001,PS_Playground (Whole)-,Exeter Reserve,Playground - Public Access,Playground Location,Upper Harbour,Upper Harbour,300000.0,2,0.0,0.0,1,Very Low,True,False,False,False,False,0,No elevated flag
park-966,22604-L100-230-EXW-001,PS_Playground (Whole)-,Ferry Rd/ Hawaiian Pde Junction,Playground - Public Access,Playground Location,Hibiscus and Bays,Hibiscus and Bays,300000.0,2,0.0,0.0,1,Very Low,True,False,False,False,False,0,No elevated flag
park-967,21722-L100-230-EXW-001,PS_Playground,Rangitoto Park,Playground - Public Access,Playground Location,Otara-Papatoetoe,Otara-Papatoetoe,300000.0,2,0.0,0.0,1,Damage Unlikely,True,False,False,False,False,0,No elevated flag
park-968,20886-L100-230-EXW-001,PS_Playground,Lone Tree Park,Playground - Public Access,Playground Location,Henderson-Massey,Henderson-Massey,300000.0,2,0.0,0.0,1,Damage Unlikely,True,False,False,False,False,0,No elevated flag
park-969,10745-L100-230-EXW-001,PS_Playground,Jellicoe Park,Playground - Public Access,Playground Location,Manurewa,Manurewa,300000.0,2,0.0,0.0,1,Damage Unlikely,True,False,False,False,False,0,No elevated flag
park-973,10715-L151-230-EXW-001,PS_Playground,Clevedon Community Centre Grounds,Playground - Public Access,Playground Location,Franklin,Franklin,300000.0,2,0.0,0.0,1,Damage Unlikely,True,False,False,False,False,0,No elevated flag
park-974,22418-L100-230-EXW-001,PS_Playground (Whole)-,Weiti Views Reserve,Playground - Public Access,Playground Location,Hibiscus and Bays,Hibiscus and Bays,300000.0,2,0.0,0.0,1,Very Low,True,False,False,False,False,0,No elevated flag
park-975,20051-L100-230-EXW-001,PS_Playground (Whole)-,Huntly Road Reserve,Playground - Public Access,Playground Location,Hibiscus and Bays,Hibiscus and Bays,300000.0,2,0.0,0.0,1,Damage Unlikely,True,False,False,False,False,0,No elevated flag
park-976,22750-L100-230-EXW-001,PS_Playground,Alex Maich Park (Maich Park),Playground - Public Access,Playground Location,Manurewa,Manurewa,300000.0,2,0.0,0.0,1,Damage Unlikely,True,False,False,False,False,0,No elevated flag
park-977,22254-L151-230-EXW-001,PS_Playground (Whole)-,Bonito Scenic Reserve,Playground - Public Access,Playground Location,Kaipatiki,Kaipatiki,300000.0,2,0.0,0.0,1,Very Low,True,False,False,False,False,0,No elevated flag
park-978,11101-L151-230-EXW-001,PS_Playground (Whole)-,Taiaotea Reserve/Bayside Drive,Playground - Public Access,Playground Location,Hibiscus and Bays,Hibiscus and Bays,300000.0,2,0.0,0.0,1,Very Low,True,False,False,False,False,0,No elevated flag
park-98,10218-B001-152,Changing Room,Glover Park,Changing Shed,Building Level 3,Orakei,Orakei,650000.0,2,0.0,0.0,1,Very Low,True,False,False,False,False,0,No elevated flag
park-980,22484-L100-230-EXW-001,PS_Playground,Cutler Reserve,Playground - Public Access,Playground Location,Whau,Whau,300000.0,2,0.0,0.0,1,Very Low,True,False,False,False,False,0,No elevated flag
park-981,11381-L100-230-EXW-001,PS_Playground,Glen Norman Reserve,Playground - Public Access,Playground Location,Henderson-Massey,Henderson-Massey,300000.0,2,0.0,0.0,1,Damage Unlikely,True,False,False,False,False,0,No elevated flag
park-983,22304-L100-230-EXW-001,PS_Playground (Whole)-,Bronzewing Reserve,Playground - Public Access,Playground Location,Upper Harbour,Upper Harbour,300000.0,2,0.0,0.0,1,Very Low,True,False,False,False,False,0,No elevated flag
park-985,22398-L100-230-EXW-001,PS_Playground (Whole)-,Helensville Civic Centre Grounds,Playground - Public Access,Playground Location,Rodney,Rodney,300000.0,2,0.0,0.0,1,Damage Unlikely,True,False,False,False,False,0,No elevated flag
park-986,21635-L100-230-EXW-001,PS_Playground,Rock Daisy Crescent Reserve,Playground - Public Access,Playground Location,Mangere-Otahuhu,Mangere-Otahuhu,300000.0,2,0.0,0.0,1,Very Low,True,False,False,False,False,0,No elevated flag
park-987,22563-L100-230-EXW-001,PS_Playground,St Margarets Park,Playground - Public Access,Playground Location,Henderson-Massey,Henderson-Massey,300000.0,2,0.0,0.0,1,Very Low,True,False,False,False,False,0,No elevated flag
park-988,22574-L100-230-EXW-001,PS_Playground,Taitapu Park,Playground - Public Access,Playground Location,Henderson-Massey,Henderson-Massey,300000.0,2,0.0,0.0,1,Very Low,True,False,False,False,False,0,No elevated flag
park-99,10239-B001-152,Changing Rooms,Thompson Park,Changing Shed,Building Level 3,Maungakiekie-Tamaki,Maungakiekie-Tamaki,650000.0,2,0.0,0.0,1,Very Low,True,False,False,False,False,0,No elevated flag
park-992,22352-L100-230-EXW-001,PS_Playground,Wilencote Reserve,Playground - Public Access,Playground Location,Papakura,Papakura,300000.0,2,0.0,0.0,1,Damage Unlikely,True,False,False,False,False,0,No elevated flag
park-993,22301-L100-230-EXW-001,PS_Playground (Whole)-,Bluebird Reserve,Playground - Public Access,Playground Location,Upper Harbour,Upper Harbour,300000.0,2,0.0,0.0,1,Very Low,True,False,False,False,False,0,No elevated flag
park-994,22969-L100-230-EXW-001,PS_Playground,Mcintosh Park,Playground - Public Access,Playground Location,Papakura,Papakura,300000.0,2,0.0,0.0,1,Very Low,True,False,False,False,False,0,No elevated flag
park-995,21660-L100-230-EXW-001,PS_Playground,Fonteyn Reserve,Playground - Public Access,Playground Location,Whau,Whau,300000.0,2,0.0,0.0,1,Damage Unlikely,True,False,False,False,False,0,No elevated flag
park-996,11460-L100-230-EXW-002,PS_Playground Treetops,Tui Glen Reserve,Playground - Public Access,Playground Location,Henderson-Massey,Henderson-Massey,300000.0,2,0.0,0.0,1,Damage Unlikely,True,False,False,False,False,0,No elevated flag
park-997,21863-L100-230-EXW-001,PS_Playground (Whole)-,Pin Oak Reserve,Playground - Public Access,Playground Location,Upper Harbour,Upper Harbour,300000.0,2,0.0,0.0,1,Very Low,True,False,False,False,False,0,No elevated flag
park-998,20636-L100-230-EXW-001,PS_Playground,Martin Jugum Reserve,Playground - Public Access,Playground Location,Henderson-Massey,Henderson-Massey,300000.0,2,0.0,0.0,1,Damage Unlikely,True,False,False,False,False,0,No elevated flag
park-999,21116-L100-230-EXW-001,PS_Playground,Glendene Reserve,Playground - Public Access,Playground Location,Henderson-Massey,Henderson-Massey,300000.0,2,0.0,0.0,1,Very Low,True,False,False,False,False,0,No elevated flag
